idx,subject,name,verdict,node_slug,point_name,kind,parent_hint,material_title,material_type,material_summary,material_content,material_boundary,evidence,reason
3520,BIOLOGY,分离定律的特殊类型,COVERED,,,,,,,,,,命中节点 分离定律的特殊类型；definition 为四张基因型—表型对应表，分别由 ext-bio-991abe863c-011（从性遗传与伴性遗传的区别：从性遗传基因在常染色体上但表现型受性别影响，对应公羊有角、母羊无角的羊角表）、ext-bio-991abe863c-010 与 ext-bio-92da75f520-006（复等位基因遗传以ABO血型为例、复等位基因，对应血型与基因型 I^A、I^B、i 表）、ext-bio-991abe863c-013 与 bio-fx-phenocopy-identify（表型模拟与环境对表型的影响：表型＝基因型＋环境，对应 20℃ 正常翅、0℃ 残翅的温度—翅型表）覆盖；全量索引检索 从性遗传 14 条、复等位基因 11 条、表型模拟 4 条均有命中。,
3521,BIOLOGY,孟德尔的豌豆杂交实验过程分析,COVERED,,,,,,,,,,命中节点 孟德尔的豌豆杂交实验过程分析（29 条材料）；definition 为果面有蜡粉×无蜡粉的杂交实验数据表（P1 30:0、P2 0:30、F1 523:0、F2 430:144），其所考查的一对相对性状杂交实验过程与 F2 约 3∶1 的分离分析由 ext-bio-991abe863c-002（一对相对性状杂交实验的假说—演绎过程）、bio-mo-heredity-014（F2 表型比显性∶隐性＝3∶1）、bio-mo-heredity-018（遗传定律是统计学规律，只有样本足够大时才有规律性）、bio-mo-heredity-007（判断一对相对性状显隐性的方法是杂交）覆盖。,
3522,BIOLOGY,自由组合定律中的特殊分离比问题分析,COVERED,,,,,,,,,,命中节点 自由组合定律中的特殊分离比问题分析，但 name_hit 属名称误配，definition 实为自由组合假设的填空原文；definition 的实质内容由 bio-mo-heredity-019（孟德尔针对豌豆的两对相对性状杂交实验提出的自由组合假设：F1（YyRr）在产生配子时每对遗传因子彼此分离、不同对的遗传因子可以自由组合）、bio-mo-heredity-025（YyRr 产生的配子是 YR、Yr、yR、yr，比值为 1∶1∶1∶1）、ext-bio-451d5c3142-003b（自由组合定律的内容、实质与适用范围）、bio-kb-independent-assortment-hypothesis-content（对自由组合现象解释的假说要点）覆盖。,
3523,BIOLOGY,孟德尔两对相对性状的杂交实验,COVERED,,,,,,,,,,命中节点 孟德尔两对相对性状的杂交实验（18 条材料）；definition 为第16讲该考点的纲要（提出问题—实验结果及分析—提出假说—理论解释），由 ext-bio-dbce67b1b0-002（两对相对性状杂交实验的假说—演绎：从实验现象到假说再到测交验证）、ext-bio-1446061363-003b（两对相对性状杂交实验的假说与测交验证）、ext-bio-9f2a9cc9b9-001b（两对相对性状杂交 F2 的结果分析：9 种基因型、4 种表型）、bio-kb-hypothesis-deduction-method（假说—演绎法的流程）覆盖。,
3524,BIOLOGY,自由组合定律的内容,COVERED,,,,,,,,,,命中节点 自由组合定律的内容；definition 的研究对象（位于非同源染色体上的非等位基因）、发生时间（减数分裂Ⅰ后期）、实质与适用范围由 ext-bio-451d5c3142-003b（自由组合定律的内容、实质与适用范围：表述、发生时间、细胞学基础及其适用与不适用情形）、ext-bio-9f29504169-001（自由组合定律的内容与验证）、bio-kb2-16-independent-assortment-essence 与 bio-fj-16-independent-assortment-essence（减Ⅰ后期同源染色体上等位基因分离的同时、非同源染色体上的非等位基因自由组合）覆盖。,
3525,BIOLOGY,孟德尔规律的应用,COVERED,,,,,,,,,,命中节点 孟德尔规律的应用；definition 的植物育种纯合子培育实例（抗倒伏易染条锈病 DDTT × 易倒伏抗条锈病 ddtt）由 ext-bio-9f2a9cc9b9-006（植物育种中的纯合子培育：纯系杂交得 F1，F1 多代自交并逐代筛选，最终得到稳定遗传的抗倒伏抗病新品种 DDtt）覆盖；育种与医学应用的一般结论由 ext-bio-eaaa47c6d7-007b（选育显性纯合子需连续自交至不发生性状分离）、ext-bio-451d5c3142-004（孟德尔规律的应用与实验材料的选择）、ext-bio-98acc0ecdc-005b 覆盖。,
3526,BIOLOGY,技巧：,REJECT,,,,,,,,,,definition 为 AaBbCc×AaBbCC 的配子种类数、配子结合方式与子代基因型种类数、子代表型种类数的两列方法表格残片（含 8×4＝32 种结合方式、AaBBcc 概率 1/16 等结论）；该内容已由节点 自由组合定律的解题规律及方法 的 ext-bio-451d5c3142-008（拆分法求解自由组合的计算问题：把多对基因问题拆成若干分离定律问题，再用乘法原理组合出配子、基因型与表型的种类和概率）、ext-bio-1446061363-003c（拆分法：先把多对等位基因拆成每对单独分析，再把基因型种类数、表型种类数与比例分别相乘）与节点 自由组合定律 的 bio-kb-multigene-gamete-and-combination-calc（多对基因的配子种类与结合方式计算：按每对基因分别计算再相乘）覆盖；name 为不完整标题、mech=unmatched 且无命中节点。,条目名「技巧：」是截断的栏目名（不完整标题），definition 为方法表格残片且含填空，不能独立成考点；其知识已由既有材料覆盖，删除该候选不丢知识。
3527,BIOLOGY,技巧“实验数据”与“9:3:3:1及其变式”间的转化方法,GAP,技巧-实验数据-与-9-3-3-1及其变式-间的转化方法,,,,显性上位 12∶3∶1 的成因与测交后代比例,METHOD_MODEL,一对基因的显性基因存在时掩盖另一对基因的表达，F₂ 的 A_B_ 与 A_bb 并为 12、aaB_ 为 3、aabb 为 1，测交后代为 2∶1∶1。,①成因：A 基因存在时即表现其控制的性状并掩盖 B 基因的表达（显性上位），故 A_B_（9 份）与 A_bb（3 份）合并为同一表现，aaB_ 为另一表现（3 份），aabb 为第三种表现（1 份），F₂ 比例为 12∶3∶1。\n②测交：AaBb 与 aabb 测交，后代 AaBb 与 Aabb 归入 12 类、aaBb 为 3 类、aabb 为 1 类，即 2∶1∶1。\n③判读：子代比例之和为 16 且出现 12 时按显性上位归组，由归组方式反推 F₁ 与亲本基因型，再写出对应的测交比例。,只适用于两对独立遗传的等位基因、且子代比例之和为 16 的情形；12∶3∶1（显性上位）与 13∶3（抑制基因）、9∶3∶4（隐性上位）的归组方式不同，不可互推；不涉及三对及以上基因、连锁互换或不完全致死的情形。,补入节点 技巧-实验数据-与-9-3-3-1及其变式-间的转化方法（包内节点名 “9∶3∶3∶1”及其变式的转化方法，name 含引号致 mech=unmatched）；definition 为 AaBb 自交后代比例与测交后代比例的对照表（9∶6∶1／1∶2∶1、9∶7／1∶3、9∶3∶4／1∶1∶2、15∶1／3∶1、12∶3∶1／2∶1∶1、13∶3／3∶1 与累加效应 1∶4∶6∶4∶1）；逐项核对全量索引：9∶6∶1 由 bio-ratio-9-6-1-entry、9∶7 由 bio-ratio-9-7-entry、9∶3∶4 由 bio-ratio-9-3-4-entry、15∶1 由 bio-ratio-15-1-entry、13∶3 由 bio-ratio-13-3-entry、累加效应 1∶4∶6∶4∶1 由 bio-fj-16-additive-gene-effect 与 ext-bio-451d5c3142-016 覆盖，唯 12∶3∶1 及其测交 2∶1∶1 在全量索引中检索 12∶3∶1（含半角与全角冒号等写法）均 0 条、显性上位 0 条，故判 GAP 补材料。,
3528,BIOLOGY,个体或配子致死问题的处理(规律方法),GAP,个体或配子致死问题的处理-规律方法,,,,隐性纯合致死 3∶1 与单显性配子致死 3∶1∶3∶1,METHOD_MODEL,某对基因隐性纯合致死时 F₂ 只剩 9∶3 即 3∶1；含单个显性基因（A 或 B）的配子致死时 F₂ 呈 3∶1∶3∶1。,①隐性纯合致死（aa 或 bb 致死）：F₂ 中含该隐性纯合的两组（aaB_ 与 aabb）死亡，存活个体只有 A_B_ 与 A_bb，比例为 9∶3，即 3∶1；若致死的是双隐性 aabb，则 F₂ 为 9∶3∶3。\n②含单个显性基因的配子致死：F₁ 产生的 AB 与 Ab（或 AB 与 aB）配子死亡，存活配子按棋盘法重新组合，F₂ 表现为 A_B_∶A_bb∶aaB_∶aabb＝3∶1∶3∶1。\n③处理顺序：先按分离定律写出全部组合，再划去致死配子或致死合子所在的行列，最后以存活个体为分母重新归一化。,只讨论两对独立遗传基因、且致死发生在合子阶段或配子阶段的情形；配子不完全致死（致死率非 100%）与伴性遗传中的致死另有算法，不能直接套用本条的整齐比例，也不适用于涉及三对及以上基因或连锁的情形。,补入节点 个体或配子致死问题的处理-规律方法（包内真实节点，31 条材料）；definition 为致死原因与 AaBb 自交后代性状分离比的对照表（显性纯合致死 6:2:3:1、4:2:2:1；隐性纯合致死 3:1、9:3:3；某种精子致死 3:1:3:1、5:3:3:1、7:3:1:1）；该节点材料已覆盖 4:2:2:1（bio-lethal-aa-and-bb-4-2-2-1）、5:3:3:1（bio-lethal-gamete-ab-5-3-3-1）、7:3:1:1（bio-lethal-gamete-ab-ab-7-1-3-1）与致死处理通法（ext-bio-26746c92ba-081 配子致死与合子致死的对比处理、ext-bio-636de2a928-019 致死与不育类遗传题的解题技巧），6:3:2:1 与 9:3:3 由节点 技巧-实验数据-与-9-3-3-1及其变式-间的转化方法 的 bio-lethal-aa-or-bb-6-3-2-1、bio-lethal-aabb-double-recessive-9-3-3 覆盖；全量索引检索 3:1:3:1 与 含A或B 均 0 条，隐性纯合致死一条库内仅 bio-lethal-single-recessive-9-3-1 涉及且记作 9:3:1（按 9:3:3:1 扣除含 aa 的两组应为 9:3 即 3:1），与本条定义不一致，故判 GAP 补材料。,
3529,BIOLOGY,两对相对性状杂交实验过程,COVERED,,,,,,,,,,命中节点 两对相对性状杂交实验过程；definition 为黄色、绿色、圆粒、皱粒的 F2 个数统计表（25、7、20、12），其逐对分析与数据转化由 wusan-bio-v-82f919b9（两对相对性状杂交实验的数据分析：先分别分析每一对相对性状，再用乘法原理把 9∶3∶3∶1 拆成 (3∶1)(3∶1)）、ext-bio-1446061363-003（两对相对性状杂交实验的现象与逐对分析：F₂ 出现 9∶3∶3∶1，逐对分析可见两对性状各遵循分离定律）、bio-kb2-16-dihybrid-cross-explain（F1 产生四种比例相等的配子，雌雄配子随机结合使 F2 出现 9∶3∶3∶1）覆盖。,
3530,BIOLOGY,遗传系谱图的分析及概率的计算,COVERED,,,,,,,,,,命中节点 遗传系谱图的分析及概率的计算，但 name_hit 属标题与正文错配，definition 实为第17讲的萨顿假说与摩尔根果蝇实验填空；definition 的三处填空（基因由染色体携带着从亲代传递给下一代、依据是基因和染色体的行为存在明显的平行关系、摩尔根用假说—演绎法证明、果蝇易饲养繁殖快且染色体少）由 bio-mo-sex-linked-001（萨顿的推论）、bio-mo-sex-linked-002（摩尔根通过果蝇杂交实验证明了萨顿的推论，实验方法是假说—演绎法）、ext-bio-7b174793ed-001（基因在染色体上的证据与果蝇的优点）覆盖，全量索引检索 萨顿 命中 14 条。,
3531,BIOLOGY,基因位于染色体上的实验证据,COVERED,,,,,,,,,,命中节点 基因位于染色体上的实验证据（32 条材料）；definition 的萨顿假说核心内容、依据、表现以及摩尔根果蝇杂交实验的观察现象与提出假说由 bio-mo-sex-linked-001（萨顿的推论）、bio-mo-sex-linked-002（摩尔根实验方法是假说—演绎法）、ext-bio-7b174793ed-001（基因在染色体上的证据与果蝇的优点）、ext-bio-c98b0853f5-001b（摩尔根果蝇杂交实验的现象与假说：白眼性状总与性别相关联）、ext-bio-f49eeec233-002（摩尔根的关键测交实验与结论）、bio-mo-gene-024 覆盖。,
3532,BIOLOGY,伴性遗传的特点及应用,COVERED,,,,,,,,,,命中节点 伴性遗传的特点及应用（44 条材料）；definition 的性别决定与性染色体传递特点（父亲的 X 只能传给女儿、Y 传给儿子；X2X3 任何一条可来自母亲或父亲、可传给女儿或儿子）由 ext-bio-f49eeec233-003（性别决定类型与性染色体传递特点：XY 型中 XX 为雌性、XY 为雄性，父亲的 X 传给女儿、Y 传给儿子）、ext-bio-c98b0853f5-002b（性染色体的传递规律与区段分析：X、Y 染色体的来源与去向具有方向性）、bio-sex-determination-xy（XY 型性别决定）覆盖；三类伴性遗传的特点与优生应用由 ext-bio-f49eeec233-004b、bio-kb2-17-sex-linked-application、ext-bio-f49eeec233-005 覆盖。,
3533,BIOLOGY,人类遗传病,COVERED,,,,,,,,,,命中节点 人类遗传病（38 条材料）；definition 的概念（由遗传物质改变而引起的人类疾病）、不同类型遗传病的特点及实例、调查发病率与调查遗传方式的方法由 ext-bio-c98b0853f5-003c（人类遗传病的概念与类型）、ext-bio-f49eeec233-006（人类遗传病的类型与实例）、ext-bio-c98b0853f5-003d 与 bio-kb-genetic-disease-survey-method（发病率在广大人群中随机抽样、选发病率较高的单基因遗传病；遗传方式在患者家系中调查）、ext-bio-4d59518957-013b（单基因与多基因遗传病的特点对比）覆盖。,
3534,BIOLOGY,其他性别决定方式简介(深度拓展),COVERED,,,,,,,,,,命中节点 其他性别决定方式简介-深度拓展；definition 为基因型与性别表现的对应表（雄性、雄性、两性、两性、雌性），由基因型决定性别的这一类方式由 bio-fj-17-corn-sex-genes（玉米植株性别由两对基因决定：B_T_ 为雌雄同株异花、bbT_ 为雄株、B_tt 或 bbtt 为雌株）、bio-fx-squash-sex-alleles（喷瓜性别由复等位基因 aD、a＋、ad 决定）、ext-bio-925fb82620-003（除 XY 型外还有 XO 型、ZW 型、染色体组倍数决定以及由基因、温度、激素决定性别的情形）、ext-bio-caaf561994-002b、ext-bio-4d59518957-006 覆盖。,
3535,BIOLOGY,程序法分析遗传系谱图（规律方法）,COVERED,,,,,,,,,,命中节点 程序法分析遗传系谱图-规律方法，但该节点 8 条材料只覆盖系谱图判断程序与口诀（ext-bio-c98b0853f5-004、ext-bio-26746c92ba-084 等）；definition 的两病概率计算公式表（同时患两病、只患甲病、只患乙病、不患病以及患病概率与只患一种病概率的换算）由节点 遗传系谱图的分析及概率的计算 的 bio-kb-two-disease-probability-formulas（已知患甲病概率 m、患乙病概率 n，同时患两病为 mn，只患一种病为 m(1－n)＋n(1－m)）、bio-kb2-16-two-disease-probability、bio-fj-17-two-disease-probability、ext-bio-4d59518957-015b（两病概率计算的集合思想：把两种病的患病情况分成四类后用独立事件相乘）覆盖，全量索引检索 只患一种病 命中该公式材料，故判 COVERED。,
