idx,slug,subject,verdict,node_slug,covering_material_slug,adjudicated_type,material_title,material_content,material_boundary,evidence,reason
1,math-hj-dengbi-Sn-fenduan-taolun,MATH,MERGE_INTO,等差乘等比数列求和-令-可以用错位相减法,math-hj-dengbi-sn-fenduan-taolun,,,,,覆盖材料 math-hj-dengbi-sn-fenduan-taolun（METHOD_MODEL，等比数列求和必讨论 q=1；节点 等差乘等比数列求和-令-可以用错位相减法）；title/summary/content/boundary/applicability 五字段逐字相同,候选 slug 含大写字母，按 slug 精确比对时被判为未入包；实为包内同一材料的大小写变体，五个文本字段与包内逐字相同，无新增信息。
2,math-hj-jueding-xishu-R2,MATH,MERGE_INTO,待定系数法-若已知函数的类型-如一次函数-二次函数等-可用待定系数法,math-hj-jueding-xishu-r2,,,,,覆盖材料 math-hj-jueding-xishu-r2（CONCEPT_EXPLANATION，决定系数 R²；节点 待定系数法-若已知函数的类型-如一次函数-二次函数等-可用待定系数法）；五字段在修复转义损伤后逐字相同（候选侧把 frac/bar/alpha/tan 等宏的转义写成控制字符）,候选 slug 含大写字母而被判未入包，实为包内同一材料的大小写变体；差异仅为候选侧宏转义的控制字符损伤，知识内容与包内相同，无新增信息。
3,math-hj-Snn-dengcha-dengjia,MATH,MERGE_INTO,等差数列与等比数列新背景问题,math-hj-snn-dengcha-dengjia,,,,,覆盖材料 math-hj-snn-dengcha-dengjia（CONCEPT_EXPLANATION，Sn/n 为等差数列与等差数列的等价性；节点 等差数列与等比数列新背景问题）；五字段在修复转义损伤后逐字相同（候选侧把 frac/bar/alpha/tan 等宏的转义写成控制字符）,候选 slug 含大写字母而被判未入包，实为包内同一材料的大小写变体；差异仅为候选侧宏转义的控制字符损伤，知识内容与包内相同，无新增信息。
4,math-hj-s11-deMorgan,MATH,MERGE_INTO,空间向量的数量积及运算律,math-hj-s11-demorgan,,,,,覆盖材料 math-hj-s11-demorgan（METHOD_MODEL，补集与交并的德摩根律；节点 空间向量的数量积及运算律）；title/summary/content/boundary/applicability 五字段逐字相同,候选 slug 含大写字母，按 slug 精确比对时被判为未入包；实为包内同一材料的大小写变体，五个文本字段与包内逐字相同，无新增信息。
5,math-hj-s11-AB-relation,MATH,MERGE_INTO,利用元素与集合的关系求参数,math-hj-s11-ab-relation,,,,,覆盖材料 math-hj-s11-ab-relation（METHOD_MODEL，由集合关系求参数的数轴法；节点 利用元素与集合的关系求参数）；title/summary/content/boundary/applicability 五字段逐字相同,候选 slug 含大写字母，按 slug 精确比对时被判为未入包；实为包内同一材料的大小写变体，五个文本字段与包内逐字相同，无新增信息。
6,math-hj-s46-Asin-params,MATH,MERGE_INTO,端点取值需谨慎-在求参数范围时-要注意边界或区间端点值的检验-从而确定取舍,math-hj-s46-asin-params,,,,,覆盖材料 math-hj-s46-asin-params（METHOD_MODEL，由图象确定 A、b、ω、φ；节点 端点取值需谨慎-在求参数范围时-要注意边界或区间端点值的检验-从而确定取舍）；title/summary/content/boundary/applicability 五字段逐字相同,候选 slug 含大写字母，按 slug 精确比对时被判为未入包；实为包内同一材料的大小写变体，五个文本字段与包内逐字相同，无新增信息。
7,math-fx-shanxing-zhouChang-zuidamianji,MATH,MERGE_INTO,忽略建系的条件而出错,math-fx-shanxing-zhouchang-zuidamianji,,,,,覆盖材料 math-fx-shanxing-zhouchang-zuidamianji（CONCEPT_EXPLANATION，扇形周长一定时面积最大的条件；节点 忽略建系的条件而出错）；五字段在修复转义损伤后逐字相同（候选侧把 frac/bar/alpha/tan 等宏的转义写成控制字符）,候选 slug 含大写字母而被判未入包，实为包内同一材料的大小写变体；差异仅为候选侧宏转义的控制字符损伤，知识内容与包内相同，无新增信息。
8,math-fx-huhu-hubu-youDao,MATH,MERGE_INTO,诱导公式,math-fx-huhu-hubu-youdao,,,,,覆盖材料 math-fx-huhu-hubu-youdao（CONCEPT_EXPLANATION，互余与互补角的诱导公式要点；节点 诱导公式）；五字段在修复转义损伤后逐字相同（候选侧把 frac/bar/alpha/tan 等宏的转义写成控制字符）,候选 slug 含大写字母而被判未入包，实为包内同一材料的大小写变体；差异仅为候选侧宏转义的控制字符损伤，知识内容与包内相同，无新增信息。
9,math-fx-A-omega-phi-yiyi,MATH,MERGE_INTO,函数的周期性,math-fx-a-omega-phi-yiyi,,,,,覆盖材料 math-fx-a-omega-phi-yiyi（CONCEPT_EXPLANATION，$y=A\sin(\omega x+arphi)+k$ 中参数的意义；节点 函数的周期性）；两版知识内容相同，包内版本已丢失 varphi 的转义（写成 arphi）,候选 slug 含大写字母而被判未入包，实为包内同一材料的大小写变体；两版知识内容相同，仅包内版本丢失 varphi 的转义（写作 arphi）而候选版损坏更轻，仍属等价覆盖，建议另行修复包内文本。
10,math-fx-sanjiao-youTu-dingxishi,MATH,MERGE_INTO,换元法-主要用于解决已知的解析式-求函数的解析式的问题,math-fx-sanjiao-youtu-dingxishi,,,,,覆盖材料 math-fx-sanjiao-youtu-dingxishi（METHOD_MODEL，由图象定 $y=A\sin(\omega x+arphi)$ 解析式的“三看”；节点 换元法-主要用于解决已知的解析式-求函数的解析式的问题）；两版知识内容相同，包内版本已丢失 varphi 的转义（写成 arphi）,候选 slug 含大写字母而被判未入包，实为包内同一材料的大小写变体；两版知识内容相同，仅包内版本丢失 varphi 的转义（写作 arphi）而候选版损坏更轻，仍属等价覆盖，建议另行修复包内文本。
11,math-fx-an-yu-Sn-guanxi,MATH,MERGE_INTO,由前几项归纳数列通项的方法,math-fx-an-yu-sn-guanxi,,,,,覆盖材料 math-fx-an-yu-sn-guanxi（METHOD_MODEL，由 $a_n$ 与 $S_n$ 关系求通项的分段法；节点 由前几项归纳数列通项的方法）；两版知识内容相同，差异仅 cases 环境内的空格与换行写法,候选 slug 含大写字母而被判未入包，实为包内同一材料的大小写变体；两版知识内容相同，仅 cases 环境内的空格与换行写法不同，无新增信息。
12,math-fx-dengcha-Sn-bizhi,MATH,MERGE_INTO,等差数列前n项和性质的应用,math-fx-dengcha-sn-bizhi,,,,,覆盖材料 math-fx-dengcha-sn-bizhi（METHOD_MODEL，两个等差数列前 $n$ 项和之比的应用；节点 等差数列前n项和性质的应用）；title/summary/content/boundary/applicability 五字段逐字相同,候选 slug 含大写字母，按 slug 精确比对时被判为未入包；实为包内同一材料的大小写变体，五个文本字段与包内逐字相同，无新增信息。
13,math-fx-dengbi-Sn-xingzhi,MATH,MERGE_INTO,等比数列前项和的常用性质,math-fx-dengbi-sn-xingzhi,,,,,覆盖材料 math-fx-dengbi-sn-xingzhi（CONCEPT_EXPLANATION，等比数列前 $n$ 项和的性质；节点 等比数列前项和的常用性质）；title/summary/content/boundary/applicability 五字段逐字相同,候选 slug 含大写字母，按 slug 精确比对时被判为未入包；实为包内同一材料的大小写变体，五个文本字段与包内逐字相同，无新增信息。
14,math-fx-lieXiang-xiangxiao-gongshi,MATH,MERGE_INTO,数列通项公式的求法,math-fx-liexiang-xiangxiao-gongshi,,,,,覆盖材料 math-fx-liexiang-xiangxiao-gongshi（CONCEPT_EXPLANATION，常见裂项公式集；节点 数列通项公式的求法）；title/summary/content/boundary/applicability 五字段逐字相同,候选 slug 含大写字母，按 slug 精确比对时被判为未入包；实为包内同一材料的大小写变体，五个文本字段与包内逐字相同，无新增信息。
15,math-fx-liangzhixian-jiaodian-panDing,MATH,MERGE_INTO,空间位置关系的向量表示,math-fx-liangzhixian-jiaodian-panding,,,,,覆盖材料 math-fx-liangzhixian-jiaodian-panding（METHOD_MODEL，两直线交点与位置关系的方程组判定；节点 空间位置关系的向量表示）；title/summary/content/boundary/applicability 五字段逐字相同,候选 slug 含大写字母，按 slug 精确比对时被判为未入包；实为包内同一材料的大小写变体，五个文本字段与包内逐字相同，无新增信息。
16,math-fx-yuan-qieXian-lianglei,MATH,MERGE_INTO,圆的方程,math-fx-yuan-qiexian-lianglei,,,,,覆盖材料 math-fx-yuan-qiexian-lianglei（METHOD_MODEL，圆的切线方程的两类求法；节点 圆的方程）；title/summary/content/boundary/applicability 五字段逐字相同,候选 slug 含大写字母，按 slug 精确比对时被判为未入包；实为包内同一材料的大小写变体，五个文本字段与包内逐字相同，无新增信息。
17,math-fx-qieXianChang-gongshi,MATH,MERGE_INTO,圆的切线方程,math-fx-qiexianchang-gongshi,,,,,覆盖材料 math-fx-qiexianchang-gongshi（CONCEPT_EXPLANATION，切线长公式；节点 圆的切线方程）；title/summary/content/boundary/applicability 五字段逐字相同,候选 slug 含大写字母，按 slug 精确比对时被判为未入包；实为包内同一材料的大小写变体，五个文本字段与包内逐字相同，无新增信息。
18,math-fx-xianChang-gongshi-xue,MATH,MERGE_INTO,数列通项公式的求法,math-fx-xianchang-gongshi-xue,,,,,覆盖材料 math-fx-xianchang-gongshi-xue（METHOD_MODEL，直线被圆截得弦长的求法；节点 数列通项公式的求法）；title/summary/content/boundary/applicability 五字段逐字相同,候选 slug 含大写字母，按 slug 精确比对时被判为未入包；实为包内同一材料的大小写变体，五个文本字段与包内逐字相同，无新增信息。
19,math-fx-gonggongxian-gongqieXian,MATH,MERGE_INTO,两曲线的公切线问题,math-fx-gonggongxian-gongqiexian,,,,,覆盖材料 math-fx-gonggongxian-gongqiexian（METHOD_MODEL，两圆的公共弦与公切线；节点 两曲线的公切线问题）；title/summary/content/boundary/applicability 五字段逐字相同,候选 slug 含大写字母，按 slug 精确比对时被判为未入包；实为包内同一材料的大小写变体，五个文本字段与包内逐字相同，无新增信息。
20,math-fx-qianNxiang-ji-fa,MATH,MERGE_INTO,由前几项归纳数列通项的方法,math-fx-qiannxiang-ji-fa,,,,,覆盖材料 math-fx-qiannxiang-ji-fa（METHOD_MODEL，由前 $n$ 项积求数列通项；节点 由前几项归纳数列通项的方法）；title/summary/content/boundary/applicability 五字段逐字相同,候选 slug 含大写字母，按 slug 精确比对时被判为未入包；实为包内同一材料的大小写变体，五个文本字段与包内逐字相同，无新增信息。
21,math-fx-qieXian-zai-moudian,MATH,MERGE_INTO,曲线-在-某点处的切线问题,math-fx-qiexian-zai-moudian,,,,,覆盖材料 math-fx-qiexian-zai-moudian（METHOD_MODEL，求曲线“在”某点处的切线方程；节点 曲线-在-某点处的切线问题）；title/summary/content/boundary/applicability 五字段逐字相同,候选 slug 含大写字母，按 slug 精确比对时被判为未入包；实为包内同一材料的大小写变体，五个文本字段与包内逐字相同，无新增信息。
22,math-fx-qieXian-guo-moudian,MATH,MERGE_INTO,曲线-过-某点的切线问题,math-fx-qiexian-guo-moudian,,,,,覆盖材料 math-fx-qiexian-guo-moudian（METHOD_MODEL，求曲线“过”某点的切线方程（设切点三步法）；节点 曲线-过-某点的切线问题）；title/summary/content/boundary/applicability 五字段逐字相同,候选 slug 含大写字母，按 slug 精确比对时被判为未入包；实为包内同一材料的大小写变体，五个文本字段与包内逐字相同，无新增信息。
23,math-fx-qieXian-canshu-sanguanxi,MATH,MERGE_INTO,利用元素与集合的关系求参数,math-fx-qiexian-canshu-sanguanxi,,,,,覆盖材料 math-fx-qiexian-canshu-sanguanxi（METHOD_MODEL，与切线有关的参数问题（三个关系列方程）；节点 利用元素与集合的关系求参数）；title/summary/content/boundary/applicability 五字段逐字相同,候选 slug 含大写字母，按 slug 精确比对时被判为未入包；实为包内同一材料的大小写变体，五个文本字段与包内逐字相同，无新增信息。
24,math-fx-qieXian-tiaoshu-lingdian,MATH,MERGE_INTO,解决垂直问题-利用-可将垂直问题转化为向量数量积的计算问题,math-fx-qiexian-tiaoshu-lingdian,,,,,覆盖材料 math-fx-qiexian-tiaoshu-lingdian（METHOD_MODEL，切线条数问题转化为方程解的个数；节点 解决垂直问题-利用-可将垂直问题转化为向量数量积的计算问题）；title/summary/content/boundary/applicability 五字段逐字相同,候选 slug 含大写字母，按 slug 精确比对时被判为未入包；实为包内同一材料的大小写变体，五个文本字段与包内逐字相同，无新增信息。
25,math-fx-gongqieXian-fenchao,MATH,MERGE_INTO,两曲线的公切线问题,math-fx-gongqiexian-fenchao,,,,,覆盖材料 math-fx-gongqiexian-fenchao（METHOD_MODEL，两曲线公切线问题的分拆解法；节点 两曲线的公切线问题）；title/summary/content/boundary/applicability 五字段逐字相同,候选 slug 含大写字母，按 slug 精确比对时被判为未入包；实为包内同一材料的大小写变体，五个文本字段与包内逐字相同，无新增信息。
26,math-fx-qieXian-juli-zuixiao,MATH,MERGE_INTO,点到直线的距离,math-fx-qiexian-juli-zuixiao,,,,,覆盖材料 math-fx-qiexian-juli-zuixiao（METHOD_MODEL，利用切线求点到直线（曲线间）距离的最值；节点 点到直线的距离）；title/summary/content/boundary/applicability 五字段逐字相同,候选 slug 含大写字母，按 slug 精确比对时被判为未入包；实为包内同一材料的大小写变体，五个文本字段与包内逐字相同，无新增信息。
27,math-fx-qiou-dingyi-panDing,MATH,MERGE_INTO,函数奇偶性的几个重要结论,math-fx-qiou-dingyi-panding,,,,,覆盖材料 math-fx-qiou-dingyi-panding（METHOD_MODEL，函数奇偶性的定义与判定方法；节点 函数奇偶性的几个重要结论）；title/summary/content/boundary/applicability 五字段逐字相同,候选 slug 含大写字母，按 slug 精确比对时被判为未入包；实为包内同一材料的大小写变体，五个文本字段与包内逐字相同，无新增信息。
28,math-fx-xiao-n-xiao-S-liangsilu,MATH,MERGE_INTO,由前几项归纳数列通项的方法,math-fx-xiao-n-xiao-s-liangsilu,,,,,覆盖材料 math-fx-xiao-n-xiao-s-liangsilu（METHOD_MODEL，由 $a_n$ 与 $S_n$ 递推式求通项的“消 $n$”与“消 $S$”两思路；节点 由前几项归纳数列通项的方法）；title/summary/content/boundary/applicability 五字段逐字相同,候选 slug 含大写字母，按 slug 精确比对时被判为未入包；实为包内同一材料的大小写变体，五个文本字段与包内逐字相同，无新增信息。
29,math-fx-teShu-jihe-waijieqiu-jichu,MATH,MERGE_INTO,求解几何体外接球的半径的思路,math-fx-teshu-jihe-waijieqiu-jichu,,,,,覆盖材料 math-fx-teshu-jihe-waijieqiu-jichu（METHOD_MODEL，特殊几何体外接球的求法；节点 求解几何体外接球的半径的思路）；title/summary/content/boundary/applicability 五字段逐字相同,候选 slug 含大写字母，按 slug 精确比对时被判为未入包；实为包内同一材料的大小写变体，五个文本字段与包内逐字相同，无新增信息。
30,math-fx-taier-fangSuo-sixiang,MATH,MERGE_INTO,忽视基本不等式应用的条件致错,math-fx-taier-fangsuo-sixiang,,,,,覆盖材料 math-fx-taier-fangsuo-sixiang（METHOD_MODEL，泰勒放缩与帕德近似在比大小中的应用；节点 忽视基本不等式应用的条件致错）；title/summary/content/boundary/applicability 五字段逐字相同,候选 slug 含大写字母，按 slug 精确比对时被判为未入包；实为包内同一材料的大小写变体，五个文本字段与包内逐字相同，无新增信息。
31,math-fx-duishu-junzhi-budengshi-LMI,MATH,MERGE_INTO,绝对值不等式,math-fx-duishu-junzhi-budengshi-lmi,,,,,覆盖材料 math-fx-duishu-junzhi-budengshi-lmi（CONCEPT_EXPLANATION，对数均值不等式（LMI）；节点 绝对值不等式）；title/summary/content/boundary/applicability 五字段逐字相同,候选 slug 含大写字母，按 slug 精确比对时被判为未入包；实为包内同一材料的大小写变体，五个文本字段与包内逐字相同，无新增信息。
32,math-fx-LMI-jzhidian-pianyi-wubu,MATH,MERGE_INTO,极值点偏移问题,math-fx-lmi-jzhidian-pianyi-wubu,,,,,覆盖材料 math-fx-lmi-jzhidian-pianyi-wubu（METHOD_MODEL，对数均值不等式处理极值点偏移的“五步法”；节点 极值点偏移问题）；title/summary/content/boundary/applicability 五字段逐字相同,候选 slug 含大写字母，按 slug 精确比对时被判为未入包；实为包内同一材料的大小写变体，五个文本字段与包内逐字相同，无新增信息。
33,math-fx-qiexian-fangSuo-qingdan,MATH,MERGE_INTO,指数函数的常用技巧,math-fx-qiexian-fangsuo-qingdan,,,,,覆盖材料 math-fx-qiexian-fangsuo-qingdan（CONCEPT_EXPLANATION，四类函数的常用切线放缩不等式清单；节点 指数函数的常用技巧）；title/summary/content/boundary/applicability 五字段逐字相同,候选 slug 含大写字母，按 slug 精确比对时被判为未入包；实为包内同一材料的大小写变体，五个文本字段与包内逐字相同，无新增信息。
34,math-fx-qieXian-jia-geXian-jia-jiandao,MATH,MERGE_INTO,利用不等式的性质求数-式-的范围,math-fx-qiexian-jia-gexian-jia-jiandao,,,,,覆盖材料 math-fx-qiexian-jia-gexian-jia-jiandao（CONCEPT_EXPLANATION，切线夹与割线夹（剪刀模型）；节点 利用不等式的性质求数-式-的范围）；title/summary/content/boundary/applicability 五字段逐字相同,候选 slug 含大写字母，按 slug 精确比对时被判为未入包；实为包内同一材料的大小写变体，五个文本字段与包内逐字相同，无新增信息。
35,math-fx-jueDuiZhi-qiuhc-fenduan,MATH,MERGE_INTO,等差数列含绝对值问题,math-fx-jueduizhi-qiuhc-fenduan,,,,,覆盖材料 math-fx-jueduizhi-qiuhc-fenduan（METHOD_MODEL，绝对值数列的求和（找正负分界）；节点 等差数列含绝对值问题）；title/summary/content/boundary/applicability 五字段逐字相同,候选 slug 含大写字母，按 slug 精确比对时被判为未入包；实为包内同一材料的大小写变体，五个文本字段与包内逐字相同，无新增信息。
36,math-fx-teShujiao-hudu-duizhao,MATH,MERGE_INTO,任意角与弧度制,math-fx-teshujiao-hudu-duizhao,,,,,覆盖材料 math-fx-teshujiao-hudu-duizhao（CONCEPT_EXPLANATION，常用特殊角的度数与弧度对照；节点 任意角与弧度制）；title/summary/content/boundary/applicability 五字段逐字相同,候选 slug 含大写字母，按 slug 精确比对时被判为未入包；实为包内同一材料的大小写变体，五个文本字段与包内逐字相同，无新增信息。
37,math-fx-youDao-duojiao-hebing,MATH,MERGE_INTO,诱导公式,math-fx-youdao-duojiao-hebing,,,,,覆盖材料 math-fx-youdao-duojiao-hebing（METHOD_MODEL，多角诱导公式化简的合并策略；节点 诱导公式）；五字段在修复转义损伤后逐字相同（候选侧把 frac/bar/alpha/tan 等宏的转义写成控制字符）,候选 slug 含大写字母而被判未入包，实为包内同一材料的大小写变体；差异仅为候选侧宏转义的控制字符损伤，知识内容与包内相同，无新增信息。
38,math-fx-teShujiao-coupei,MATH,MERGE_INTO,两角和与差的公式,math-fx-teshujiao-coupei,,,,,覆盖材料 math-fx-teshujiao-coupei（CONCEPT_EXPLANATION，$15°$、$75°$ 型特殊角的凑配值；节点 两角和与差的公式）；五字段在修复转义损伤后逐字相同（候选侧把 frac/bar/alpha/tan 等宏的转义写成控制字符）,候选 slug 含大写字母而被判未入包，实为包内同一材料的大小写变体；差异仅为候选侧宏转义的控制字符损伤，知识内容与包内相同，无新增信息。
39,math-fx-jidi-biaoshi-cuoZuo,MATH,MERGE_INTO,用基向量表示指定向量的方法,math-fx-jidi-biaoshi-cuozuo,,,,,覆盖材料 math-fx-jidi-biaoshi-cuozuo（METHOD_MODEL，用基底表示向量的操作步骤；节点 用基向量表示指定向量的方法）；title/summary/content/boundary/applicability 五字段逐字相同,候选 slug 含大写字母，按 slug 精确比对时被判为未入包；实为包内同一材料的大小写变体，五个文本字段与包内逐字相同，无新增信息。
40,math-fx-qieXian-zai-guo-bianxi,MATH,MERGE_INTO,曲线-在-某点处的切线问题,math-fx-qiexian-zai-guo-bianxi,,,,,覆盖材料 math-fx-qiexian-zai-guo-bianxi（CONCEPT_EXPLANATION，曲线“在一点”与“过一点”切线的辨析；节点 曲线-在-某点处的切线问题）；title/summary/content/boundary/applicability 五字段逐字相同,候选 slug 含大写字母，按 slug 精确比对时被判为未入包；实为包内同一材料的大小写变体，五个文本字段与包内逐字相同，无新增信息。
41,math-fx-geijiao-qiuzhi-chaiteShu,MATH,MERGE_INTO,三角恒等变换,math-fx-geijiao-qiuzhi-chaiteshu,,,,,覆盖材料 math-fx-geijiao-qiuzhi-chaiteshu（METHOD_MODEL，给角求值：非特殊角向特殊角的拆分；节点 三角恒等变换）；title/summary/content/boundary/applicability 五字段逐字相同,候选 slug 含大写字母，按 slug 精确比对时被判为未入包；实为包内同一材料的大小写变体，五个文本字段与包内逐字相同，无新增信息。
42,math-fx-fuZhi-jiqiao-chouxiang-hanshu,MATH,MERGE_INTO,指数函数的常用技巧,math-fx-fuzhi-jiqiao-chouxiang-hanshu,,,,,覆盖材料 math-fx-fuzhi-jiqiao-chouxiang-hanshu（METHOD_MODEL，抽象函数的常用赋值技巧；节点 指数函数的常用技巧）；五字段在修复转义损伤后逐字相同（候选侧把 frac/bar/alpha/tan 等宏的转义写成控制字符）,候选 slug 含大写字母而被判未入包，实为包内同一材料的大小写变体；差异仅为候选侧宏转义的控制字符损伤，知识内容与包内相同，无新增信息。
43,math-fx-qiexian-fangSuo-zhengti-sanbu,MATH,MERGE_INTO,证明不等式,math-fx-qiexian-fangsuo-zhengti-sanbu,,,,,覆盖材料 math-fx-qiexian-fangsuo-zhengti-sanbu（METHOD_MODEL，切线放缩证明不等式的整体三步；节点 证明不等式）；title/summary/content/boundary/applicability 五字段逐字相同,候选 slug 含大写字母，按 slug 精确比对时被判为未入包；实为包内同一材料的大小写变体，五个文本字段与包内逐字相同，无新增信息。
44,math-fx-shulie-fangSuo-mubiao-daoyu-shiDu,MATH,MERGE_INTO,数列不等式的放缩,math-fx-shulie-fangsuo-mubiao-daoyu-shidu,,,,,覆盖材料 math-fx-shulie-fangsuo-mubiao-daoyu-shidu（METHOD_MODEL，数列放缩的目标导向与适度原则；节点 数列不等式的放缩）；title/summary/content/boundary/applicability 五字段逐字相同,候选 slug 含大写字母，按 slug 精确比对时被判为未入包；实为包内同一材料的大小写变体，五个文本字段与包内逐字相同，无新增信息。
45,math-mo-qieXian-sanguanxi-liedengshi,MATH,MERGE_INTO,导数的几何意义,math-mo-qiexian-sanguanxi-liedengshi,,,,,覆盖材料 math-mo-qiexian-sanguanxi-liedengshi（METHOD_MODEL，切线问题的三个关系列方程；节点 导数的几何意义）；title/summary/content/boundary/applicability 五字段逐字相同,候选 slug 含大写字母，按 slug 精确比对时被判为未入包；实为包内同一材料的大小写变体，五个文本字段与包内逐字相同，无新增信息。
46,math-mo-gongqieXian-fangchengzu,MATH,MERGE_INTO,两曲线的公切线问题,math-mo-gongqiexian-fangchengzu,,,,,覆盖材料 math-mo-gongqiexian-fangchengzu（METHOD_MODEL，两曲线公切线的方程组解法；节点 两曲线的公切线问题）；title/summary/content/boundary/applicability 五字段逐字相同,候选 slug 含大写字母，按 slug 精确比对时被判为未入包；实为包内同一材料的大小写变体，五个文本字段与包内逐字相同，无新增信息。
47,math-mo-duoqieXian-fangchengjiegeshu,MATH,MERGE_INTO,解决垂直问题-利用-可将垂直问题转化为向量数量积的计算问题,math-mo-duoqiexian-fangchengjiegeshu,,,,,覆盖材料 math-mo-duoqiexian-fangchengjiegeshu（METHOD_MODEL，过一点多切线问题转化为方程解的个数；节点 解决垂直问题-利用-可将垂直问题转化为向量数量积的计算问题）；title/summary/content/boundary/applicability 五字段逐字相同,候选 slug 含大写字母，按 slug 精确比对时被判为未入包；实为包内同一材料的大小写变体，五个文本字段与包内逐字相同，无新增信息。
48,math-mo-hanCan-dandiao-fenlei,MATH,MERGE_INTO,含参函数的单调性讨论,math-mo-hancan-dandiao-fenlei,,,,,覆盖材料 math-mo-hancan-dandiao-fenlei（METHOD_MODEL，含参函数单调性的分类讨论；节点 含参函数的单调性讨论）；title/summary/content/boundary/applicability 五字段逐字相同,候选 slug 含大写字母，按 slug 精确比对时被判为未入包；实为包内同一材料的大小写变体，五个文本字段与包内逐字相同，无新增信息。
49,math-mo-jizhidian-tuXiang-luojilian,MATH,MERGE_INTO,导数与函数的单调性的关系,math-mo-jizhidian-tuxiang-luojilian,,,,,覆盖材料 math-mo-jizhidian-tuxiang-luojilian（CONCEPT_EXPLANATION，由导函数图象读极值与单调性的逻辑链；节点 导数与函数的单调性的关系）；title/summary/content/boundary/applicability 五字段逐字相同,候选 slug 含大写字母，按 slug 精确比对时被判为未入包；实为包内同一材料的大小写变体，五个文本字段与包内逐字相同，无新增信息。
50,math-mo-hanCan-zuizhi-silu,MATH,MERGE_INTO,在求函数的最值时-一定要在定义域-使实际问题有意义的自变量的取值范围-内求解,math-mo-hancan-zuizhi-silu,,,,,覆盖材料 math-mo-hancan-zuizhi-silu（METHOD_MODEL，含参函数最值的求解流程；节点 在求函数的最值时-一定要在定义域-使实际问题有意义的自变量的取值范围-内求解）；title/summary/content/boundary/applicability 五字段逐字相同,候选 slug 含大写字母，按 slug 精确比对时被判为未入包；实为包内同一材料的大小写变体，五个文本字段与包内逐字相同，无新增信息。
51,math-mo-dingyv-juTi-yu-chouXiang,MATH,MERGE_INTO,函数定义域的常见类型,math-mo-dingyv-juti-yu-chouxiang,,,,,覆盖材料 math-mo-dingyv-juti-yu-chouxiang（CONCEPT_EXPLANATION，具体函数与抽象函数定义域的求法；节点 函数定义域的常见类型）；title/summary/content/boundary/applicability 五字段逐字相同,候选 slug 含大写字母，按 slug 精确比对时被判为未入包；实为包内同一材料的大小写变体，五个文本字段与包内逐字相同，无新增信息。
52,math-mo-fenduan-qiuzhi-neidaoWai,MATH,MERGE_INTO,基本不等式的实际应用,math-mo-fenduan-qiuzhi-neidaowai,,,,,覆盖材料 math-mo-fenduan-qiuzhi-neidaowai（CONCEPT_EXPLANATION，分段函数求值与解不等式的思路；节点 基本不等式的实际应用）；title/summary/content/boundary/applicability 五字段逐字相同,候选 slug 含大写字母，按 slug 精确比对时被判为未入包；实为包内同一材料的大小写变体，五个文本字段与包内逐字相同，无新增信息。
53,math-mo-duicheng-Xian-yu-dian,MATH,MERGE_INTO,函数的对称性,math-mo-duicheng-xian-yu-dian,,,,,覆盖材料 math-mo-duicheng-xian-yu-dian（CONCEPT_EXPLANATION，函数轴对称与点对称的两个条件式；节点 函数的对称性）；title/summary/content/boundary/applicability 五字段逐字相同,候选 slug 含大写字母，按 slug 精确比对时被判为未入包；实为包内同一材料的大小写变体，五个文本字段与包内逐字相同，无新增信息。
54,math-mo-chouXiang-fuZhi-yu-fuhao,MATH,MERGE_INTO,判断抽象函数单调性的方法,math-mo-chouxiang-fuzhi-yu-fuhao,,,,,覆盖材料 math-mo-chouxiang-fuzhi-yu-fuhao（METHOD_MODEL，抽象函数赋值法与单调性判定要点；节点 判断抽象函数单调性的方法）；title/summary/content/boundary/applicability 五字段逐字相同,候选 slug 含大写字母，按 slug 精确比对时被判为未入包；实为包内同一材料的大小写变体，五个文本字段与包内逐字相同，无新增信息。
55,math-mo-XiangLiang-XianXing-yunsuan-tujing,MATH,MERGE_INTO,平面向量的线性运算,math-mo-xiangliang-xianxing-yunsuan-tujing,,,,,覆盖材料 math-mo-xiangliang-xianxing-yunsuan-tujing（METHOD_MODEL，平面向量线性运算的常用路径；节点 平面向量的线性运算）；title/summary/content/boundary/applicability 五字段逐字相同,候选 slug 含大写字母，按 slug 精确比对时被判为未入包；实为包内同一材料的大小写变体，五个文本字段与包内逐字相同，无新增信息。
56,math-mo-gongXian-dingli-shuangxingshi,MATH,MERGE_INTO,向量共线定理,math-mo-gongxian-dingli-shuangxingshi,,,,,覆盖材料 math-mo-gongxian-dingli-shuangxingshi（CONCEPT_EXPLANATION，共线向量定理的几何与坐标两形式；节点 向量共线定理）；title/summary/content/boundary/applicability 五字段逐字相同,候选 slug 含大写字母，按 slug 精确比对时被判为未入包；实为包内同一材料的大小写变体，五个文本字段与包内逐字相同，无新增信息。
57,math-mo-chuizhi-XiangLiang-panding,MATH,MERGE_INTO,平面向量的坐标运算,math-mo-chuizhi-xiangliang-panding,,,,,覆盖材料 math-mo-chuizhi-xiangliang-panding（CONCEPT_EXPLANATION，向量垂直的判定与坐标运算；节点 平面向量的坐标运算）；title/summary/content/boundary/applicability 五字段逐字相同,候选 slug 含大写字母，按 slug 精确比对时被判为未入包；实为包内同一材料的大小写变体，五个文本字段与包内逐字相同，无新增信息。
58,math-mo-touying-shu-yu-XiangLiang,MATH,MERGE_INTO,平面向量的数量积,math-mo-touying-shu-yu-xiangliang,,,,,覆盖材料 math-mo-touying-shu-yu-xiangliang（CONCEPT_EXPLANATION，投影（数量）与投影向量的区分；节点 平面向量的数量积）；title/summary/content/boundary/applicability 五字段逐字相同,候选 slug 含大写字母，按 slug 精确比对时被判为未入包；实为包内同一材料的大小写变体，五个文本字段与包内逐字相同，无新增信息。
59,math-mo-jiajiao-yuXian-shu,MATH,MERGE_INTO,平面向量的数量积,math-mo-jiajiao-yuxian-shu,,,,,覆盖材料 math-mo-jiajiao-yuxian-shu（CONCEPT_EXPLANATION，由数量积求向量夹角；节点 平面向量的数量积）；title/summary/content/boundary/applicability 五字段逐字相同,候选 slug 含大写字母，按 slug 精确比对时被判为未入包；实为包内同一材料的大小写变体，五个文本字段与包内逐字相同，无新增信息。
60,math-mo-XiangLiang-jihe-sanbuv2,MATH,MERGE_INTO,利用向量法解二面角问题的策略,math-mo-xiangliang-jihe-sanbuv2,,,,,覆盖材料 math-mo-xiangliang-jihe-sanbuv2（METHOD_MODEL，向量法解平面几何问题的三部曲；节点 利用向量法解二面角问题的策略）；title/summary/content/boundary/applicability 五字段逐字相同,候选 slug 含大写字母，按 slug 精确比对时被判为未入包；实为包内同一材料的大小写变体，五个文本字段与包内逐字相同，无新增信息。
61,math-mo-XiangLiang-wuli-yingyong,MATH,MERGE_INTO,venn图在集合运算中的应用,math-mo-xiangliang-wuli-yingyong,,,,,覆盖材料 math-mo-xiangliang-wuli-yingyong（CONCEPT_EXPLANATION，向量在物理中的应用要点；节点 venn图在集合运算中的应用）；title/summary/content/boundary/applicability 五字段逐字相同,候选 slug 含大写字母，按 slug 精确比对时被判为未入包；实为包内同一材料的大小写变体，五个文本字段与包内逐字相同，无新增信息。
62,math-mo-XinDingyi-XiangLiang-silu,MATH,MERGE_INTO,空间向量新定义问题,math-mo-xindingyi-xiangliang-silu,,,,,覆盖材料 math-mo-xindingyi-xiangliang-silu（METHOD_MODEL，向量新定义问题的处理思路；节点 空间向量新定义问题）；title/summary/content/boundary/applicability 五字段逐字相同,候选 slug 含大写字母，按 slug 精确比对时被判为未入包；实为包内同一材料的大小写变体，五个文本字段与包内逐字相同，无新增信息。
63,math-mo-jiheti-jiegou-bianXi,MATH,MERGE_INTO,空间几何体,math-mo-jiheti-jiegou-bianxi,,,,,覆盖材料 math-mo-jiheti-jiegou-bianxi（CONCEPT_EXPLANATION，空间几何体结构特征辨析技巧；节点 空间几何体）；title/summary/content/boundary/applicability 五字段逐字相同,候选 slug 含大写字母，按 slug 精确比对时被判为未入包；实为包内同一材料的大小写变体，五个文本字段与包内逐字相同，无新增信息。
64,math-mo-XieErCe-sanbian-sanbuvbian,MATH,MERGE_INTO,对斜二测画法的规则掌握不牢,math-mo-xieerce-sanbian-sanbuvbian,,,,,覆盖材料 math-mo-xieerce-sanbian-sanbuvbian（CONCEPT_EXPLANATION，斜二测画法的规则与面积关系；节点 对斜二测画法的规则掌握不牢）；title/summary/content/boundary/applicability 五字段逐字相同,候选 slug 含大写字母，按 slug 精确比对时被判为未入包；实为包内同一材料的大小写变体，五个文本字段与包内逐字相同，无新增信息。
65,math-mo-biaoMian-zuiduan-zhankai,MATH,MERGE_INTO,几何体展开图最短距离问题,math-mo-biaomian-zuiduan-zhankai,,,,,覆盖材料 math-mo-biaomian-zuiduan-zhankai（METHOD_MODEL，几何体表面最短距离的展开法；节点 几何体展开图最短距离问题）；title/summary/content/boundary/applicability 五字段逐字相同,候选 slug 含大写字母，按 slug 精确比对时被判为未入包；实为包内同一材料的大小写变体，五个文本字段与包内逐字相同，无新增信息。
66,math-mo-biaoMianJi-ceMian-zhouJieMian,MATH,MERGE_INTO,表面积与体积,math-mo-biaomianji-cemian-zhoujiemian,,,,,覆盖材料 math-mo-biaomianji-cemian-zhoujiemian（METHOD_MODEL，表面积计算的轴截面与展开图要点；节点 表面积与体积）；title/summary/content/boundary/applicability 五字段逐字相同,候选 slug 含大写字母，按 slug 精确比对时被判为未入包；实为包内同一材料的大小写变体，五个文本字段与包内逐字相同，无新增信息。
67,math-mo-tiJi-sifang,MATH,MERGE_INTO,求体积的常用方法,math-mo-tiji-sifang,,,,,覆盖材料 math-mo-tiji-sifang（METHOD_MODEL，求体积的四种常用方法；节点 求体积的常用方法）；title/summary/content/boundary/applicability 五字段逐字相同,候选 slug 含大写字母，按 slug 精确比对时被判为未入包；实为包内同一材料的大小写变体，五个文本字段与包内逐字相同，无新增信息。
68,math-mo-waiJieQiu-buXing-chuixinXian,MATH,MERGE_INTO,在棱长为的正四面体中-高-外接球半径-内切球半径,math-mo-waijieqiu-buxing-chuixinxian,,,,,覆盖材料 math-mo-waijieqiu-buxing-chuixinxian（METHOD_MODEL，外接球球心的确定与补形法；节点 在棱长为的正四面体中-高-外接球半径-内切球半径）；title/summary/content/boundary/applicability 五字段逐字相同,候选 slug 含大写字母，按 slug 精确比对时被判为未入包；实为包内同一材料的大小写变体，五个文本字段与包内逐字相同，无新增信息。
69,math-mo-neiQieQiu-dengtiJi-zhouJieMian,MATH,MERGE_INTO,在棱长为的正四面体中-高-外接球半径-内切球半径,math-mo-neiqieqiu-dengtiji-zhoujiemian,,,,,覆盖材料 math-mo-neiqieqiu-dengtiji-zhoujiemian（METHOD_MODEL，内切球半径的两种求法；节点 在棱长为的正四面体中-高-外接球半径-内切球半径）；title/summary/content/boundary/applicability 五字段逐字相同,候选 slug 含大写字母，按 slug 精确比对时被判为未入包；实为包内同一材料的大小写变体，五个文本字段与包内逐字相同，无新增信息。
70,math-mo-jieMian-quan-gougu,MATH,MERGE_INTO,同角三角函数的基本关系,math-mo-jiemian-quan-gougu,,,,,覆盖材料 math-mo-jiemian-quan-gougu（CONCEPT_EXPLANATION，球的截面圆的直角三角形解法；节点 同角三角函数的基本关系）；title/summary/content/boundary/applicability 五字段逐字相同,候选 slug 含大写字母，按 slug 精确比对时被判为未入包；实为包内同一材料的大小写变体，五个文本字段与包内逐字相同，无新增信息。
71,math-mo-gongMian-gongXian-gongdian-zhengming,MATH,MERGE_INTO,三点共线和空间四点共面的方法比较,math-mo-gongmian-gongxian-gongdian-zhengming,,,,,覆盖材料 math-mo-gongmian-gongxian-gongdian-zhengming（METHOD_MODEL，共面、共线、共点的证明套路；节点 三点共线和空间四点共面的方法比较）；title/summary/content/boundary/applicability 五字段逐字相同,候选 slug 含大写字母，按 slug 精确比对时被判为未入包；实为包内同一材料的大小写变体，五个文本字段与包内逐字相同，无新增信息。
72,math-mo-yiMianJiao-pingYi-buXing,MATH,MERGE_INTO,异面直线所成角的求法,math-mo-yimianjiao-pingyi-buxing,,,,,覆盖材料 math-mo-yimianjiao-pingyi-buxing（METHOD_MODEL，异面直线所成角的两种求法；节点 异面直线所成角的求法）；title/summary/content/boundary/applicability 五字段逐字相同,候选 slug 含大写字母，按 slug 精确比对时被判为未入包；实为包内同一材料的大小写变体，五个文本字段与包内逐字相同，无新增信息。
73,math-mo-jieMian-jiaoXian-zuofa,MATH,MERGE_INTO,空间几何体中的截面问题,math-mo-jiemian-jiaoxian-zuofa,,,,,覆盖材料 math-mo-jiemian-jiaoxian-zuofa（METHOD_MODEL，截面与交线的两种作图方法；节点 空间几何体中的截面问题）；title/summary/content/boundary/applicability 五字段逐字相同,候选 slug 含大写字母，按 slug 精确比对时被判为未入包；实为包内同一材料的大小写变体，五个文本字段与包内逐字相同，无新增信息。
74,math-mo-pingXing-mingti-panding,MATH,MERGE_INTO,平行关系之间的转化,math-mo-pingxing-mingti-panding,,,,,覆盖材料 math-mo-pingxing-mingti-panding（METHOD_MODEL，平行关系命题真假的判定思路；节点 平行关系之间的转化）；title/summary/content/boundary/applicability 五字段逐字相同,候选 slug 含大写字母，按 slug 精确比对时被判为未入包；实为包内同一材料的大小写变体，五个文本字段与包内逐字相同，无新增信息。
75,math-mo-XianMian-pingXing-panding-yu-xingZhi,MATH,MERGE_INTO,线面平行定理的理解不够准确,math-mo-xianmian-pingxing-panding-yu-xingzhi,,,,,覆盖材料 math-mo-xianmian-pingxing-panding-yu-xingzhi（METHOD_MODEL，线面平行判定与性质定理的使用区别；节点 线面平行定理的理解不够准确）；title/summary/content/boundary/applicability 五字段逐字相同,候选 slug 含大写字母，按 slug 精确比对时被判为未入包；实为包内同一材料的大小写变体，五个文本字段与包内逐字相同，无新增信息。
76,math-mo-MianMian-pingXing-zhengfa,MATH,MERGE_INTO,证明线共点问题的常用方法,math-mo-mianmian-pingxing-zhengfa,,,,,覆盖材料 math-mo-mianmian-pingxing-zhengfa（METHOD_MODEL，证明面面平行的常用方法；节点 证明线共点问题的常用方法）；title/summary/content/boundary/applicability 五字段逐字相同,候选 slug 含大写字母，按 slug 精确比对时被判为未入包；实为包内同一材料的大小写变体，五个文本字段与包内逐字相同，无新增信息。
77,math-mo-MianMian-pingXing-xingZhi-yingyong,MATH,MERGE_INTO,面面垂直性质的应用,math-mo-mianmian-pingxing-xingzhi-yingyong,,,,,覆盖材料 math-mo-mianmian-pingxing-xingzhi-yingyong（METHOD_MODEL，面面平行性质的两类应用；节点 面面垂直性质的应用）；title/summary/content/boundary/applicability 五字段逐字相同,候选 slug 含大写字母，按 slug 精确比对时被判为未入包；实为包内同一材料的大小写变体，五个文本字段与包内逐字相同，无新增信息。
78,math-mo-pingXing-zonghe-zhuanhua,MATH,MERGE_INTO,平行关系之间的转化,math-mo-pingxing-zonghe-zhuanhua,,,,,覆盖材料 math-mo-pingxing-zonghe-zhuanhua（METHOD_MODEL，三种平行关系的转化链；节点 平行关系之间的转化）；title/summary/content/boundary/applicability 五字段逐字相同,候选 slug 含大写字母，按 slug 精确比对时被判为未入包；实为包内同一材料的大小写变体，五个文本字段与包内逐字相同，无新增信息。
79,math-mo-XianMian-chuizhi-sifapanding,MATH,MERGE_INTO,证明面面垂直的方法,math-mo-xianmian-chuizhi-sifapanding,,,,,覆盖材料 math-mo-xianmian-chuizhi-sifapanding（METHOD_MODEL，判定线面垂直的四种方法；节点 证明面面垂直的方法）；title/summary/content/boundary/applicability 五字段逐字相同,候选 slug 含大写字母，按 slug 精确比对时被判为未入包；实为包内同一材料的大小写变体，五个文本字段与包内逐字相同，无新增信息。
80,math-mo-MianMian-chuizhi-liangfa,MATH,MERGE_INTO,证明面面垂直的方法,math-mo-mianmian-chuizhi-liangfa,,,,,覆盖材料 math-mo-mianmian-chuizhi-liangfa（METHOD_MODEL，证明面面垂直的两种方法；节点 证明面面垂直的方法）；title/summary/content/boundary/applicability 五字段逐字相同,候选 slug 含大写字母，按 slug 精确比对时被判为未入包；实为包内同一材料的大小写变体，五个文本字段与包内逐字相同，无新增信息。
