subject,proposed_slug,rows
BIOLOGY,DNA片段的电泳鉴定（正式区无对口节点，本条为电泳原理与迁移速率）,1
BIOLOGY,DNA片段的电泳鉴定（正式区无对口节点，本条为电泳基本过程）,1
BIOLOGY,DNA的粗提取与鉴定（正式区无对口节点，本条为实验原理）,1
BIOLOGY,DNA的粗提取与鉴定（正式区无对口节点，本条为实验步骤）,1
BIOLOGY,DNA的粗提取与鉴定（正式区无对口节点，本条为实验注意事项与试剂作用）,1
BIOLOGY,不同类型激素的作用机理,3
BIOLOGY,中性突变学说与间断平衡学说,1
BIOLOGY,乳腺生物反应器（正式区无对口节点，本条为与基因工程菌的比较）,1
BIOLOGY,乳腺生物反应器（正式区无对口节点，本条为四大优点）,1
BIOLOGY,乳腺生物反应器（正式区无对口节点，本条为基因工程菌的培育过程）,1
BIOLOGY,乳腺生物反应器（正式区无对口节点，本条为尿液生物反应器的比较）,1
BIOLOGY,乳腺生物反应器（正式区无对口节点，本条为局限性生产的目标产品）,1
BIOLOGY,乳腺生物反应器（正式区无对口节点，本条为概念与构建过程）,1
BIOLOGY,人体呼吸运动的调节方式,1
BIOLOGY,人胚胎干细胞研究的伦理规范,1
BIOLOGY,体温调定点与发热,3
BIOLOGY,全球性生态环境问题（正式区无对口节点，本条为六类问题及防治措施）,1
BIOLOGY,全球性生态环境问题（正式区无对口节点，本条为影响与应对措施）,1
BIOLOGY,兴奋剂与毒品的危害,1
BIOLOGY,判定生物亲缘关系的方法,3
BIOLOGY,动物体细胞核移植（正式区无对口节点，本条为体细胞核移植的材料、过程与去核）,1
BIOLOGY,动物体细胞核移植（正式区无对口节点，本条为克隆动物与试管动物的比较）,1
BIOLOGY,动物体细胞核移植（正式区无对口节点，本条为克隆在三个水平上的含义）,1
BIOLOGY,动物体细胞核移植（正式区无对口节点，本条为存在问题与克隆动物的遗传特点）,1
BIOLOGY,动物体细胞核移植（正式区无对口节点，本条为核移植技术的概念与分类）,1
BIOLOGY,动物体细胞核移植（正式区无对口节点，本条为核移植的应用前景）,1
BIOLOGY,哺乳动物成熟红细胞的特点,1
BIOLOGY,基因工程的应用（正式区无对口节点，本条为其他应用）,1
BIOLOGY,基因工程的应用（正式区无对口节点，本条为医药卫生领域应用与器官移植供体）,1
BIOLOGY,基因工程的应用（正式区无对口节点，本条为在农牧业方面应用的动物部分）,1
BIOLOGY,基因工程的应用（正式区无对口节点，本条为在农牧业方面应用的植物部分）,1
BIOLOGY,基因工程的应用（正式区无对口节点，本条为干扰素）,1
BIOLOGY,基因工程的应用（正式区无对口节点，本条为植物与动物基因工程的优越性）,1
BIOLOGY,基因工程的应用（正式区无对口节点，本条为转生长激素基因鲤鱼实例）,1
BIOLOGY,基因工程的应用（正式区无对口节点，本条为食品工业方面的应用）,1
BIOLOGY,基因漂移,1
BIOLOGY,外来物种入侵（正式区无对口节点，本条为外来物种入侵的概念、危害与成因）,1
BIOLOGY,存活曲线,1
BIOLOGY,影印法（正式区无对口节点，本条为影印法的应用）,1
BIOLOGY,影印法（正式区无对口节点，本条为影印法的概念）,1
BIOLOGY,影印法（正式区无对口节点，本条为影印法的理解与步骤）,1
BIOLOGY,微生物筛选中的四种圈（正式区无对口节点，本条为变色圈）,1
BIOLOGY,微生物筛选中的四种圈（正式区无对口节点，本条为四种圈的图示）,1
BIOLOGY,微生物筛选中的四种圈（正式区无对口节点，本条为抑菌圈与生长圈）,1
BIOLOGY,微生物筛选中的四种圈（正式区无对口节点，本条为透明圈）,1
BIOLOGY,抑郁症的发病机理与治疗,2
BIOLOGY,拉马克进化学说与自然选择学说的比较,4
BIOLOGY,有性生殖与无性生殖的判断（正式区无对口节点，本条为不同胚胎来源的生殖方式）,1
BIOLOGY,有性生殖与无性生殖的判断（正式区无对口节点，本条为判断思路）,1
BIOLOGY,核孔复合体,3
BIOLOGY,检测遗传物质的方法（正式区无该节点；本块给出减法原理、同位素标记法（标记DNA与RNA的特定碱基，消耗T为DNA、消耗U为RNA）与病毒重组法三类检测遗传物质的思路）,1
BIOLOGY,植物体细胞杂交（正式区无对口节点，本条为与有性杂交的遗传物质变化比较）,1
BIOLOGY,植物体细胞杂交（正式区无对口节点，本条为原生质体融合方法的原理）,1
BIOLOGY,植物体细胞杂交（正式区无对口节点，本条为技术概念、方法与意义）,1
BIOLOGY,植物体细胞杂交（正式区无对口节点，本条为杂交后的三类细胞）,1
BIOLOGY,水污染类型的判断（正式区无对口节点，本条为水污染类型判断方法）,1
BIOLOGY,泡菜中亚硝酸盐含量的测定（正式区无对口节点，本条为比色法）,1
BIOLOGY,泡菜中亚硝酸盐含量的测定（正式区无对口节点，本条为测定原理）,1
BIOLOGY,渗透装置液面变化分析,5
BIOLOGY,激素分泌异常疾病,1
BIOLOGY,生态足迹（正式区无对口节点，本条为提高生态承载力的措施）,1
BIOLOGY,生态足迹（正式区无对口节点，本条为生态盈余与生态赤字）,1
BIOLOGY,生态足迹（正式区无对口节点，本条为生态足迹换算关系）,1
BIOLOGY,生态足迹（正式区无对口节点，本条为生态足迹的特点与影响因素）,1
BIOLOGY,生态足迹（正式区无对口节点，生态足迹与生态承载力考点缺失）,1
BIOLOGY,生殖性克隆人的伦理问题,4
BIOLOGY,生物安全,1
BIOLOGY,生物武器,4
BIOLOGY,细胞工程（正式区无细胞工程总论节点，本条为概念、操作水平、目的与分类）,1
BIOLOGY,脂质体（同,1
BIOLOGY,脂质体（块内含脂质体的载药优势与提高靶向性的结论）,1
BIOLOGY,血浆蛋白的种类与功能,2
BIOLOGY,连锁不平衡,1
BIOLOGY,逆反减数分裂（正式区无逆反减数分裂节点；本块给出其定义与途径：姐妹染色单体分开发生在减数分裂Ⅰ、同源染色体分离发生在减数分裂Ⅱ，并通过互换、非同源染色体自由组合等提高配子变异，使卵细胞获得重组染色体的概率更高）,1
BIOLOGY,配子来源的判断（正式区无配子来源的判断节点；本块给出依据精细胞染色体组成判断来源的方法：染色体完全相同可能来自同一次级精母细胞，染色体互补可能来自同一初级精母细胞的两个次级精母细胞，有的相同有的互补则来自同一个体的不同精原细胞）,1
BIOLOGY,酸雨与温室气体（正式区无对口节点，本条为温室气体来源与酸雨）,1
CHEMISTRY,8电子稳定结构的判断方法,2
CHEMISTRY,二糖（蔗糖、麦芽糖、乳糖）,1
CHEMISTRY,价态转化探究的一般步骤,1
CHEMISTRY,体系与环境（正式区缺体系与环境节点；本块给出体系与环境的含义并以盐酸与氢氧化钠溶液反应为例说明体系中的反应物、反应与生成物）,1
CHEMISTRY,体系与环境（脚注：体系与被研究系统以外的环境的定义与相互关系，与上一条同一考点，建议合并建点）,1
CHEMISTRY,内能（正式区缺内能节点；本块给出内能的定义、动能与势能的组成、与温度压强等的关系以及,1
CHEMISTRY,内能（脚注：内能的符号,1
CHEMISTRY,基因工程（正式区缺基因工程节点；本块给出基因工程是通过类似工程设计的方法将来源不同的目的基因在体外重新组合，导入宿主细胞的,1
CHEMISTRY,处理废水的常用方法（一级处理的具体做法：大块物体在格栅间除去，细小悬浮物在沉淀池中加入硫酸亚铁、硫酸铝、聚合氯化铝等混凝剂后经沉淀、过滤除去）,1
CHEMISTRY,处理废水的常用方法（不同处理方法各有特点与适用对象，如硫酸厂废水、印染废水一般用中和法，含酚、氰化物、铬、汞的废水一般用氧化还原法，有时需要几种方法联合使用）,1
CHEMISTRY,处理废水的常用方法（承接块：萃取与吸附含离子交换两法的原理、设备与处理对象；与上一条同一考点，建议合并建点）,1
CHEMISTRY,处理废水的常用方法（混凝、中和、氧化还原、电解四法的原理、设备或原材料与处理对象）,1
CHEMISTRY,天然气水合物,1
CHEMISTRY,常见供氧剂,1
CHEMISTRY,常见官能团（正式区缺常见官能团清单节点；本块列出—X、—OH、—COOH、—CHO、—NO2、C=C、C≡C等）,1
CHEMISTRY,常见无机化合物的特征颜色（正式区缺化合物颜色速查节点；本块给出黑色、蓝色、绿色、黄色、红色、粉红色、紫色的常见无机化合物，如,1
CHEMISTRY,根-基与官能团的区别（正式区缺OH-与—OH、—COOH的电子式比较节点）,1
CHEMISTRY,根-基与官能团的区别（正式区缺OH-与—OH、—COOH的电性比较节点）,1
CHEMISTRY,根-基与官能团的区别（正式区缺OH-与—OH、—COOH的稳定性比较节点）,1
CHEMISTRY,根-基与官能团的区别（正式区缺OH-与—OH、—COOH能否稳定存在的比较节点）,1
CHEMISTRY,根-基与官能团的区别（正式区缺基的概念节点；本块给出基的电中性、不能单独存在及常见烃基与取代基实例）,1
CHEMISTRY,根-基与官能团的区别（正式区缺根、基、官能团的概念辨析节点；本块给出根的定义与带电原子团实例）,1
CHEMISTRY,氧化性酸与酸的氧化性,1
CHEMISTRY,氯气泄漏的处置对策（承接块：事故后期洗消的化学消毒法与物理消毒法；与上一提案同一考点，建议合并建点）,1
CHEMISTRY,氯气泄漏的处置对策（氯气的性质应用；本块给出稀释降毒、碱性液吸收、石灰乳水池浸没排险等处置方法，正式区无对应节点）,1
CHEMISTRY,烃的概念与分类,1
CHEMISTRY,烃的概念与分类（正式区缺烃的分类节点；本块给出饱和烃与不饱和烃、链状与环状等分类及代表物）,1
CHEMISTRY,烃的概念与分类（正式区缺烃的概念节点；本块给出仅含碳、氢两种元素的有机化合物称为烃）,1
CHEMISTRY,烃的概念与分类（正式区缺饱和烃与不饱和烃的典型反应类型节点；本块指出饱和烃典型反应为取代、不饱和烃典型反应为加成）,1
CHEMISTRY,烃的概念与分类（正式区缺饱和烃与不饱和烃的结构特征节点；本块给出碳原子间成键方式与氢原子数的差别）,1
CHEMISTRY,热容与比热容（正式区缺热容与比热容节点；本块给出热容的定义与单位,1
CHEMISTRY,电子亲和能,1
CHEMISTRY,研究物质性质的基本程序（正式区缺研究物质性质的基本程序节点；本块给出观察外部特征、预测性质、实验和观察、解释和结论及验证与提出新问题等环节）,1
CHEMISTRY,离子液体,1
CHEMISTRY,离子液体（承接块，与上一提案同一考点，建议合并建点）,1
CHEMISTRY,缓冲溶液,1
CHEMISTRY,羟醛缩合反应,1
CHEMISTRY,聚合酶链反应（正式区缺,1
CHEMISTRY,脲醛树脂（正式区缺脲醛树脂节点；本块给出尿素与甲醛可发生反应，最终缩聚成具有线型或网状结构的脲醛树脂，用于生产木材黏合剂、生活器具和电器开关等）,1
CHEMISTRY,过氧化钙与超氧化钾,2
CHEMISTRY,连二亚硫酸钠的性质,1
CHEMISTRY,连续氧化转化关系,1
CHEMISTRY,酚醛树脂（正式区缺酚醛树脂节点；本块给出概念：酚醛树脂是酚类（如苯酚）与醛类（如甲醛）在酸或碱的催化下相互缩合而成的高分子）,1
CHEMISTRY,酚醛树脂（正式区缺酚醛树脂节点；本块给出碱催化下苯酚与过量甲醛反应还生成二羟甲基苯酚、三羟甲基苯酚等，继续反应可生成网状结构酚醛树脂）,1
CHEMISTRY,酚醛树脂（正式区缺酚醛树脂节点；本块给出网状结构酚醛树脂示意图：六个带酚羟基的苯环经,1
CHEMISTRY,酚醛树脂（正式区缺酚醛树脂节点；本块给出酚醛树脂的应用：主要用作绝缘、隔热、阻燃、隔音材料和复合材料，如烹饪器具手柄、电器与汽车零部件、火箭发动机与返回式卫星外壳的烧蚀材料）,1
CHEMISTRY,酚醛树脂（正式区缺酚醛树脂节点；本块给出酸催化下苯酚与甲醛先缩合成邻羟甲基苯酚，再缩聚成线型酚醛树脂并脱去,1
CHEMISTRY,酶（正式区缺酶的化学节点；本块给出酶是由细胞产生、对生物体内化学反应有催化作用的有机化合物，绝大多数是蛋白质，并给出条件温和、高度专一、高效催化三个特点）,1
CHEMISTRY,酶（正式区缺酶节点；本块给出酶催化的锁钥理论：某一酶对某种物质的特定反应起催化作用，如淀粉酶只能催化淀粉水解，体现酶的专一性）,1
CHEMISTRY,高分子的命名（正式区缺高分子命名节点；本块给出合成高分子命名的一般规则：单体名称前加聚字，两种单体可用聚××或××树脂、××橡胶、××纶等方式命名）,1
MATH,不等关系与不等式,4
MATH,不等关系与不等式）,2
MATH,函数的表示法（解析法·列表法·图象法）,1
MATH,区域角的表示,1
MATH,区间与无穷大的概念,1
MATH,圆锥曲线中的存在性问题,1
MATH,导数在实际优化问题中的应用,1
MATH,平面的概念与表示（正式区缺平面的概念与表示节点；本块给出平面通常用希腊字母表示，如平面,1
MATH,平面的概念与表示：用平行四边形四个顶点或相对两个顶点的大写字母表示平面）,1
MATH,总体中个体数的估计,1
MATH,成对数据的统计相关性,3
MATH,抛物线的实际应用问题,1
MATH,有限制条件的组合问题,1
MATH,极大似然法,1
MATH,椭圆的参数方程与参数设点,1
MATH,等式的性质,1
MATH,线段垂直平分线的方程,1
MATH,线线平行的判定方法,1
MATH,结构不良问题,1
MATH,统计图表的绘制（正式区有“统计图表的读取”节点且明确不含绘制方法；本块给出制作扇形图的三步：画圆、按比例算圆心角、画扇形并标百分比）,1
MATH,补集思想与正难则反,1
MATH,象限角的判断与角的终边关系,2
MATH,随机模拟与随机数,1
MATH,随机模拟法（蒙特卡洛方法）（正式区缺随机模拟法节点；本块给出用频率估计概率需要大量重复试验、构建随机模拟试验的方法称为蒙特卡洛方法）,1
PHYSICS,减少量与增量的区别,1
PHYSICS,宇宙的演化,1
PHYSICS,应用对称性计算非点电荷间的作用力,1
PHYSICS,振动与波动的区别,1
PHYSICS,月—地检验,2
PHYSICS,汽车过拱形桥与凹形路面,2
PHYSICS,电源及其作用,1
PHYSICS,示波管,1
PHYSICS,静电感应,2
