subject,slug,name,topic,material_count,tier,note
BIOLOGY,人类基因组测序,人类基因组测序,生物学必修2·第一章第二节·遗传的基本规律,1,thin,
BIOLOGY,从性遗传,从性遗传,生物学必修2·第一章第二节·遗传的基本规律,1,thin,
BIOLOGY,分子标记辅助育种,分子标记辅助育种,生物学选择性必修3·生物技术与工程·基因工程的基本操作程序,1,thin,
BIOLOGY,化学键与分子间作用力,化学键与分子间作用力,BIOLOGY·综合·综合·综合,1,thin,
BIOLOGY,反推法（代入法）解选择题,反推法（代入法）解选择题,BIOLOGY·综合·综合·综合,1,thin,
BIOLOGY,外源基因整合位置的判断,外源基因整合位置的判断,生物学必修2·第一章第二节·遗传的基本规律,1,thin,
BIOLOGY,常见遗传实验材料及其优点,常见遗传实验材料及其优点,生物学必修2·第一章第二节·遗传的基本规律,1,thin,
BIOLOGY,教材文字迁移类长句题,教材文字迁移类长句题,BIOLOGY·综合·综合·综合,1,thin,
BIOLOGY,数列与排列组合在遗传计算中的应用,数列与排列组合在遗传计算中的应用,BIOLOGY·综合·综合·综合,1,thin,
BIOLOGY,构图法分析复杂文字信息题,构图法分析复杂文字信息题,BIOLOGY·综合·综合·综合,1,thin,
BIOLOGY,概率与统计在生物学中的应用,概率与统计在生物学中的应用,BIOLOGY·综合·综合·综合,1,thin,
BIOLOGY,气孔开闭的调节因素,气孔开闭的调节因素,BIOLOGY·综合·综合·综合,1,thin,
BIOLOGY,氧化还原反应与细胞代谢,氧化还原反应与细胞代谢,BIOLOGY·综合·综合·综合,1,thin,
BIOLOGY,生物分子中的酯与芳香族化合物,生物分子中的酯与芳香族化合物,BIOLOGY·综合·综合·综合,1,thin,
BIOLOGY,类囊体,类囊体,生物学必修1·第五章第四节·光合作用,1,thin,
BIOLOGY,糖与脂质的转化,糖与脂质的转化,生物学必修1·第二章·细胞的分子组成,1,thin,
BIOLOGY,线粒体遗传的阈值效应,线粒体遗传的阈值效应,生物学必修2·第一章第二节·遗传的基本规律,1,thin,
BIOLOGY,细胞坏死与细胞自噬,细胞坏死与细胞自噬,BIOLOGY·综合·综合·综合,1,thin,
BIOLOGY,遗传系谱图的符号与书写规范,遗传系谱图的符号与书写规范,生物学必修2·第一章第二节·遗传的基本规律,1,thin,
BIOLOGY,雄性不育与自交不亲和,雄性不育与自交不亲和,BIOLOGY·综合·综合·综合,1,thin,
CHEMISTRY,4-溴甲基-1-环己烯的一种合成路线如下,4-溴甲基-1-环己烯的一种合成路线如下：,化学必修第二册·第七章·有机化合物,1,thin,
CHEMISTRY,Al(OH)3沉淀量的计算,Al(OH)3沉淀量的计算,CHEMISTRY·综合·综合·综合,1,thin,
CHEMISTRY,d2o-h-h-d-h-t-h-三者中的中子数不同,核素与同位素,化学必修第一册·第一章·物质分类与转化,1,thin,
CHEMISTRY,δh与反应的-可逆性,ΔH与反应的“可逆性”,化学必修第二册·第六章·化学反应与能量,1,thin,
CHEMISTRY,一种2-甲基色酮内酯-y-可通过下列反应合成,黄鸣龙还原法,化学选择性必修3·有机化学基础·有机合成,1,thin,
CHEMISTRY,一种新型煤气化燃烧集成制氢发生的主要反应如下,一种新型煤气化燃烧集成制氢发生的主要反应如下：,化学必修第二册·第六章·化学反应与能量,1,thin,
CHEMISTRY,一种药物中间体-h-的合成路线如下,一种药物中间体(H)的合成路线如下：,化学必修第二册·第七章·有机化合物,1,thin,
CHEMISTRY,中国古代的冶金化学,中国古代的冶金化学,CHEMISTRY·综合·综合·综合,1,thin,
CHEMISTRY,中国古代的酿酒工艺,中国古代的酿酒工艺,CHEMISTRY·综合·综合·综合,1,thin,
CHEMISTRY,串联类电化学装置的分析,串联类电化学装置的分析,化学选择性必修1·第四章·电化学,1,thin,
CHEMISTRY,主要依据,主要依据,化学必修第二册·第六章·化学反应与能量,1,thin,
CHEMISTRY,主要方法,反应热的计算方法,化学必修第二册·第六章·化学反应与能量,1,thin,
CHEMISTRY,乙酰水杨酸的实验室制备,乙酰水杨酸的实验室制备,CHEMISTRY·综合·实验与方案设计·实验分析,1,thin,
CHEMISTRY,二氧化碳与盐溶液的反应,二氧化碳与盐溶液的反应,CHEMISTRY·综合·综合·综合,1,thin,
CHEMISTRY,二氧化碳与碱反应图像题的解题步骤,二氧化碳与碱反应图像题的解题步骤,CHEMISTRY·综合·综合·综合,1,thin,
CHEMISTRY,二氧化碳与碱反应的产物判断,二氧化碳与碱反应的产物判断,CHEMISTRY·综合·综合·综合,1,thin,
CHEMISTRY,产率的计算,产率的计算,化学必修第二册·第六章·化学反应与能量,1,thin,
CHEMISTRY,产率计算与误差分析,产率计算与误差分析,化学必修第二册·第六章·化学反应与能量,1,thin,
CHEMISTRY,以fe3o4为原料炼铁-主要发生如下反应,Fe3O4与稀硝酸、氢碘酸的反应,化学必修第二册·第六章·化学反应与能量,1,thin,
CHEMISTRY,仪器的安装与连接顺序,仪器的安装与连接顺序,CHEMISTRY·综合·实验与方案设计·实验分析,1,thin,
CHEMISTRY,仪器的连接与组装原则,仪器的连接与组装原则,CHEMISTRY·综合·实验与方案设计·实验分析,1,thin,
CHEMISTRY,传统文化类试题的解题三步曲,传统文化类试题的解题三步曲,CHEMISTRY·综合·综合·综合,1,thin,
CHEMISTRY,传统文化类试题的解题方法,传统文化类试题的解题方法,CHEMISTRY·综合·综合·综合,1,thin,
CHEMISTRY,依据元素及其化合物性质推断元素,依据元素及其化合物性质推断元素,CHEMISTRY·综合·综合·综合,1,thin,
CHEMISTRY,依据化学方程式的计算,依据化学方程式的计算,CHEMISTRY·综合·综合·综合,1,thin,
CHEMISTRY,信息型氧化还原方程式的书写,信息型氧化还原方程式的书写,化学必修第一册·第一章·离子反应与氧化还原,1,thin,
CHEMISTRY,六种盐溶液蒸干后产物的判断,六种盐溶液蒸干后产物的判断,化学选择性必修1·第三章·水溶液中的离子平衡,1,thin,
CHEMISTRY,六种表示物质变化的方程式,六种表示物质变化的方程式,CHEMISTRY·综合·综合·综合,1,thin,
CHEMISTRY,分子的手性与对映异构体,分子的手性与对映异构体,化学选择性必修2·物质结构与性质·分子的空间结构,1,thin,
CHEMISTRY,分子的手性与手性碳原子,分子的手性与手性碳原子,化学选择性必修2·物质结构与性质·分子的空间结构,1,thin,
CHEMISTRY,分析图像书写热化学方程式,分析图像书写热化学方程式。,化学必修第二册·第六章·化学反应与能量,1,thin,
CHEMISTRY,分步法书写陌生非氧化还原方程式,分步法书写陌生非氧化还原方程式,化学必修第一册·第一章·离子反应与氧化还原,1,thin,
CHEMISTRY,分阶段电解的计算与溶液复原,分阶段电解的计算与溶液复原,化学选择性必修1·第四章·电化学,1,thin,
CHEMISTRY,分阶段电解的计算技巧,分阶段电解的计算技巧,化学选择性必修1·第四章·电化学,1,thin,
CHEMISTRY,利用平衡移动原理解释问题的答题模板,利用平衡移动原理解释问题的答题模板,化学选择性必修1·第二章·化学平衡,1,thin,
CHEMISTRY,制备原料,制备原料,化学必修第一册·第二章·钠及其化合物,1,thin,
CHEMISTRY,化合态,化合态,化学必修第一册·第一章·物质分类与转化,1,thin,
CHEMISTRY,化学基本概念题的解题策略,化学基本概念题的解题策略,CHEMISTRY·综合·综合·综合,1,thin,
CHEMISTRY,化学实验中的防火防爆与防暴沸,化学实验中的防火防爆与防暴沸,CHEMISTRY·综合·实验与方案设计·实验分析,1,thin,
CHEMISTRY,化学实验基本操作中的八个不能,化学实验基本操作中的八个不能,CHEMISTRY·综合·实验与方案设计·实验分析,1,thin,
CHEMISTRY,化学实验安全与试剂保存,化学实验安全与试剂保存,CHEMISTRY·综合·实验与方案设计·实验分析,1,thin,
CHEMISTRY,化学实验装置的连接与操作顺序,化学实验装置的连接与操作顺序,CHEMISTRY·综合·实验与方案设计·实验分析,1,thin,
CHEMISTRY,化学方程式中的定量关系,化学方程式中的定量关系,CHEMISTRY·综合·综合·综合,1,thin,
CHEMISTRY,化学用语中的六式,化学用语中的六式,CHEMISTRY·综合·综合·综合,1,thin,
CHEMISTRY,化学用语书写规范,化学用语书写规范,CHEMISTRY·综合·综合·综合,1,thin,
CHEMISTRY,化学计算中的关系式法,化学计算中的关系式法,CHEMISTRY·综合·综合·综合,1,thin,
CHEMISTRY,化学计算中的守恒法,化学计算中的守恒法,CHEMISTRY·综合·综合·综合,1,thin,
CHEMISTRY,化学计算的常用方法,化学计算的常用方法,CHEMISTRY·综合·综合·综合,1,thin,
CHEMISTRY,化学试剂的存放规则,化学试剂的存放规则,CHEMISTRY·综合·实验与方案设计·实验分析,1,thin,
CHEMISTRY,单质,单质,化学必修第一册·第一章·物质分类与转化,1,thin,
CHEMISTRY,卤素互化物与拟卤素解题模板,卤素互化物与拟卤素解题模板,CHEMISTRY·综合·综合·综合,1,thin,
CHEMISTRY,原子分数坐标,原子分数坐标,CHEMISTRY·综合·综合·综合,1,thin,
CHEMISTRY,各种硅酸的结构,各种硅酸的结构,化学必修第二册·第五章第三节·无机非金属材料,1,thin,
CHEMISTRY,同位素示踪法研究酯水解断键,同位素示踪法研究酯水解断键,化学选择性必修1·第三章·水溶液中的离子平衡,1,thin,
CHEMISTRY,含氧酸及其酸性比较,含氧酸及其酸性比较,化学必修第一册·第四章·物质结构元素周期律,1,thin,
CHEMISTRY,含氯化合物制备原料转化路径,含氯化合物制备原料转化路径,化学必修第一册·第二章·氯及其化合物,1,thin,
CHEMISTRY,含氯物质的制备与转化路径,含氯物质的制备与转化路径,化学必修第一册·第二章·氯及其化合物,1,thin,
CHEMISTRY,多池串联装置,多池串联装置,CHEMISTRY·综合·实验与方案设计·实验分析,1,thin,
CHEMISTRY,多重反应离子方程式的书写,多重反应离子方程式的书写,化学必修第一册·第一章·离子反应与氧化还原,1,thin,
CHEMISTRY,定量实验的数据采集与处理,定量实验的数据采集与处理,CHEMISTRY·综合·实验与方案设计·实验分析,1,thin,
CHEMISTRY,实验中的排空操作,实验中的排空操作,CHEMISTRY·综合·实验与方案设计·实验分析,1,thin,
CHEMISTRY,实验原理,实验原理,化学选择性必修1·第三章·水溶液中的离子平衡,1,thin,
CHEMISTRY,实验室实验安全,实验室实验安全,CHEMISTRY·综合·实验与方案设计·实验分析,1,thin,
CHEMISTRY,实验类试题的三类错误,实验类试题的三类错误,CHEMISTRY·综合·实验与方案设计·实验分析,1,thin,
CHEMISTRY,实验类试题的解题策略,实验类试题的解题策略,CHEMISTRY·综合·实验与方案设计·实验分析,1,thin,
CHEMISTRY,实验结论辨析的常见陷阱,实验结论辨析的常见陷阱,CHEMISTRY·综合·实验与方案设计·实验分析,1,thin,
CHEMISTRY,实验试剂与仪器的规范描述,实验试剂与仪器的规范描述,CHEMISTRY·综合·实验与方案设计·实验分析,1,thin,
CHEMISTRY,工业上常用甲烷-水蒸气重整制备氢气-体系中发生如下反应,提高平衡转化率的措施,化学必修第二册·第六章·化学反应与能量,1,thin,
CHEMISTRY,工业制硫酸的流程与原理,工业制硫酸的流程与原理,化学必修第二册·第五章·硫氮及其化合物,1,thin,
CHEMISTRY,工业制铝的酸溶法流程,工业制铝的酸溶法流程,化学必修第一册·第三章·铁与金属材料,1,thin,
CHEMISTRY,已知两个醛分子在naoh溶液作用下可以发生加成反应-生成一种羟基醛,醛的羟醛缩合,醛和酮,1,thin,
CHEMISTRY,常见净水剂消毒剂漂白剂与干燥剂,常见净水剂消毒剂漂白剂与干燥剂,化学必修第一册·第二章·氯及其化合物,1,thin,
CHEMISTRY,常见危险化学品标志与实验事故处理,常见危险化学品标志与实验事故处理,CHEMISTRY·综合·实验与方案设计·实验分析,1,thin,
CHEMISTRY,常见物质的溶解性规律,常见物质的溶解性规律,CHEMISTRY·综合·实验与方案设计·实验分析,1,thin,
CHEMISTRY,平衡常数-x1,平衡常数,化学选择性必修1·第二章·化学平衡,1,thin,
CHEMISTRY,平衡常数的应用,平衡常数的应用,化学必修第二册·第六章·化学反应与能量,1,thin,
CHEMISTRY,循环转化关系图中物质变化的分析思路,循环转化关系图中物质变化的分析思路,CHEMISTRY·综合·综合·综合,1,thin,
CHEMISTRY,微型工艺流程的过程评价,微型工艺流程的过程评价,化学必修第二册·第六章·化学反应与能量,1,thin,
CHEMISTRY,恒温线或恒压线图像,恒温线或恒压线图像,CHEMISTRY·综合·综合·综合,1,thin,
CHEMISTRY,手性分子与手性碳原子,手性分子与手性碳原子,化学选择性必修2·物质结构与性质·分子的空间结构,1,thin,
CHEMISTRY,手机-电脑的锂电池是一次电池还是二次电池,锂电池与新型电源,化学必修第二册·第六章·化学反应与能量,1,thin,
CHEMISTRY,探究型综合实验,探究型综合实验,CHEMISTRY·综合·实验与方案设计·实验分析,1,thin,
CHEMISTRY,探究性综合实验题的类型与特点,探究性综合实验题的类型与特点,CHEMISTRY·综合·实验与方案设计·实验分析,1,thin,
CHEMISTRY,支气管扩张药物特布他林-h-的一种合成路线如下,支气管扩张药物特布他林(H)的一种合成路线如下：,化学必修第二册·第七章·有机化合物,1,thin,
CHEMISTRY,晶胞参数与密度计算,晶胞参数与密度计算,CHEMISTRY·综合·综合·综合,1,thin,
CHEMISTRY,晶胞晶体密度的计算,晶胞晶体密度的计算,CHEMISTRY·综合·综合·综合,1,thin,
CHEMISTRY,有关分子的性质的易混易错点,有关分子的性质的易混易错点,化学必修第二册·第六章·化学反应与能量,1,thin,
CHEMISTRY,有关物质的熔-沸点-解答下列问题,有关物质的熔、沸点,化学必修第二册·第六章·化学反应与能量,1,thin,
CHEMISTRY,有机制备实验的操作要点,有机制备实验的操作要点,化学必修第二册·第七章·有机化合物,1,thin,
CHEMISTRY,有机化合物制备实验的分析步骤,有机化合物制备实验的分析步骤,化学选择性必修3·有机化学基础·有机合成,1,thin,
CHEMISTRY,有机实验中官能团与水解产物的检验,有机实验中官能团与水解产物的检验,化学选择性必修1·第三章·水溶液中的离子平衡,1,thin,
CHEMISTRY,有机物制备的基本操作,有机物制备的基本操作,化学必修第二册·第七章·有机化合物,1,thin,
CHEMISTRY,极端假设法确定各物质浓度范围,极端假设法确定各物质浓度范围,CHEMISTRY·综合·综合·综合,1,thin,
CHEMISTRY,极端假设法确定浓度范围,极端假设法确定浓度范围,CHEMISTRY·综合·综合·综合,1,thin,
CHEMISTRY,核反应方程的分析,核反应方程的分析,CHEMISTRY·综合·综合·综合,1,thin,
CHEMISTRY,核素的相对原子质量与元素的相对原子质量,核素的相对原子质量与元素的相对原子质量,化学选择性必修2·物质结构与性质·原子结构与元素周期表,1,thin,
CHEMISTRY,根据化学方程式计算的步骤,根据化学方程式计算的步骤,CHEMISTRY·综合·综合·综合,1,thin,
CHEMISTRY,根据反应事实判断性质的强弱,根据反应事实判断性质的强弱。,化学选择性必修1·第一章·反应热与能量,1,thin,
CHEMISTRY,根据性质确定官能团的位置,根据性质确定官能团的位置,化学必修第二册·第七章·有机化合物,1,thin,
CHEMISTRY,步骤③和步骤④的操作顺序能否颠倒-为什么,坩埚灼烧固体的操作要点,化学必修第二册·第五章·硫氮及其化合物,1,thin,
CHEMISTRY,气体体积的测定,气体体积的测定,CHEMISTRY·综合·综合·综合,1,thin,
CHEMISTRY,气体泄漏的检验与白烟白雾辨析,气体泄漏的检验与白烟白雾辨析,CHEMISTRY·综合·实验与方案设计·实验分析,1,thin,
CHEMISTRY,氢化钠-nah-广泛应用于工业生产,氢化钠(NaH)广泛应用于工业生产。,化学选择性必修1·第一章·反应热与能量,1,thin,
CHEMISTRY,氢氧化钠的性质与应用,氢氧化钠的性质与应用,化学必修第一册·第二章·钠及其化合物,1,thin,
CHEMISTRY,氢氧化铝沉淀图像分析,氢氧化铝沉淀图像分析,化学必修第一册·第三章·铁与金属材料,1,thin,
CHEMISTRY,氢氧化铝沉淀的图像与计算,氢氧化铝沉淀的图像与计算,化学必修第一册·第三章·铁与金属材料,1,thin,
CHEMISTRY,氢氧化铝沉淀量的计算,氢氧化铝沉淀量的计算,化学必修第一册·第三章·铁与金属材料,1,thin,
CHEMISTRY,氧化还原滴定法,氧化还原滴定法,化学选择性必修1·第三章·水溶液中的离子平衡,1,thin,
CHEMISTRY,氮及化合物的-十大-误区,氮及化合物的“十大”误区,化学必修第二册·第五章·硫氮及其化合物,1,thin,
CHEMISTRY,氯及其化合物的价类二维图,氯及其化合物的价类二维图,化学必修第一册·第二章·氯及其化合物,1,thin,
CHEMISTRY,氯胺,氯胺,化学必修第一册·第二章·氯及其化合物,1,thin,
CHEMISTRY,水垢的成分与除水垢方法,水垢的成分与除水垢方法,CHEMISTRY·综合·综合·综合,1,thin,
CHEMISTRY,水电离出的c水(H＋)与c水(OH－)的计算,水电离出的c水(H＋)与c水(OH－)的计算,化学选择性必修1·第三章·水溶液中的离子平衡,1,thin,
CHEMISTRY,水的电离平衡曲线,水的电离平衡曲线,化学选择性必修1·第三章·水溶液中的离子平衡,1,thin,
CHEMISTRY,沉淀溶解平衡实验设计与评价题的解题思路,沉淀溶解平衡实验设计与评价题的解题思路,化学选择性必修1·第三章·水溶液中的离子平衡,1,thin,
CHEMISTRY,液流电池的特点与分析,液流电池的特点与分析,化学选择性必修1·第四章·电化学,1,thin,
CHEMISTRY,混合物计算的方法,混合物计算的方法,CHEMISTRY·综合·综合·综合,1,thin,
CHEMISTRY,溶液中离子反应与平衡图像题解题策略,溶液中离子反应与平衡图像题解题策略,化学选择性必修1·第三章·水溶液中的离子平衡,1,thin,
CHEMISTRY,溶解性与溶解度的关系,溶解性与溶解度的关系,CHEMISTRY·综合·实验与方案设计·实验分析,1,thin,
CHEMISTRY,溶质为碱的溶液-h-全部来自水的电离,溶质为碱的溶液：H＋全部来自水的电离。,化学选择性必修1·第三章·水溶液中的离子平衡·水的电离和溶液的pH,1,thin,
CHEMISTRY,溶质判断与溶液体积的易错点,溶质判断与溶液体积的易错点,CHEMISTRY·综合·综合·综合,1,thin,
CHEMISTRY,滴加顺序不同现象不同,滴加顺序不同现象不同,CHEMISTRY·综合·综合·综合,1,thin,
CHEMISTRY,热重法测定物质组成,热重法测定物质组成,CHEMISTRY·综合·实验与方案设计·实验分析,1,thin,
CHEMISTRY,焰色反应,焰色反应,化学必修第一册·第二章·钠及其化合物,1,thin,
CHEMISTRY,燃烧通式与平均值法,燃烧通式与平均值法,CHEMISTRY·综合·综合·综合,1,thin,
CHEMISTRY,物质的性质与变化的关系,物质的性质与变化的关系,CHEMISTRY·综合·综合·综合,1,thin,
CHEMISTRY,物质的溶解与加热操作,物质的溶解与加热操作,CHEMISTRY·综合·实验与方案设计·实验分析,1,thin,
CHEMISTRY,物质的溶解与稀释,物质的溶解与稀释,CHEMISTRY·综合·实验与方案设计·实验分析,1,thin,
CHEMISTRY,物质的溶解与稀释操作,物质的溶解与稀释操作,CHEMISTRY·综合·实验与方案设计·实验分析,1,thin,
CHEMISTRY,物质的量在化学方程式计算中的步骤,物质的量在化学方程式计算中的步骤,化学必修第一册·第一章·物质分类与转化,1,thin,
CHEMISTRY,物质间不能一步实现的转化,物质间不能一步实现的转化,CHEMISTRY·综合·综合·综合,1,thin,
CHEMISTRY,用稀有气体元素确定主族元素位置,用稀有气体元素确定主族元素位置,化学必修第一册·第四章·物质结构元素周期律,1,thin,
CHEMISTRY,由水电离的c(H＋)或c(OH－)的计算,由水电离的c(H＋)或c(OH－)的计算,化学选择性必修1·第三章·水溶液中的离子平衡,1,thin,
CHEMISTRY,甲-乙-丙三种有机物的结构如下,甲、乙、丙三种有机物的结构如下：,化学必修第二册·第六章·化学反应与能量,1,thin,
CHEMISTRY,电化学回路中电子流向与离子迁移,电化学回路中电子流向与离子迁移,化学选择性必修1·第四章·电化学,1,thin,
CHEMISTRY,电化学装置的回路分析与离子迁移,电化学装置的回路分析与离子迁移,化学选择性必修1·第四章·电化学,1,thin,
CHEMISTRY,电离平衡中的7个易错点,电离平衡中的7个易错点,化学选择性必修1·第三章·水溶液中的离子平衡·电离平衡,1,thin,
CHEMISTRY,电解水,电解水。,化学必修第一册·第三章·铁与金属材料,1,thin,
CHEMISTRY,电解精炼,电解精炼,化学选择性必修1·第四章·电化学,1,thin,
CHEMISTRY,电解质的电离的-易错点,电解质的电离的“易错点”,化学必修第一册·第一章·离子反应与氧化还原,1,thin,
CHEMISTRY,相对原子质量,相对原子质量,CHEMISTRY·综合·综合·综合,1,thin,
CHEMISTRY,相对原子质量(核素与元素),相对原子质量(核素与元素),化学选择性必修2·物质结构与性质·原子结构与元素周期表,1,thin,
CHEMISTRY,相对原子质量与近似相对原子质量,相对原子质量与近似相对原子质量,CHEMISTRY·综合·综合·综合,1,thin,
CHEMISTRY,硒、碲及其化合物的性质,硒、碲及其化合物的性质,化学必修第二册·第五章·硫氮及其化合物,1,thin,
CHEMISTRY,硒和碲及其化合物的性质,硒和碲及其化合物的性质,化学必修第二册·第五章·硫氮及其化合物,1,thin,
CHEMISTRY,硫酸亚铁铵的制备,硫酸亚铁铵的制备,化学必修第一册·第三章·铁与金属材料,1,thin,
CHEMISTRY,硫酸是中学化学实验室的常见药品-其性质有,硫酸的性质与实验应用,化学必修第二册·第五章·硫氮及其化合物,1,thin,
CHEMISTRY,磷及其化合物的性质,磷及其化合物的性质,CHEMISTRY·综合·综合·综合,1,thin,
CHEMISTRY,离子反应先后顺序的判断,离子反应先后顺序的判断,化学必修第一册·第一章·离子反应与氧化还原,1,thin,
CHEMISTRY,离子反应顺序的判断,离子反应顺序的判断,化学必修第一册·第一章·离子反应与氧化还原,1,thin,
CHEMISTRY,离子推断解题技法,离子推断解题技法,CHEMISTRY·综合·综合·综合,1,thin,
CHEMISTRY,等温(等压)平衡曲线分析,等温(等压)平衡曲线分析,CHEMISTRY·综合·综合·综合,1,thin,
CHEMISTRY,等质量的铝与足量的盐酸-氢氧化钠溶液分别反应,等质量的铝与足量的盐酸、氢氧化钠溶液分别反应：,铝及其化合物,1,thin,
CHEMISTRY,纯度、转化率与产率的计算,纯度、转化率与产率的计算,化学选择性必修1·第二章·化学平衡,1,thin,
CHEMISTRY,组分含量（或浓度）与温度的关系图像,组分含量（或浓度）与温度的关系图像,CHEMISTRY·综合·综合·综合,1,thin,
CHEMISTRY,能源类型的划分,能源类型的划分,化学必修第二册·第六章·化学反应与能量,1,thin,
CHEMISTRY,臭氧与硫代硫酸盐的性质,臭氧与硫代硫酸盐的性质,化学必修第二册·第五章·硫氮及其化合物,1,thin,
CHEMISTRY,若上述题目中的-1-4-改成一定温度下的恒压密闭容器-结果又如何,若上述题目中的,化学必修第二册·第六章·化学反应与能量,1,thin,
CHEMISTRY,若某溶液中既含又含-请设计实验检验混合溶液中是否存在,若某溶液中既含又含,化学必修第二册·第五章·硫氮及其化合物,1,thin,
CHEMISTRY,规避两个易失分点,规避两个易失分点,化学必修第二册·第六章·化学反应与能量,1,thin,
CHEMISTRY,试剂的保存方法,试剂的保存方法,CHEMISTRY·综合·实验与方案设计·实验分析,1,thin,
CHEMISTRY,过渡金属的多价态与氧化性规律,过渡金属的多价态与氧化性规律,化学必修第一册·第三章·铁与金属材料,1,thin,
CHEMISTRY,速率-温度(压强)图像,速率-温度(压强)图像,化学选择性必修1·第二章·化学平衡,1,thin,
CHEMISTRY,速率—压强(或温度)图像,速率—压强(或温度)图像,化学选择性必修1·第二章·化学平衡,1,thin,
CHEMISTRY,酸或碱溶液中水电离程度的计算,酸或碱溶液中水电离程度的计算,化学选择性必修1·第三章·水溶液中的离子平衡,1,thin,
CHEMISTRY,醛的应用和对环境-健康产生的影响,醛的应用和对环境、健康产生的影响,醛和酮,1,thin,
CHEMISTRY,重铬酸盐的强氧化性,重铬酸盐的强氧化性,化学必修第一册·第三章·铁与金属材料,1,thin,
CHEMISTRY,金属氢化物,金属氢化物,化学必修第一册·第三章·铁与金属材料,1,thin,
CHEMISTRY,钴及其化合物的性质,钴及其化合物的性质,化学必修第一册·第三章·铁与金属材料,1,thin,
CHEMISTRY,铁粉与硫粉在空气中混合燃烧时-可能发生哪些反应,铁与硫的反应,化学必修第二册·第五章·硫氮及其化合物,1,thin,
CHEMISTRY,铝土矿提纯的酸溶法,铝土矿提纯的酸溶法,化学必修第一册·第三章·铁与金属材料,1,thin,
CHEMISTRY,铝盐与碱反应的图像分析,铝盐与碱反应的图像分析,化学必修第一册·第三章·铁与金属材料,1,thin,
CHEMISTRY,防倒吸装置,防倒吸装置,CHEMISTRY·综合·实验与方案设计·实验分析,1,thin,
CHEMISTRY,饱和一元醛-酮的通式,饱和一元醛、酮的通式,醛和酮,1,thin,
CHEMISTRY,黄酮哌酯是一种解痉药-可通过如下路线合成,由定量关系推断官能团数目,化学必修第二册·第七章·有机化合物,1,thin,
MATH,一元一次不等式的解法,一元一次不等式的解法,数学必修第一册·第二章·不等式,1,thin,
MATH,一元三次方程根的个数判断,一元三次方程根的个数判断,数学选择性必修第二册·第五章·函数与导数,1,thin,
MATH,三次函数图象的分析策略,三次函数图象的分析策略,数学选择性必修第二册·第五章·函数与导数,1,thin,
MATH,三次函数图象的数轴标根作法,三次函数图象的数轴标根作法,数学选择性必修第二册·第五章·函数与导数,1,thin,
MATH,三点共线求距离最值,三点共线求距离最值,数学必修第一册·第三章·函数的概念与性质,1,thin,
MATH,三角函数中ω的取值范围的确定方法,三角函数中ω的取值范围的确定方法,数学必修第一册·第五章·三角函数,1,thin,
MATH,三角函数极值点问题的解法,三角函数极值点问题的解法,数学必修第一册·第五章·三角函数,1,thin,
MATH,三角函数求值中的易错点,三角函数求值中的易错点,数学必修第一册·第五章·三角函数,1,thin,
MATH,三角函数零点问题的解法,三角函数零点问题的解法,数学选择性必修第二册·第五章·函数与导数,1,thin,
MATH,三角形中的射影定理与正切恒等式,三角形中的射影定理与正切恒等式,数学必修第一册·第五章·三角函数,1,thin,
MATH,三角形内的正切恒等式,三角形内的正切恒等式,数学必修第一册·第五章·三角函数,1,thin,
MATH,三角形四心的向量特征,三角形四心的向量特征,数学必修第二册·第六章·平面向量,1,thin,
MATH,三角形的四心,三角形的四心,数学必修第一册·第五章·三角函数,1,thin,
MATH,三角形的心的向量表示,三角形的心的向量表示,数学必修第二册·第六章·平面向量,1,thin,
MATH,三角形高线的处理方法,三角形高线的处理方法,数学必修第一册·第五章·三角函数,1,thin,
MATH,三角换元求最值,三角换元求最值,数学必修第一册·第五章·三角函数,1,thin,
MATH,上台阶模型,上台阶模型,数学必修第一册·第三章·函数的概念与性质,1,thin,
MATH,下电梯与公交车模型,下电梯与公交车模型,数学必修第一册·第三章·函数的概念与性质,1,thin,
MATH,中国剩余定理,中国剩余定理,数学必修第一册·第三章·函数的概念与性质,1,thin,
MATH,为奇函数,为奇函数．,数学必修第一册·第三章·函数的概念与性质,1,thin,
MATH,二次函数图象的分析要点,二次函数图象的分析要点,数学必修第一册·第三章·函数的概念与性质,1,thin,
MATH,二次函数的图象与性质,二次函数的图象与性质,数学必修第一册·第三章·函数的概念与性质,1,thin,
MATH,二次根式的运算,二次根式的运算,数学必修第一册·第三章·函数的概念与性质,1,thin,
MATH,二阶导数与函数的凹凸性,二阶导数与函数的凹凸性,数学选择性必修第二册·第五章·函数与导数,1,thin,
MATH,二阶导数法判断函数单调性,二阶导数法判断函数单调性,数学选择性必修第二册·第五章·函数与导数,1,thin,
MATH,二阶等差数列与图形数,二阶等差数列与图形数,数学选择性必修第二册·第四章·数列,1,thin,
MATH,互为反函数的图象对称性,互为反函数的图象对称性,数学必修第一册·第三章·函数的概念与性质,1,thin,
MATH,五边两角模型,五边两角模型,数学必修第一册·第五章·解三角形,1,thin,
MATH,交点与距离问题的易错点,交点与距离问题的易错点,数学必修第一册·第三章·函数的概念与性质,1,thin,
MATH,人与座位模型,人与座位模型,数学必修第一册·第三章·函数的概念与性质,1,thin,
MATH,保序问题与书目插书法,保序问题与书目插书法,数学必修第一册·第三章·函数的概念与性质,1,thin,
MATH,倍值函数,倍值函数,数学必修第一册·第三章·函数的概念与性质,1,thin,
MATH,倍角三角形,倍角三角形,数学必修第一册·第五章·三角函数,1,thin,
MATH,偶次方根的被开方数的被开方数必须大于等于零-即中,n次方根的性质,数学必修第一册·第三章·函数的概念与性质,1,thin,
MATH,全期望公式,全期望公式,数学必修第二册·第九十章（条件概率与正态分布见选择性必修第三册）·概率统计,1,thin,
MATH,公共项求和,公共项求和,数学选择性必修第二册·第四章·数列,1,thin,
MATH,共焦点的椭圆与双曲线,共焦点的椭圆与双曲线,数学选择性必修第一册·第二三章·解析几何,1,thin,
MATH,几何体染色的处理技巧,几何体染色的处理技巧,数学选择性必修第三册·第六章·计数原理,1,thin,
MATH,凹凸函数的几何特征,凹凸函数的几何特征,数学选择性必修第二册·第五章·函数与导数,1,thin,
MATH,凹凸反转法,凹凸反转法,数学选择性必修第二册·第五章·函数与导数,1,thin,
MATH,凹凸性与切线放缩方向,凹凸性与切线放缩方向,数学选择性必修第二册·第四章·数列,1,thin,
MATH,函数与方程的综合运用,函数与方程的综合运用,数学必修第一册·第三章·函数的概念与性质,1,thin,
MATH,函数单调性的应用策略,函数单调性的应用策略,数学必修第一册·第三章·函数的概念与性质,1,thin,
MATH,函数图象与实际变化过程的匹配判断,函数图象与实际变化过程的匹配判断,数学必修第一册·第三章·函数的概念与性质,1,thin,
MATH,函数图象与描点法作图,函数图象与描点法作图,数学必修第一册·第三章·函数的概念与性质,1,thin,
MATH,函数新定义问题的解题方法,函数新定义问题的解题方法,数学必修第一册·第三章·函数的概念与性质,1,thin,
MATH,函数的极值与最值的关系,函数的极值与最值的关系,数学必修第一册·第三章·函数的概念与性质,1,thin,
MATH,函数零点个数与求参问题,函数零点个数与求参问题,数学选择性必修第二册·第五章·函数与导数,1,thin,
MATH,函数零点的求和问题,函数零点的求和问题,数学必修第一册·第三章·函数的概念与性质,1,thin,
MATH,分式型函数的值域,分式型函数的值域,数学必修第一册·第三章·函数的概念与性质,1,thin,
MATH,分指结构裂项放缩,分指结构裂项放缩,数学选择性必修第二册·第四章·数列,1,thin,
MATH,分角定理,分角定理,数学必修第一册·第三章·函数的概念与性质,1,thin,
MATH,切线放缩的切点选择,切线放缩的切点选择,数学选择性必修第二册·第四章·数列,1,thin,
MATH,判定三角形的形状,判定三角形的形状,数学必修第一册·第五章·三角函数,1,thin,
MATH,判断不等式正误的常用方法,判断不等式正误的常用方法,数学必修第一册·第二章·不等式,1,thin,
MATH,利用前n项和与通项的关系求通项,利用前n项和与通项的关系求通项,数学选择性必修第二册·第四章·数列,1,thin,
MATH,利用奇偶性求参数,利用奇偶性求参数,数学必修第一册·第三章·函数的概念与性质,1,thin,
MATH,利用导数研究单调性的易错点,利用导数研究单调性的易错点,数学选择性必修第二册·第五章·函数与导数,1,thin,
MATH,前n项积求通项,前n项积求通项,数学选择性必修第二册·第四章·数列,1,thin,
MATH,双外心模型的证明,双外心模型的证明,数学必修第二册·第八章（空间向量见选择性必修第一册）·立体几何,1,thin,
MATH,双曲函数,双曲函数,数学必修第一册·第三章·函数的概念与性质,1,thin,
MATH,含参三角函数求值,含参三角函数求值,数学必修第一册·第五章·三角函数,1,thin,
MATH,含参数三角函数的最值问题,含参数三角函数的最值问题,数学必修第一册·第五章·三角函数,1,thin,
MATH,周期数列的周期确认与求和要点,周期数列的周期确认与求和要点,数学选择性必修第二册·第四章·数列,1,thin,
MATH,和数列与积数列的通项,和数列与积数列的通项,数学选择性必修第二册·第四章·数列,1,thin,
MATH,四心与极化恒等式、奔驰定理的速用技巧,四心与极化恒等式、奔驰定理的速用技巧,数学必修第二册·第六章·平面向量,1,thin,
MATH,圆中最值的常用结论,圆中最值的常用结论,数学必修第一册·第三章·函数的概念与性质,1,thin,
MATH,圆中的定值问题,圆中的定值问题,数学选择性必修第一册·第二三章·解析几何,1,thin,
MATH,圆中的定点与定值问题,圆中的定点与定值问题,数学选择性必修第一册·第二三章·解析几何,1,thin,
MATH,圆中的范围与最值问题,圆中的范围与最值问题,数学必修第一册·第三章·函数的概念与性质,1,thin,
MATH,圆的一般方程,圆的一般方程,数学必修第一册·第三章·函数的概念与性质,1,thin,
MATH,圆的弦长问题,圆的弦长问题,数学选择性必修第一册·第二三章·解析几何,1,thin,
MATH,圆的方程解题易错点,圆的方程解题易错点,数学必修第一册·第三章·函数的概念与性质,1,thin,
MATH,圆锥曲线中最值或范围问题的代数法,圆锥曲线中最值或范围问题的代数法,数学选择性必修第一册·第二三章·解析几何,1,thin,
MATH,圆锥曲线中最值或范围问题的几何法,圆锥曲线中最值或范围问题的几何法,数学选择性必修第一册·第二三章·解析几何,1,thin,
MATH,圆锥曲线中的向量条件转化,圆锥曲线中的向量条件转化,数学选择性必修第一册·第二三章·解析几何,1,thin,
MATH,圆锥曲线创新题,圆锥曲线创新题,数学选择性必修第一册·第二三章·解析几何,1,thin,
MATH,圆锥曲线焦点弦三角形的常用结论,圆锥曲线焦点弦三角形的常用结论,数学选择性必修第一册·第二三章·解析几何,1,thin,
MATH,圆锥曲线的光学性质,圆锥曲线的光学性质,数学选择性必修第一册·第二三章·解析几何,1,thin,
MATH,圆锥曲线的弦长问题,圆锥曲线的弦长问题,数学选择性必修第一册·第二三章·解析几何,1,thin,
MATH,圆锥曲线的截线性质,圆锥曲线的截线性质,数学选择性必修第一册·第二三章·解析几何,1,thin,
MATH,圆锥曲线离心率的求法,圆锥曲线离心率的求法,数学选择性必修第一册·第二三章·解析几何,1,thin,
MATH,坐标旋转公式,坐标旋转公式,数学必修第一册·第三章·函数的概念与性质,1,thin,
MATH,垂面模型的建系方法,垂面模型的建系方法,数学必修第二册·第六章·平面向量,1,thin,
MATH,塞瓦定理,塞瓦定理,数学必修第一册·第三章·函数的概念与性质,1,thin,
MATH,复合函数的定义与单调性,复合函数的定义与单调性,数学必修第一册·第三章·函数的概念与性质,1,thin,
MATH,复数的三角表示式,复数的三角表示式,数学必修第一册·第五章·三角函数,1,thin,
MATH,复数的方程,复数的方程,数学必修第二册·第七章·复数,1,thin,
MATH,复数范围内解方程,复数范围内解方程,数学必修第二册·第七章·复数,1,thin,
MATH,多重受限条件的排列组合处理,多重受限条件的排列组合处理,数学选择性必修第三册·第六章·计数原理,1,thin,
MATH,多面体欧拉定理,多面体欧拉定理,数学必修第二册·第八章（空间向量见选择性必修第一册）·立体几何,1,thin,
MATH,奇偶性解题的两个易误点,奇偶性解题的两个易误点,数学必修第一册·第三章·函数的概念与性质,1,thin,
MATH,奇偶项与含(-1)^n的数列求和,奇偶项与含(-1)^n的数列求和,数学选择性必修第二册·第四章·数列,1,thin,
MATH,奇偶项分类讨论求和,奇偶项分类讨论求和,数学必修第一册·第三章·函数的概念与性质,1,thin,
MATH,子数列问题,子数列问题,数学选择性必修第二册·第四章·数列,1,thin,
MATH,定义法-步骤是-一作-二证-三求,定义法：步骤是“一作、二证、三求”．,数学必修第二册·第八章（空间向量见选择性必修第一册）·立体几何,1,thin,
MATH,定理法-利用零点存在定理-函数的图象在区间上是连续不断的曲线-且,定理法,数学必修第一册·第三章·函数的概念与性质,1,thin,
MATH,实系数一元二次方程的根与韦达定理,实系数一元二次方程的根与韦达定理,数学必修第一册·第三章·函数的概念与性质,1,thin,
MATH,对棱相等四面体的外接球,对棱相等四面体的外接球,数学必修第二册·第八章（空间向量见选择性必修第一册）·立体几何,1,thin,
MATH,导数中的整数解问题,导数中的整数解问题,数学选择性必修第二册·第五章·函数与导数,1,thin,
MATH,导数双变量问题的处理方法,导数双变量问题的处理方法,数学选择性必修第二册·第五章·函数与导数,1,thin,
MATH,导数新定义问题的解题策略,导数新定义问题的解题策略,数学选择性必修第二册·第五章·函数与导数,1,thin,
MATH,嵌套函数的最值与参数范围,嵌套函数的最值与参数范围,数学必修第一册·第三章·函数的概念与性质,1,thin,
MATH,差式递推的压缩放缩,差式递推的压缩放缩,数学选择性必修第二册·第四章·数列,1,thin,
MATH,已知函数零点求参数的方法,已知函数零点求参数的方法,数学选择性必修第二册·第五章·函数与导数,1,thin,
MATH,已知零点个数求参数的方法,已知零点个数求参数的方法,数学选择性必修第二册·第五章·函数与导数,1,thin,
MATH,布洛卡点,布洛卡点,数学必修第一册·第三章·函数的概念与性质,1,thin,
MATH,帕德近似,帕德近似,数学选择性必修第二册·第五章·函数与导数,1,thin,
MATH,平均数与方差的线性变换,平均数与方差的线性变换,数学必修第二册·第九十章（条件概率与正态分布见选择性必修第三册）·概率统计,1,thin,
MATH,平方和与立方和公式,平方和与立方和公式,数学选择性必修第二册·第四章·数列,1,thin,
MATH,平移切线法,平移切线法,数学必修第一册·第三章·函数的概念与性质,1,thin,
MATH,平面向量与三角形的四心,平面向量与三角形的四心,数学必修第二册·第六章·平面向量,1,thin,
MATH,平面向量压轴题的破题思路,平面向量压轴题的破题思路,数学必修第二册·第六章·平面向量,1,thin,
MATH,平面向量模型的识别与选用,平面向量模型的识别与选用,数学必修第二册·第六章·平面向量,1,thin,
MATH,平面向量问题的建系技巧,平面向量问题的建系技巧,数学必修第二册·第六章·平面向量,1,thin,
MATH,弦长成等差等比数列,弦长成等差等比数列,数学选择性必修第一册·第二三章·解析几何,1,thin,
MATH,弦长的和差与比值问题,弦长的和差与比值问题,数学选择性必修第一册·第二三章·解析几何,1,thin,
MATH,截角多面体的外接球,截角多面体的外接球,数学必修第二册·第八章（空间向量见选择性必修第一册）·立体几何,1,thin,
MATH,截角多面体的表面积与体积,截角多面体的表面积与体积,数学必修第二册·第八章（空间向量见选择性必修第一册）·立体几何,1,thin,
MATH,手电筒模型,手电筒模型,数学必修第一册·第三章·函数的概念与性质,1,thin,
MATH,指对处理,指对处理,数学必修第一册·第四章·指数函数与对数函数,1,thin,
MATH,指数,指数,数学必修第一册·第四章·指数函数与对数函数,1,thin,
MATH,指数函数与对数函数的图象关系,指数函数与对数函数的图象关系,数学必修第一册·第三章·函数的概念与性质,1,thin,
MATH,排列组合审题三步法,排列组合审题三步法,数学选择性必修第三册·第六章·计数原理,1,thin,
MATH,排列组合常用六法,排列组合常用六法,数学选择性必修第三册·第六章·计数原理,1,thin,
MATH,描点法作函数图象,描点法作函数图象,数学必修第一册·第三章·函数的概念与性质,1,thin,
MATH,插项求和,插项求和,数学选择性必修第二册·第四章·数列,1,thin,
MATH,数列中的去项与插项问题,数列中的去项与插项问题,数学选择性必修第二册·第四章·数列,1,thin,
MATH,数列新定义问题的模型分类,数列新定义问题的模型分类,数学选择性必修第二册·第四章·数列,1,thin,
MATH,数字化法与网格最短路径计数,数字化法与网格最短路径计数,数学选择性必修第三册·第六章·计数原理,1,thin,
MATH,数据线性变换的平均数与方差,数据线性变换的平均数与方差,数学必修第二册·第九十章（条件概率与正态分布见选择性必修第三册）·概率统计,1,thin,
MATH,新定义函数题的解题思路,新定义函数题的解题思路,数学必修第一册·第三章·函数的概念与性质,1,thin,
MATH,新定义问题的解题策略,新定义问题的解题策略,数学必修第一册·第三章·函数的概念与性质,1,thin,
MATH,新定义题型的一般解题策略,新定义题型的一般解题策略,数学必修第一册·第三章·函数的概念与性质,1,thin,
MATH,新定义题的通用解题步骤与理解技巧,新定义题的通用解题步骤与理解技巧,数学必修第一册·第三章·函数的概念与性质,1,thin,
MATH,最值函数,最值函数,数学必修第一册·第三章·函数的概念与性质,1,thin,
MATH,有条件等式的最值,有条件等式的最值,数学必修第一册·第三章·函数的概念与性质,1,thin,
MATH,极值最值问题中的等价转化,极值最值问题中的等价转化,数学必修第一册·第三章·函数的概念与性质,1,thin,
MATH,根式不等式的解法,根式不等式的解法,数学必修第一册·第二章·不等式,1,thin,
MATH,梅涅劳斯定理,梅涅劳斯定理,数学必修第一册·第三章·函数的概念与性质,1,thin,
MATH,棣莫弗定理,棣莫弗定理,数学必修第一册·第三章·函数的概念与性质,1,thin,
MATH,棣莫弗定理与1的n次方根,棣莫弗定理与1的n次方根,数学必修第一册·第三章·函数的概念与性质,1,thin,
MATH,棱切球,棱切球,数学必修第二册·第八章（空间向量见选择性必修第一册）·立体几何,1,thin,
MATH,欧拉线,欧拉线,数学选择性必修第一册·第二三章·解析几何,1,thin,
MATH,正弦平方差与正切恒等式,正弦平方差与正切恒等式,数学必修第二册·第九十章（条件概率与正态分布见选择性必修第三册）·概率统计,1,thin,
MATH,正方体、长方体与球,正方体、长方体与球,数学必修第二册·第八章（空间向量见选择性必修第一册）·立体几何,1,thin,
MATH,正方体切割出的四面体模型,正方体切割出的四面体模型,数学必修第二册·第八章（空间向量见选择性必修第一册）·立体几何,1,thin,
MATH,比值与差值换元法处理双变量,比值与差值换元法处理双变量,数学选择性必修第二册·第五章·函数与导数,1,thin,
MATH,求和问题,求和问题,数学选择性必修第二册·第四章·数列,1,thin,
MATH,求圆锥曲线离心率的四步法,求圆锥曲线离心率的四步法,数学选择性必修第一册·第二三章·解析几何,1,thin,
MATH,求展开式中系数最大的项,求展开式中系数最大的项,数学必修第一册·第三章·函数的概念与性质,1,thin,
MATH,注意解题-3关键,注意解题“3关键”,数学选择性必修第二册·第四章·数列,1,thin,
MATH,涂色问题的计数方法,涂色问题的计数方法,数学选择性必修第三册·第六章·计数原理,1,thin,
MATH,爪子定理,爪子定理,数学必修第一册·第三章·函数的概念与性质,1,thin,
MATH,爪形三角形问题的解题策略,爪形三角形问题的解题策略,数学必修第一册·第五章·三角函数,1,thin,
MATH,牛顿切线法（用导数求方程近似解）,牛顿切线法（用导数求方程近似解）,数学选择性必修第二册·第五章·函数与导数,1,thin,
MATH,特殊元素与特殊位置优先法,特殊元素与特殊位置优先法,数学必修第一册·第三章·函数的概念与性质,1,thin,
MATH,狄利克雷函数,狄利克雷函数,数学必修第一册·第三章·函数的概念与性质,1,thin,
MATH,狄利克雷函数与高斯函数,狄利克雷函数与高斯函数,数学必修第一册·第三章·函数的概念与性质,1,thin,
MATH,球放盒子模型,球放盒子模型,数学选择性必修第三册·第六章·计数原理,1,thin,
MATH,球面三角形与曲面三棱锥,球面三角形与曲面三棱锥,数学必修第二册·第八章（空间向量见选择性必修第一册）·立体几何,1,thin,
MATH,用函数图象解不等式,用函数图象解不等式,数学必修第一册·第二章·不等式,1,thin,
MATH,由三角函数的性质求参数,由三角函数的性质求参数,数学必修第一册·第五章·三角函数,1,thin,
MATH,由切线条件求参数,由切线条件求参数,数学必修第一册·第三章·函数的概念与性质,1,thin,
MATH,由图象确定函数解析式的方法,由图象确定函数解析式的方法,数学必修第一册·第三章·函数的概念与性质,1,thin,
MATH,直线与圆综合题的解题策略,直线与圆综合题的解题策略,数学必修第一册·第三章·函数的概念与性质,1,thin,
MATH,直线的方向向量与参数方程,直线的方向向量与参数方程,数学必修第二册·第六章·平面向量,1,thin,
MATH,相伴函数,相伴函数,数学必修第一册·第三章·函数的概念与性质,1,thin,
MATH,相同元素只选不排原则,相同元素只选不排原则,数学必修第一册·第三章·函数的概念与性质,1,thin,
MATH,破-重点难点-突破重难点-冲刺高分,破·重点难点：突破重难点，冲刺高分。,数学必修第二册·第八章（空间向量见选择性必修第一册）·立体几何,1,thin,
MATH,离心率的范围问题,离心率的范围问题,数学选择性必修第一册·第二三章·解析几何,1,thin,
MATH,空位型相同元素排列,空位型相同元素排列,数学选择性必修第三册·第六章·计数原理,1,thin,
MATH,立体几何中的轨迹问题,立体几何中的轨迹问题,数学必修第二册·第八章（空间向量见选择性必修第一册）·立体几何,1,thin,
MATH,等差与等比纠缠型数列,等差与等比纠缠型数列,数学选择性必修第二册·第四章·数列,1,thin,
MATH,等差数列与等比数列的相互转化,等差数列与等比数列的相互转化,数学选择性必修第二册·第四章·数列,1,thin,
MATH,等比数列的判定方法,等比数列的判定方法,数学选择性必修第二册·第四章·数列,1,thin,
MATH,线面平行的定义-一条直线与一个平面无公共点-不相交,线面平行的定义,数学必修第二册·第八章（空间向量见选择性必修第一册）·立体几何,1,thin,
MATH,虚数单位幂的周期性,虚数单位幂的周期性,数学必修第一册·第三章·函数的概念与性质,1,thin,
MATH,解三角形中周长最值的求法,解三角形中周长最值的求法,数学必修第一册·第五章·三角函数,1,thin,
MATH,解三角形中的几何图形及证明类问题,解三角形中的几何图形及证明类问题,数学必修第一册·第五章·三角函数,1,thin,
MATH,解三角形中的周长与边长范围问题,解三角形中的周长与边长范围问题,数学必修第一册·第五章·三角函数,1,thin,
MATH,解三角形中角的范围问题,解三角形中角的范围问题,数学必修第一册·第五章·三角函数,1,thin,
MATH,解三角形在平面几何中的应用,解三角形在平面几何中的应用,数学必修第一册·第五章·三角函数,1,thin,
MATH,解三角形常用二级结论,解三角形常用二级结论,数学必修第一册·第五章·三角函数,1,thin,
MATH,解析几何中向量条件的处理方法,解析几何中向量条件的处理方法,数学必修第二册·第六章·平面向量,1,thin,
MATH,计数原理的推广形式,计数原理的推广形式,数学选择性必修第三册·第六章·计数原理,1,thin,
MATH,计数问题的通用解题流程,计数问题的通用解题流程,数学选择性必修第三册·第六章·计数原理,1,thin,
MATH,证明等差与等比数列的方法,证明等差与等比数列的方法,数学选择性必修第二册·第四章·数列,1,thin,
MATH,辨-易混易错-辨析易混易错知识点-夯实基础,辨·易混易错：辨析易混易错知识点，夯实基础。,数学必修第二册·第八章（空间向量见选择性必修第一册）·立体几何,1,thin,
MATH,递推式含(-1)^(n+1)的每四项并项,递推式含(-1)^(n+1)的每四项并项,数学选择性必修第二册·第四章·数列,1,thin,
MATH,部分奇偶性,部分奇偶性,数学必修第一册·第三章·函数的概念与性质,1,thin,
MATH,配对问题,配对问题,数学必修第一册·第三章·函数的概念与性质,1,thin,
MATH,隐函数的求导,隐函数的求导,数学选择性必修第二册·第五章·函数与导数,1,thin,
MATH,零点的放缩,零点的放缩,数学选择性必修第二册·第四章·数列,1,thin,
MATH,高斯函数,高斯函数,数学必修第一册·第三章·函数的概念与性质,1,thin,
MATH,高次不等式及其解法,高次不等式及其解法,数学必修第一册·第二章·不等式,1,thin,
MATH,齐次式的处理,齐次式的处理,数学必修第一册·第三章·函数的概念与性质,1,thin,
PHYSICS,U-I图像与I-U图像的理解,U-I图像与I-U图像的理解,PHYSICS·综合·综合·综合,1,thin,
PHYSICS,a-b两物块叠放在转盘上,A、B两物块叠放在转盘上,物理必修第一册·第一章·运动的描述,1,thin,
PHYSICS,万有引力与航天中的情景创新的问题处理,万有引力与航天中的情景创新的问题处理,物理必修第二册·第七章·万有引力与宇宙航行·2 万有引力定律,1,thin,
PHYSICS,三角函数法,三角函数法,PHYSICS·综合·综合·综合,1,thin,
PHYSICS,两种时空观,两种时空观,PHYSICS·综合·综合·综合,1,thin,
PHYSICS,两种表述,两种表述,物理选择性必修第三册·第一至三章·热学,1,thin,
PHYSICS,两种运动状态-x1,两种运动状态,物理必修第三册·第十三章（安培力/洛伦兹力/感应定律见选择性必修第二册）·磁场与电磁感应,1,thin,
PHYSICS,两类U-I图像的分析,两类U-I图像的分析,PHYSICS·综合·综合·综合,1,thin,
PHYSICS,两类跃迁问题与电离,两类跃迁问题与电离,PHYSICS·综合·综合·综合,1,thin,
PHYSICS,串并联电路的电功率分配,串并联电路的电功率分配,物理必修第二册·第八章·机械能与能量守恒,1,thin,
PHYSICS,串并联电路的规律与推论,串并联电路的规律与推论,物理必修第三册·第十一十二章·恒定电流,1,thin,
PHYSICS,二力不平衡的合成法,二力不平衡的合成法,物理必修第一册·第三章·相互作用,1,thin,
PHYSICS,二次感应问题的分析,二次感应问题的分析,PHYSICS·综合·综合·综合,1,thin,
PHYSICS,人造卫星的轨道分类与运行参数,人造卫星的轨道分类与运行参数,物理必修第二册·第七章·万有引力与宇宙航行,1,thin,
PHYSICS,伏伏法测电阻（电压表差值法）,伏伏法测电阻（电压表差值法）,物理必修第三册·第十一十二章·恒定电流,1,thin,
PHYSICS,伏伏法（电压表差值法）,伏伏法（电压表差值法）,PHYSICS·综合·综合·综合,1,thin,
PHYSICS,伏安特性曲线的应用,伏安特性曲线的应用,物理必修第三册·第十一十二章·恒定电流,1,thin,
PHYSICS,伏欧法测电源电动势和内阻,伏欧法测电源电动势和内阻,物理必修第三册·第十一十二章·恒定电流,1,thin,
PHYSICS,伏阻法测电动势与内阻,伏阻法测电动势与内阻,物理必修第三册·第十一十二章·恒定电流,1,thin,
PHYSICS,传送带上的相对位移与划痕,传送带上的相对位移与划痕,物理必修第一册·第四章·牛顿运动定律,1,thin,
PHYSICS,假设法,假设法,PHYSICS·综合·综合·综合,1,thin,
PHYSICS,光学知识体系,光学知识体系,PHYSICS·综合·综合·综合,1,thin,
PHYSICS,光电效应与带电粒子在电磁场中的综合模型,光电效应与带电粒子在电磁场中的综合模型,物理选择性必修第一册·第四章·光学,1,thin,
PHYSICS,共点力平衡的常用推论,共点力平衡的常用推论,物理必修第一册·第三章·相互作用,1,thin,
PHYSICS,几个基本概念的理解,几个基本概念的理解,物理选择性必修第三册·第四五章·近代物理,1,thin,
PHYSICS,刹车模型（含反应时间）,刹车模型（含反应时间）,物理必修第一册·第二章·匀变速直线运动,1,thin,
PHYSICS,刹车类与双向可逆类问题对比,刹车类与双向可逆类问题对比,物理必修第一册·第二章·匀变速直线运动,1,thin,
PHYSICS,力、加速度与速度的关系,力、加速度与速度的关系,PHYSICS·综合·综合·综合,1,thin,
PHYSICS,力与运动知识体系,力与运动知识体系,PHYSICS·综合·综合·综合,1,thin,
PHYSICS,力做功与路径的关系及成对力的做功特点,力做功与路径的关系及成对力的做功特点,物理必修第二册·第八章·机械能与能量守恒,1,thin,
PHYSICS,力热综合问题的解题思路,力热综合问题的解题思路,PHYSICS·综合·综合·综合,1,thin,
PHYSICS,力电综合问题的三种观点,力电综合问题的三种观点,PHYSICS·综合·综合·综合,1,thin,
PHYSICS,力的作用效果与力的三要素,力的作用效果与力的三要素,PHYSICS·综合·综合·综合,1,thin,
PHYSICS,力的合成与分解的解题步骤,力的合成与分解的解题步骤,物理必修第一册·第三章·相互作用,1,thin,
PHYSICS,力的合成实验的创新改进,力的合成实验的创新改进,物理必修第一册·第三章·相互作用,1,thin,
PHYSICS,匀强磁场中原子核衰变轨迹模型,匀强磁场中原子核衰变轨迹模型,物理必修第三册·第十三章（安培力/洛伦兹力/感应定律见选择性必修第二册）·磁场与电磁感应,1,thin,
PHYSICS,匀质绳索与多段物体的平衡,匀质绳索与多段物体的平衡,物理必修第一册·第三章·相互作用,1,thin,
PHYSICS,匀质绳索平衡的选段分析法,匀质绳索平衡的选段分析法,物理必修第一册·第三章·相互作用,1,thin,
PHYSICS,单一气体多过程问题,单一气体多过程问题,物理选择性必修第三册·第一至三章·热学,1,thin,
PHYSICS,单体机械能守恒定律的应用,单体机械能守恒定律的应用,物理必修第二册·第八章·机械能与能量守恒,1,thin,
PHYSICS,单方向的简谐运动,单方向的简谐运动,物理选择性必修第一册·第二三章·机械振动与机械波,1,thin,
PHYSICS,压力与重力的区别,压力与重力的区别,PHYSICS·综合·综合·综合,1,thin,
PHYSICS,去返模型,去返模型,PHYSICS·综合·综合·综合,1,thin,
PHYSICS,双缝干涉实验的创新方案,双缝干涉实验的创新方案,物理选择性必修第一册·第四章·光学,1,thin,
PHYSICS,口诀法比较平抛轨迹,口诀法比较平抛轨迹,物理必修第二册·第五六章·抛体运动与圆周运动,1,thin,
PHYSICS,另类加速度,另类加速度,物理必修第一册·第二章·匀变速直线运动,1,thin,
PHYSICS,合力与加速度速度的决定关系,合力与加速度速度的决定关系,物理必修第一册·第三章·相互作用,1,thin,
PHYSICS,合运动的性质与轨迹的判定,合运动的性质与轨迹的判定,物理必修第二册·第五六章·抛体运动与圆周运动,1,thin,
PHYSICS,向心力实验的数据处理与结论,向心力实验的数据处理与结论,物理必修第二册·第五六章·抛体运动与圆周运动,1,thin,
PHYSICS,向心力演示器实验原理与操作,向心力演示器实验原理与操作,物理必修第二册·第五六章·抛体运动与圆周运动,1,thin,
PHYSICS,向心力演示器的使用注意事项,向心力演示器的使用注意事项,物理必修第二册·第五六章·抛体运动与圆周运动,1,thin,
PHYSICS,向心力演示器的实验原理与器材,向心力演示器的实验原理与器材,物理必修第二册·第五六章·抛体运动与圆周运动,1,thin,
PHYSICS,含容电路的稳态分析,含容电路的稳态分析,物理必修第三册·第十一十二章·恒定电流,1,thin,
PHYSICS,含弹簧变力做功问题的解题思路,含弹簧变力做功问题的解题思路,物理必修第二册·第八章·机械能与能量守恒,1,thin,
PHYSICS,含电容器的电路问题,含电容器的电路问题,物理必修第三册·第九十章·静电场,1,thin,
PHYSICS,回旋加速器与同步加速器的工作原理,回旋加速器与同步加速器的工作原理,物理必修第三册·第十三章（安培力/洛伦兹力/感应定律见选择性必修第二册）·磁场与电磁感应,1,thin,
PHYSICS,回旋加速器模型,回旋加速器模型,物理必修第三册·第十三章（安培力/洛伦兹力/感应定律见选择性必修第二册）·磁场与电磁感应,1,thin,
PHYSICS,回旋加速器的工作原理,回旋加速器的工作原理,物理必修第三册·第十三章（安培力/洛伦兹力/感应定律见选择性必修第二册）·磁场与电磁感应,1,thin,
PHYSICS,图像法与数学归纳法解决多次碰撞问题,图像法与数学归纳法解决多次碰撞问题,物理选择性必修第一册·第一章·动量,1,thin,
PHYSICS,图像法解题,图像法解题,PHYSICS·综合·综合·综合,1,thin,
PHYSICS,圆周运动中与弹力有关的临界条件,圆周运动中与弹力有关的临界条件,物理必修第一册·第三章·相互作用,1,thin,
PHYSICS,圆周运动临界问题的解题思路,圆周运动临界问题的解题思路,物理必修第二册·第五六章·抛体运动与圆周运动,1,thin,
PHYSICS,圆周运动临界问题的解题技巧,圆周运动临界问题的解题技巧,物理必修第二册·第五六章·抛体运动与圆周运动,1,thin,
PHYSICS,圆周运动动力学问题的解题思路,圆周运动动力学问题的解题思路,物理必修第一册·第四章·牛顿运动定律,1,thin,
PHYSICS,地球自转与赤道上的完全失重,地球自转与赤道上的完全失重,物理必修第一册·第四章·牛顿运动定律,1,thin,
PHYSICS,地球重力场监测,地球重力场监测,物理必修第二册·第七章·万有引力与宇宙航行,1,thin,
PHYSICS,基本不等式法,基本不等式法,PHYSICS·综合·综合·综合,1,thin,
PHYSICS,外部作用导致-n-突变,外部作用导致 N 突变：,物理必修第一册·第三章·相互作用,1,thin,
PHYSICS,多体平抛与相遇临界问题,多体平抛与相遇临界问题,物理必修第一册·第二章·匀变速直线运动,1,thin,
PHYSICS,多体平抛运动的间距规律,多体平抛运动的间距规律,物理必修第二册·第五六章·抛体运动与圆周运动,1,thin,
PHYSICS,多星问题,多星问题,PHYSICS·综合·综合·综合,1,thin,
PHYSICS,多普勒效应在生活中的应用,多普勒效应在生活中的应用,物理选择性必修第一册·第二三章·机械振动与机械波·5 多普勒效应,1,thin,
PHYSICS,多次碰撞问题的处理方法,多次碰撞问题的处理方法,物理选择性必修第一册·第一章·动量,1,thin,
PHYSICS,多物体系统机械能守恒的情景,多物体系统机械能守恒的情景,物理必修第二册·第八章·机械能与能量守恒,1,thin,
PHYSICS,多用电表检测黑箱与二极管,多用电表检测黑箱与二极管,物理必修第三册·第十一十二章·恒定电流,1,thin,
PHYSICS,多用电表欧姆挡的使用与二极管检测,多用电表欧姆挡的使用与二极管检测,物理必修第三册·第十一十二章·恒定电流,1,thin,
PHYSICS,多用电表的使用与读数,多用电表的使用与读数,物理必修第三册·第十一十二章·恒定电流,1,thin,
PHYSICS,多用电表的读数规则与使用注意事项,多用电表的读数规则与使用注意事项,物理必修第三册·第十一十二章·恒定电流,1,thin,
PHYSICS,天体不瓦解的最小密度,天体不瓦解的最小密度,物理必修第二册·第七章·万有引力与宇宙航行,1,thin,
PHYSICS,安安法测电阻（电流表差值法）,安安法测电阻（电流表差值法）,物理必修第三册·第十一十二章·恒定电流,1,thin,
PHYSICS,安安法（电流表差值法）,安安法（电流表差值法）,物理必修第三册·第十一十二章·恒定电流,1,thin,
PHYSICS,安欧法测电源电动势和内阻,安欧法测电源电动势和内阻,物理必修第三册·第十一十二章·恒定电流,1,thin,
PHYSICS,安阻法测电动势与内阻,安阻法测电动势与内阻,物理必修第三册·第十一十二章·恒定电流,1,thin,
PHYSICS,定值电阻在电学实验中的四种妙用,定值电阻在电学实验中的四种妙用,物理必修第三册·第十一十二章·恒定电流,1,thin,
PHYSICS,定值电阻在电路中的作用,定值电阻在电路中的作用,物理必修第三册·第十一十二章·恒定电流,1,thin,
PHYSICS,实物图的连接,实物图的连接,PHYSICS·综合·综合·综合,1,thin,
PHYSICS,实物连线的注意事项,实物连线的注意事项,PHYSICS·综合·综合·综合,1,thin,
PHYSICS,实验知识体系,实验知识体系,PHYSICS·综合·综合·综合,1,thin,
PHYSICS,小船过河模型,小船过河模型,PHYSICS·综合·综合·综合,1,thin,
PHYSICS,小行星防御与资源开发,小行星防御与资源开发,物理必修第二册·第七章·万有引力与宇宙航行,1,thin,
PHYSICS,尺规作图法,尺规作图法,PHYSICS·综合·综合·综合,1,thin,
PHYSICS,带电粒子倾斜射入匀强磁场的螺旋线运动,带电粒子倾斜射入匀强磁场的螺旋线运动,物理必修第三册·第九十章·静电场,1,thin,
PHYSICS,带电粒子在分离的电场、磁场中的运动形式,带电粒子在分离的电场、磁场中的运动形式,物理必修第三册·第九十章·静电场,1,thin,
PHYSICS,带电粒子在磁场中运动与原子核反应综合模型,带电粒子在磁场中运动与原子核反应综合模型,物理必修第三册·第九十章·静电场,1,thin,
PHYSICS,常用公式-n-n-m-m,常用公式：n＝N，m＝M。,物理选择性必修第三册·第四五章·近代物理,1,thin,
PHYSICS,常见物理量和状态,常见物理量和状态,物理选择性必修第三册·第一至三章·热学,1,thin,
PHYSICS,常见的图象,常见的图象,PHYSICS·综合·综合·综合,1,thin,
PHYSICS,平抛与竖直面结合问题,平抛与竖直面结合问题,物理必修第二册·第五六章·抛体运动与圆周运动,1,thin,
PHYSICS,平抛实验的创新方案,平抛实验的创新方案,物理必修第二册·第五六章·抛体运动与圆周运动,1,thin,
PHYSICS,平抛实验的数据处理,平抛实验的数据处理,物理必修第二册·第五六章·抛体运动与圆周运动,1,thin,
PHYSICS,库仑力的力学性质,库仑力的力学性质,物理必修第三册·第九十章·静电场,1,thin,
PHYSICS,应用光的折射定律解题的一般思路,应用光的折射定律解题的一般思路,物理选择性必修第一册·第四章·光学,1,thin,
PHYSICS,引力波探测,引力波探测,物理必修第二册·第七章·万有引力与宇宙航行,1,thin,
PHYSICS,弹簧不锁定模型,弹簧不锁定模型,PHYSICS·综合·综合·综合,1,thin,
PHYSICS,弹簧弹力与形变量实验的创新改进,弹簧弹力与形变量实验的创新改进,物理必修第一册·第三章·相互作用,1,thin,
PHYSICS,弹簧竖直悬挂实验的操作与读数要点,弹簧竖直悬挂实验的操作与读数要点,物理必修第一册·第三章·相互作用,1,thin,
PHYSICS,往复运动问题,往复运动问题,PHYSICS·综合·综合·综合,1,thin,
PHYSICS,往返类与刹车类问题,往返类与刹车类问题,物理必修第一册·第二章·匀变速直线运动,1,thin,
PHYSICS,意义-表示放射性元素衰变的快慢,意义：表示放射性元素衰变的快慢．,物理选择性必修第三册·第四五章·近代物理,1,thin,
PHYSICS,技巧突破点,技巧突破点,PHYSICS·综合·综合·综合,1,thin,
PHYSICS,抛体运动模型的分类体系,抛体运动模型的分类体系,物理必修第二册·第五六章·抛体运动与圆周运动,1,thin,
PHYSICS,抛体运动的相遇问题,抛体运动的相遇问题,物理必修第一册·第二章·匀变速直线运动,1,thin,
PHYSICS,按运动独立性建立坐标系,按运动独立性建立坐标系：,物理必修第一册·第一章·运动的描述,1,thin,
PHYSICS,探究两个互成角度的力的合成规律实验的误差与改进,探究两个互成角度的力的合成规律实验的误差与改进,物理必修第一册·第三章·相互作用,1,thin,
PHYSICS,探究力的合成规律实验的三个相同与三个适当,探究力的合成规律实验的三个相同与三个适当,物理必修第一册·第三章·相互作用,1,thin,
PHYSICS,探究加速度与力、质量关系的实验过程,探究加速度与力、质量关系的实验过程,PHYSICS·综合·综合·综合,1,thin,
PHYSICS,探究加速度与力质量关系的实验创新,探究加速度与力质量关系的实验创新,PHYSICS·综合·综合·综合,1,thin,
PHYSICS,探究向心力影响因素的图像处理与结论,探究向心力影响因素的图像处理与结论,物理必修第二册·第五六章·抛体运动与圆周运动,1,thin,
PHYSICS,探究向心力影响因素的实验过程,探究向心力影响因素的实验过程,物理必修第二册·第五六章·抛体运动与圆周运动,1,thin,
PHYSICS,探究小车速度实验的改进与创新,探究小车速度实验的改进与创新,PHYSICS·综合·综合·综合,1,thin,
PHYSICS,探究小车速度随时间变化规律的实验原理与步骤,探究小车速度随时间变化规律的实验原理与步骤,PHYSICS·综合·综合·综合,1,thin,
PHYSICS,探究平抛运动特点实验的误差分析,探究平抛运动特点实验的误差分析,物理必修第二册·第五六章·抛体运动与圆周运动,1,thin,
PHYSICS,探究平抛运动特点的实验,探究平抛运动特点的实验,物理必修第二册·第五六章·抛体运动与圆周运动,1,thin,
PHYSICS,探究平抛运动特点的实验原理与器材,探究平抛运动特点的实验原理与器材,物理必修第二册·第五六章·抛体运动与圆周运动,1,thin,
PHYSICS,探究平抛运动的实验创新与误差,探究平抛运动的实验创新与误差,物理必修第二册·第五六章·抛体运动与圆周运动,1,thin,
PHYSICS,探究弹簧弹力与形变量关系实验的拓展与创新,探究弹簧弹力与形变量关系实验的拓展与创新,物理必修第一册·第三章·相互作用,1,thin,
PHYSICS,探究弹簧弹力与形变量关系的误差分析与改进,探究弹簧弹力与形变量关系的误差分析与改进,物理必修第一册·第三章·相互作用,1,thin,
PHYSICS,探究等温情况下气体压强与体积的关系实验,探究等温情况下气体压强与体积的关系实验,物理选择性必修第三册·第一至三章·热学,1,thin,
PHYSICS,探究等温情况气体压强与体积关系的实验要点,探究等温情况气体压强与体积关系的实验要点,物理选择性必修第三册·第一至三章·热学,1,thin,
PHYSICS,放射性同位素及其应用,放射性同位素及其应用,PHYSICS·综合·综合·综合,1,thin,
PHYSICS,斜面体受地面摩擦力的判断,斜面体受地面摩擦力的判断,物理必修第一册·第三章·相互作用,1,thin,
PHYSICS,斜面倾角突变-等效于-n-变,斜面倾角突变 (等效于 N 变)：,物理必修第一册·第三章·相互作用,1,thin,
PHYSICS,斜面模型的正交分解建系,斜面模型的正交分解建系,物理必修第一册·第三章·相互作用,1,thin,
PHYSICS,斜面碰撞临界,斜面碰撞临界,物理必修第一册·第一章·运动的描述,1,thin,
PHYSICS,新情境问题的求解思路,新情境问题的求解思路,PHYSICS·综合·综合·综合,1,thin,
PHYSICS,星球瓦解与黑洞临界条件,星球瓦解与黑洞临界条件,物理必修第二册·第七章·万有引力与宇宙航行,1,thin,
PHYSICS,星球的瓦解与黑洞,星球的瓦解与黑洞,物理必修第二册·第七章·万有引力与宇宙航行,1,thin,
PHYSICS,有界磁场中圆周运动的几何关系,有界磁场中圆周运动的几何关系,物理必修第二册·第五六章·抛体运动与圆周运动,1,thin,
PHYSICS,有界磁场中的典型边界模型,有界磁场中的典型边界模型,物理必修第三册·第十三章（安培力/洛伦兹力/感应定律见选择性必修第二册）·磁场与电磁感应,1,thin,
PHYSICS,有界磁场中轨迹半径与偏转角的关系,有界磁场中轨迹半径与偏转角的关系,物理必修第三册·第十三章（安培力/洛伦兹力/感应定律见选择性必修第二册）·磁场与电磁感应,1,thin,
PHYSICS,有界磁场中运动时间的确定,有界磁场中运动时间的确定,物理必修第三册·第十三章（安培力/洛伦兹力/感应定律见选择性必修第二册）·磁场与电磁感应,1,thin,
PHYSICS,机械振动与机械波知识体系,机械振动与机械波知识体系,PHYSICS·综合·综合·综合,1,thin,
PHYSICS,机械能守恒的常见情境分析,机械能守恒的常见情境分析,物理必修第二册·第八章·机械能与能量守恒,1,thin,
PHYSICS,机械能是否守恒的判断方法,机械能是否守恒的判断方法,物理必修第二册·第八章·机械能与能量守恒,1,thin,
PHYSICS,核心思想-运动分解,核心思想:运动分解,物理必修第一册·第一章·运动的描述,1,thin,
PHYSICS,核心思想-运动分解-x1,核心思想：运动分解：,物理必修第一册·第一章·运动的描述,1,thin,
PHYSICS,椭圆轨道上卫星的速率计算,椭圆轨道上卫星的速率计算,物理必修第二册·第七章·万有引力与宇宙航行,1,thin,
PHYSICS,模型特点,动量模型的特点,物理选择性必修第一册·第一章·动量,1,thin,
PHYSICS,欧姆表的原理与刻度,欧姆表的原理与刻度,物理必修第三册·第十一十二章·恒定电流,1,thin,
PHYSICS,正则动量定理的应用,正则动量定理的应用,物理选择性必修第一册·第一章·动量,1,thin,
PHYSICS,正弦定理与余弦定理的应用,正弦定理与余弦定理的应用,PHYSICS·综合·综合·综合,1,thin,
PHYSICS,正弦式交变电流,正弦式交变电流,物理选择性必修第二册·第三四章·交变电流与电磁波,1,thin,
PHYSICS,比例法,比例法,PHYSICS·综合·综合·综合,1,thin,
PHYSICS,比值定义法,比值定义法,PHYSICS·综合·综合·综合,1,thin,
PHYSICS,比较法,比较法,PHYSICS·综合·综合·综合,1,thin,
PHYSICS,气体-液体-固体和热力学定理,气体、液体、固体和热力学定理,物理选择性必修第三册·第一至三章·热学,1,thin,
PHYSICS,求变力做功的常用方法,求变力做功的常用方法,物理必修第二册·第八章·机械能与能量守恒,1,thin,
PHYSICS,求解的基本思路,求解的基本思路,物理必修第一册·第一章·运动的描述,1,thin,
PHYSICS,洛伦兹力作用下带电体的动态分析,洛伦兹力作用下带电体的动态分析,物理必修第三册·第十三章（安培力/洛伦兹力/感应定律见选择性必修第二册）·磁场与电磁感应,1,thin,
PHYSICS,洛伦兹力作用下带电体的运动,洛伦兹力作用下带电体的运动,物理必修第三册·第十三章（安培力/洛伦兹力/感应定律见选择性必修第二册）·磁场与电磁感应,1,thin,
PHYSICS,洛伦兹力作用下的带电体运动,洛伦兹力作用下的带电体运动,物理必修第三册·第十三章（安培力/洛伦兹力/感应定律见选择性必修第二册）·磁场与电磁感应,1,thin,
PHYSICS,洛埃镜,洛埃镜,PHYSICS·综合·综合·综合,1,thin,
PHYSICS,测电阻方法体系与选择,测电阻方法体系与选择,物理必修第三册·第十一十二章·恒定电流,1,thin,
PHYSICS,测电阻率实验的改进方向,测电阻率实验的改进方向,物理必修第三册·第十一十二章·恒定电流,1,thin,
PHYSICS,测速度与加速度的实验拓展创新,测速度与加速度的实验拓展创新,PHYSICS·综合·综合·综合,1,thin,
PHYSICS,测量加速度的改进方法,测量加速度的改进方法,PHYSICS·综合·综合·综合,1,thin,
PHYSICS,测量导体电阻率的实验操作要领,测量导体电阻率的实验操作要领,物理必修第三册·第十一十二章·恒定电流,1,thin,
PHYSICS,测量电阻率实验的电流与温度控制,测量电阻率实验的电流与温度控制,物理必修第三册·第十一十二章·恒定电流,1,thin,
PHYSICS,浸润不浸润与毛细现象,浸润不浸润与毛细现象,物理选择性必修第三册·第一至三章·热学,1,thin,
PHYSICS,浸润与不浸润的产生原因,浸润与不浸润的产生原因,物理选择性必修第三册·第一至三章·热学,1,thin,
PHYSICS,消参法,消参法,PHYSICS·综合·综合·综合,1,thin,
PHYSICS,深空引力导航,深空引力导航,物理必修第二册·第七章·万有引力与宇宙航行,1,thin,
PHYSICS,温度计-测量温度的仪器,温度计：测量温度的仪器。,物理选择性必修第三册·第一至三章·热学,1,thin,
PHYSICS,滑块-摆球模型,滑块-摆球模型,PHYSICS·综合·综合·综合,1,thin,
PHYSICS,热力学第三定律,热力学第三定律,物理选择性必修第三册·第一至三章·热学,1,thin,
PHYSICS,热学知识体系,热学知识体系,PHYSICS·综合·综合·综合,1,thin,
PHYSICS,爆炸问题,爆炸问题,物理选择性必修第一册·第一章·动量,1,thin,
PHYSICS,牛顿力学的局限性,牛顿力学的局限性,物理必修第一册·第四章·牛顿运动定律,1,thin,
PHYSICS,牛顿运动定律中的多过程问题,牛顿运动定律中的多过程问题,物理必修第一册·第四章·牛顿运动定律,1,thin,
PHYSICS,物理作图的基本规范,物理作图的基本规范,PHYSICS·综合·综合·综合,1,thin,
PHYSICS,物理图像的斜率与面积分析法,物理图像的斜率与面积分析法,PHYSICS·综合·综合·综合,1,thin,
PHYSICS,狭义相对论的三个结论,狭义相对论的三个结论,物理选择性必修第三册·第四五章·近代物理,1,thin,
PHYSICS,狭义相对论的基本假设与质速关系,狭义相对论的基本假设与质速关系,物理选择性必修第三册·第四五章·近代物理,1,thin,
PHYSICS,理想模型与比值定义法,理想模型与比值定义法,PHYSICS·综合·综合·综合,1,thin,
PHYSICS,用三角函数求极值处理物理极值问题,用三角函数求极值处理物理极值问题,PHYSICS·综合·综合·综合,1,thin,
PHYSICS,用传感器与计算机描绘平抛运动轨迹,用传感器与计算机描绘平抛运动轨迹,物理必修第二册·第五六章·抛体运动与圆周运动,1,thin,
PHYSICS,用传感器探究平抛运动的特点,用传感器探究平抛运动的特点,物理必修第二册·第五六章·抛体运动与圆周运动,1,thin,
PHYSICS,用动量定理处理洛伦兹力问题,用动量定理处理洛伦兹力问题,物理选择性必修第一册·第一章·动量,1,thin,
PHYSICS,用单摆测重力加速度的创新设计,用单摆测重力加速度的创新设计,物理必修第二册·第七章·万有引力与宇宙航行,1,thin,
PHYSICS,用油膜法估测油酸分子大小的实验要点,用油膜法估测油酸分子大小的实验要点,物理选择性必修第三册·第一至三章·热学,1,thin,
PHYSICS,用油膜法估测油酸分子的大小实验,用油膜法估测油酸分子的大小实验,物理选择性必修第三册·第一至三章·热学,1,thin,
PHYSICS,由测定加速度延伸为测定交流电的频率,由测定加速度延伸为测定交流电的频率。,PHYSICS·综合·综合·综合,1,thin,
PHYSICS,电动机牵引情境的功率与能量关系,电动机牵引情境的功率与能量关系,物理必修第二册·第八章·机械能与能量守恒,1,thin,
PHYSICS,电势能变化与电势高低的判断方法,电势能变化与电势高低的判断方法,物理必修第二册·第八章·机械能与能量守恒,1,thin,
PHYSICS,电压表差值法,电压表差值法,PHYSICS·综合·综合·综合,1,thin,
PHYSICS,电场与磁场知识体系,电场与磁场知识体系,PHYSICS·综合·综合·综合,1,thin,
PHYSICS,电场中的v-t图像分析,电场中的v-t图像分析,物理必修第三册·第九十章·静电场,1,thin,
PHYSICS,电学实物连图的注意事项,电学实物连图的注意事项,PHYSICS·综合·综合·综合,1,thin,
PHYSICS,电学实验中电表的选择方法,电学实验中电表的选择方法,物理必修第三册·第十一十二章·恒定电流,1,thin,
PHYSICS,电学实验仪器的选择,电学实验仪器的选择,PHYSICS·综合·综合·综合,1,thin,
PHYSICS,电学实验仪器的选择技巧,电学实验仪器的选择技巧,PHYSICS·综合·综合·综合,1,thin,
PHYSICS,电学实验器材的选取,电学实验器材的选取,PHYSICS·综合·综合·综合,1,thin,
PHYSICS,电学实验器材的选取与实物图连接,电学实验器材的选取与实物图连接,PHYSICS·综合·综合·综合,1,thin,
PHYSICS,电学实验器材的选择,电学实验器材的选择,PHYSICS·综合·综合·综合,1,thin,
PHYSICS,电学实验设计的“三原则”与仪器选择,电学实验设计的“三原则”与仪器选择,PHYSICS·综合·综合·综合,1,thin,
PHYSICS,电池容量与放电曲线,电池容量与放电曲线,物理必修第三册·第十一十二章·恒定电流,1,thin,
PHYSICS,电池组的串联与并联,电池组的串联与并联,物理必修第三册·第十一十二章·恒定电流,1,thin,
PHYSICS,电磁学图像的解题通法,电磁学图像的解题通法,PHYSICS·综合·综合·综合,1,thin,
PHYSICS,电磁感应,电磁感应,物理必修第三册·第十三章（安培力/洛伦兹力/感应定律见选择性必修第二册）·磁场与电磁感应·3 电磁感应现象及应用,1,thin,
PHYSICS,电磁感应与动量定理模型,电磁感应与动量定理模型,物理选择性必修第一册·第一章·动量,1,thin,
PHYSICS,电磁感应中电荷量的计算,电磁感应中电荷量的计算,物理必修第三册·第十三章（安培力/洛伦兹力/感应定律见选择性必修第二册）·磁场与电磁感应,1,thin,
PHYSICS,电磁感应中的电荷量计算,电磁感应中的电荷量计算,物理必修第三册·第十三章（安培力/洛伦兹力/感应定律见选择性必修第二册）·磁场与电磁感应,1,thin,
PHYSICS,电表改装问题的两点提醒,电表改装问题的两点提醒,PHYSICS·综合·综合·综合,1,thin,
PHYSICS,电路与电磁感应中的图像解读,电路与电磁感应中的图像解读,PHYSICS·综合·综合·综合,1,thin,
PHYSICS,电路与电磁感应知识体系,电路与电磁感应知识体系,PHYSICS·综合·综合·综合,1,thin,
PHYSICS,电路动态分析的四种方法,电路动态分析的四种方法,物理必修第三册·第十一十二章·恒定电流,1,thin,
PHYSICS,电路的等效处理方法,电路的等效处理方法,物理必修第三册·第十一十二章·恒定电流,1,thin,
PHYSICS,相对位移与划痕长度,相对位移与划痕长度,PHYSICS·综合·综合·综合,1,thin,
PHYSICS,相对湿度,相对湿度,物理选择性必修第三册·第一至三章·热学,1,thin,
PHYSICS,相对论,相对论,物理选择性必修第三册·第四五章·近代物理,1,thin,
PHYSICS,相对论时空观与牛顿力学的局限性,相对论时空观与牛顿力学的局限性,物理必修第一册·第四章·牛顿运动定律,1,thin,
PHYSICS,相对运动法（换参法）,相对运动法（换参法）,PHYSICS·综合·综合·综合,1,thin,
PHYSICS,相遇次数问题,相遇次数问题,物理必修第一册·第二章·匀变速直线运动,1,thin,
PHYSICS,矢量图解法,矢量图解法,PHYSICS·综合·综合·综合,1,thin,
PHYSICS,碰撞与轨道变化综合问题的分析流程,碰撞与轨道变化综合问题的分析流程,物理必修第二册·第七章·万有引力与宇宙航行,1,thin,
PHYSICS,磁场与磁场的组合模型,磁场与磁场的组合模型,物理必修第三册·第十三章（安培力/洛伦兹力/感应定律见选择性必修第二册）·磁场与电磁感应,1,thin,
PHYSICS,磁场与磁场的组合（两段圆弧的衔接）,磁场与磁场的组合（两段圆弧的衔接）,物理必修第三册·第十三章（安培力/洛伦兹力/感应定律见选择性必修第二册）·磁场与电磁感应,1,thin,
PHYSICS,磁电式电表的原理,磁电式电表的原理,物理必修第三册·第十一十二章·恒定电流,1,thin,
PHYSICS,空间抛体问题,空间抛体问题,物理必修第二册·第五六章·抛体运动与圆周运动,1,thin,
PHYSICS,立体空间中的抛体运动,立体空间中的抛体运动,物理必修第二册·第五六章·抛体运动与圆周运动,1,thin,
PHYSICS,竖直面与水平面约束下的平抛模型,竖直面与水平面约束下的平抛模型,物理必修第二册·第五六章·抛体运动与圆周运动,1,thin,
PHYSICS,竖直面内圆周运动问题的解题思路,竖直面内圆周运动问题的解题思路,物理必修第二册·第五六章·抛体运动与圆周运动,1,thin,
PHYSICS,第一类永动机,第一类永动机,物理选择性必修第三册·第一至三章·热学,1,thin,
PHYSICS,等效电源,等效电源,物理必修第三册·第十一十二章·恒定电流,1,thin,
PHYSICS,简谐运动的图像与对称性,简谐运动的图像与对称性,物理选择性必修第一册·第二三章·机械振动与机械波,1,thin,
PHYSICS,线框切割磁感线模型,线框切割磁感线模型,物理必修第三册·第十三章（安培力/洛伦兹力/感应定律见选择性必修第二册）·磁场与电磁感应,1,thin,
PHYSICS,线段图定位中间时刻速度,线段图定位中间时刻速度,物理必修第一册·第二章·匀变速直线运动,1,thin,
PHYSICS,绳连接与杆连接系统,绳连接与杆连接系统,物理必修第一册·第三章·相互作用,1,thin,
PHYSICS,能量图像的斜率意义,能量图像的斜率意义,物理必修第二册·第八章·机械能与能量守恒,1,thin,
PHYSICS,脱轨条件与类型,脱轨条件与类型,物理必修第一册·第一章·运动的描述,1,thin,
PHYSICS,自由落体与竖直上抛的相遇问题,自由落体与竖直上抛的相遇问题,物理必修第一册·第二章·匀变速直线运动,1,thin,
PHYSICS,自锁现象,自锁现象,PHYSICS·综合·综合·综合,1,thin,
PHYSICS,若单独利用动量观点-或能量观点-无法解决问题-可尝试两种观点结合联立方程求解,若单独利用动量观点,PHYSICS·综合·综合·综合,1,thin,
PHYSICS,螺旋测微器的构造与读数,螺旋测微器的构造与读数,物理必修第三册·第十一十二章·恒定电流,1,thin,
PHYSICS,表达式-f-g,微元柱体的体积、质量与动量表达式,物理必修第二册·第七章·万有引力与宇宙航行,1,thin,
PHYSICS,误差分析-x1,误差分析,物理选择性必修第三册·第一至三章·热学,1,thin,
PHYSICS,负载电阻不变的分析思路,负载电阻不变的分析思路：,物理选择性必修第二册·第三四章·交变电流与电磁波,1,thin,
PHYSICS,质心运动定律,质心运动定律,物理必修第一册·第四章·牛顿运动定律,1,thin,
PHYSICS,跃迁产生的谱线条数,跃迁产生的谱线条数,PHYSICS·综合·综合·综合,1,thin,
PHYSICS,辅助角公式求物理极值,辅助角公式求物理极值,PHYSICS·综合·综合·综合,1,thin,
PHYSICS,运动学方程根的物理意义与取舍,运动学方程根的物理意义与取舍,PHYSICS·综合·综合·综合,1,thin,
PHYSICS,运动轨迹与运动图象的区别,运动轨迹与运动图象的区别,PHYSICS·综合·综合·综合,1,thin,
PHYSICS,近代物理知识体系,近代物理知识体系,PHYSICS·综合·综合·综合,1,thin,
PHYSICS,近地卫星、同步卫星与赤道上物体的比较,近地卫星、同步卫星与赤道上物体的比较,物理必修第二册·第七章·万有引力与宇宙航行,1,thin,
PHYSICS,近地卫星、极地卫星与地球同步卫星,近地卫星、极地卫星与地球同步卫星,物理必修第二册·第七章·万有引力与宇宙航行,1,thin,
PHYSICS,远距离输电,远距离输电,物理选择性必修第二册·第三四章·交变电流与电磁波,1,thin,
PHYSICS,连接体中力的分配规律,连接体中力的分配规律,物理必修第一册·第四章·牛顿运动定律,1,thin,
PHYSICS,连接体的受力特点,连接体的受力特点,物理必修第一册·第四章·牛顿运动定律,1,thin,
PHYSICS,连接体间内力的求解,连接体间内力的求解,物理必修第一册·第四章·牛顿运动定律,1,thin,
PHYSICS,逆向-对称-极限等物理思维考查,逆向、对称、极限等物理思维考查,物理必修第一册·第一章·运动的描述,1,thin,
PHYSICS,通过位移之比测量加速度之比,通过位移之比测量加速度之比,PHYSICS·综合·综合·综合,1,thin,
PHYSICS,量纲法,量纲法,PHYSICS·综合·综合·综合,1,thin,
PHYSICS,静电场的应用,静电场的应用,物理必修第三册·第九十章·静电场,1,thin,
PHYSICS,非匀强磁场中带电粒子运动的分析,非匀强磁场中带电粒子运动的分析,物理必修第三册·第九十章·静电场,1,thin,
PHYSICS,非常规运动图像,非常规运动图像,PHYSICS·综合·综合·综合,1,thin,
PHYSICS,饱和汽,饱和汽,物理选择性必修第三册·第一至三章·热学,1,thin,
PHYSICS,验证机械能守恒定律实验的创新方向,验证机械能守恒定律实验的创新方向,物理必修第二册·第八章·机械能与能量守恒,1,thin,
PHYSICS,验证机械能守恒定律实验的误差与创新方案,验证机械能守恒定律实验的误差与创新方案,物理必修第二册·第八章·机械能与能量守恒,1,thin,
PHYSICS,黄金代换,黄金代换,PHYSICS·综合·综合·综合,1,thin,
