subject,candidate_slug,status,target_node_slug,evidence_phrase,note
MATH,required-preparatory-knowledge-candidate-001,COVERED,集合的含义与表示,研究对象统称为元素、一些元素组成的总体叫做集合,原缺口已由 2026-09-18 第三批直抽材料闭合
MATH,required-preparatory-knowledge-candidate-002,COVERED,集合的含义与表示,用符号语言刻画集合（大写拉丁字母表集合）,原缺口已由 2026-09-18 第三批直抽材料闭合
MATH,required-preparatory-knowledge-candidate-003,COVERED,空集,空集是任何集合的子集，是任何非空集合的真子集,原缺口已由 2026-09-18 第三批直抽材料闭合
MATH,required-preparatory-knowledge-candidate-004,COVERED,判断集合间的关系,"理解集合之间包含与相等的含义,能识别给定集合的子集",
MATH,required-preparatory-knowledge-candidate-005,COVERED,交集与并集,A∩B={x|x∈A且x∈B}；A∪B={x|x∈A或x∈B},原缺口已由 2026-09-18 第三批直抽材料闭合
MATH,required-preparatory-knowledge-candidate-006,COVERED,补集,∁ᵤA 由全集 U 中不属于 A 的元素组成,原缺口已由 2026-09-18 第三批直抽材料闭合
MATH,required-preparatory-knowledge-candidate-007,COVERED,venn图在集合运算中的应用,能使用 V e n n图表达集合的基本关系与基本运算,
MATH,required-preparatory-knowledge-candidate-008,COVERED,充分条件与必要条件的判断,"理解必要条件的意义,理解性质定理与必要条件的关系",
MATH,required-preparatory-knowledge-candidate-009,COVERED,充分条件与必要条件的判断,"理解充分条件的意义,理解判定定理与充分条件的关系",同一节点兼覆盖充分/必要两条课标
MATH,required-preparatory-knowledge-candidate-010,COVERED,充要条件,"理解充要条件的意义,理解数学定义与充要条件的关系",
MATH,required-preparatory-knowledge-candidate-011,COVERED,全称量词与全称量词命题,理解全称量词与存在量词的意义,存在量词见 存在量词与存在量词命题
MATH,required-preparatory-knowledge-candidate-012,COVERED,命题的否定-对命题p加以否定-得到一个新的命题-记作-读作-非p-或p的否定,能正确使用存在量词对全称量词命题进行否定,易错面另见 对含有一个量词命题的否定理解错误致错
MATH,required-preparatory-knowledge-candidate-013,COVERED,命题的否定-对命题p加以否定-得到一个新的命题-记作-读作-非p-或p的否定,能正确使用全称量词对存在量词命题进行否定,
MATH,required-preparatory-knowledge-candidate-014,COVERED,不等式的基本性质,"梳理等式的性质,理解不等式的概念,掌握不等式的性质",等式性质未单设节点
MATH,required-preparatory-knowledge-candidate-015,COVERED,基本不等式,掌握基本不等式,求最值面见 利用基本不等式求最值/基本不等式的实际应用
MATH,required-preparatory-knowledge-candidate-016,COVERED,函数零点的定义,"会结合一元二次函数的图象,判断一元二次方程实根的存在性及实根的个数,了解函数的零点与方程根的关系",
MATH,required-preparatory-knowledge-candidate-017,COVERED,一元二次不等式,能借助一元二次函数求解一元二次不等式,步骤见 解一元二次不等式的步骤
MATH,required-preparatory-knowledge-candidate-018,COVERED,一元二次不等式,"借助一元二次函数的图象,了解一元二次不等式与相应函数、方程的联系",
MATH,required-functions-candidate-001,COVERED,函数的概念,"用集合语言和对应关系刻画函数,建立完整的函数概念",三要素见 函数的三要素
MATH,required-functions-candidate-002,PARTIAL,函数的三要素,会根据不同的需要选择恰当的方法(如图象法、列表法、解析法等)表示函数,表示方法未单设节点
MATH,required-functions-candidate-003,COVERED,相等函数与分段函数,"通过具体实例,了解简单的分段函数,并能简单应用",
MATH,required-functions-candidate-004,COVERED,函数的单调性,会用符号语言表达函数的单调性、最大(小)值,求最值另见 二次函数在闭区间上的最值问题
MATH,required-functions-candidate-005,COVERED,函数的奇偶性,"结合具体函数,了解奇偶性的概念和几何意义",
MATH,required-functions-candidate-006,COVERED,函数的周期性,"结合三角函数,了解周期性的概念和几何意义",定义见 周期函数的定义
MATH,required-functions-candidate-007,NOT_COVERED,,"函数的形成与发展 收集、阅读函数的形成与发展的历史资料,撰写小论文",论文型学术活动，非知识点对象
MATH,required-functions-candidate-008,COVERED,幂函数,"通过具体实例,结合图象,理解它们的变化规律,了解幂函数",定义/性质/图象见 幂函数的定义-一般地-函数y-xα叫做幂函数-其中x是自变量-α是常数 等
MATH,required-functions-candidate-009,COVERED,指数幂的运算性质,掌握指数幂的运算性质,根式与分数指数幂见 根式与分数指数幂
MATH,required-functions-candidate-010,COVERED,指数函数及其性质,"通过具体实例,了解指数函数的实际意义,理解指数函数的概念",
MATH,required-functions-candidate-011,COVERED,指数函数的图象与性质应用,探索并理解指数函数的单调性与特殊点,
MATH,required-functions-candidate-012,COVERED,对数与对数运算,"理解对数的概念和运算性质,知道用换底公式能将一般对数转化成自然对数或常用对数",换底公式另见 换底公式
MATH,required-functions-candidate-013,COVERED,对数函数的概念,"通过具体实例,了解对数函数的概念",图象性质见 对数函数的图象与性质应用
MATH,required-functions-candidate-014,PARTIAL,对数函数,"知道对数函数与指数函数互为反函数(a>0,且a≠1)",反函数关系未单设节点
MATH,required-functions-candidate-015,NOT_COVERED,,"收集、阅读对数概念的形成与发展的历史资料,撰写小论文",论文型学术活动，非知识点对象
MATH,required-functions-candidate-016,COVERED,任意角与弧度制,"了解任意角的概念和弧度制,能进行弧度与角度的互化",
MATH,required-functions-candidate-017,COVERED,三角函数的定义,借助单位圆理解三角函数(正弦函数、余弦函数、正切函数)的定义,图象性质见 三角函数的图象与性质
MATH,required-functions-candidate-018,COVERED,三角函数的图象与性质,"借助图象理解正弦函数、余弦函数在[0,2π]上,正切函数在(-π/2,π/2)上的性质",
MATH,required-functions-candidate-019,COVERED,函数y-asin-ωx-φ-的图象,"能借助图象理解参数ω,φ,A的意义,了解参数的变化对函数图象的影响",
MATH,required-functions-candidate-020,COVERED,同角三角函数的基本关系,理解同角三角函数的基本关系式,
MATH,required-functions-candidate-021,COVERED,两角和与差的公式,"经历推导两角差余弦公式的过程,知道两角差余弦公式的意义",
MATH,required-functions-candidate-022,COVERED,两角和与差的公式,"能从两角差的余弦公式推导出两角和与差的正弦、余弦、正切公式,二倍角公式",二倍角另见 二倍角公式
MATH,required-functions-candidate-023,COVERED,三角恒等变换,能运用上述公式进行简单的恒等变换,
MATH,required-functions-candidate-024,PARTIAL,三角函数的图象与性质,"会用三角函数解决简单的实际问题,体会可以利用三角函数构建刻画事物周期变化的数学模型",应用建模面未单设节点
MATH,required-functions-candidate-025,COVERED,函数零点的定义,"结合学过的函数图象,了解函数零点与方程解的关系",
MATH,required-functions-candidate-026,COVERED,函数零点存在定理,"了解函数零点存在定理,探索用二分法求方程近似解的思路",二分法另见 二分法
MATH,required-functions-candidate-027,COVERED,函数模型与增长速度的比较,会选择合适的函数类型刻画现实问题的变化规律,2026-09-18 第四批直抽材料闭合
MATH,required-functions-candidate-028,COVERED,函数模型与增长速度的比较,"比较对数函数、一元一次函数、指数函数增长速度的差异,理解指数爆炸、对数增长、直线上升等术语的现实含义",2026-09-18 第四批直抽材料闭合
MATH,required-functions-candidate-029,NOT_COVERED,,收集、阅读一些现实生活、生产实际或者经济领域中的数学模型,论文型学术活动，非知识点对象
MATH,required-geometry-algebra-candidate-001,COVERED,平面向量的概念,"通过对力、速度、位移等的分析,了解平面向量的实际背景,理解平面向量的意义和两个向量相等的含义",
MATH,required-geometry-algebra-candidate-002,PARTIAL,平面向量的概念,理解平面向量的几何表示和基本要素,几何表示(模/方向/零向量)未单设节点，另见 向量的模与夹角
MATH,required-geometry-algebra-candidate-003,COVERED,平面向量的线性运算,"掌握平面向量加、减运算及运算规则,理解其几何意义",
MATH,required-geometry-algebra-candidate-004,COVERED,平面向量的线性运算,"掌握平面向量数乘运算及运算规则,理解其几何意义",共线见 向量共线定理
MATH,required-geometry-algebra-candidate-005,COVERED,平面向量的线性运算,了解平面向量的线性运算性质及其几何意义,
MATH,required-geometry-algebra-candidate-006,COVERED,平面向量的数量积,"理解平面向量数量积的概念及其物理意义,会计算平面向量的数量积",
MATH,required-geometry-algebra-candidate-007,COVERED,投影向量,了解平面向量投影的概念以及投影向量的意义,
MATH,required-geometry-algebra-candidate-008,COVERED,平面向量的数量积,会用数量积判断两个平面向量的垂直关系,
MATH,required-geometry-algebra-candidate-009,COVERED,平面向量基本定理,掌握平面向量基本定理,
MATH,required-geometry-algebra-candidate-010,COVERED,平面向量的坐标运算,"借助平面直角坐标系,掌握平面向量的正交分解及坐标表示",
MATH,required-geometry-algebra-candidate-011,COVERED,平面向量的坐标运算,会用坐标表示平面向量的加、减运算与数乘运算,
MATH,required-geometry-algebra-candidate-012,COVERED,平面向量的坐标运算,"能用坐标表示平面向量的数量积,会表示两个平面向量的夹角",夹角另见 向量的模与夹角
MATH,required-geometry-algebra-candidate-013,COVERED,平面向量的坐标运算,能用坐标表示平面向量共线、垂直,
MATH,required-geometry-algebra-candidate-014,PARTIAL,平面向量的坐标运算,会用向量方法解决简单的平面几何问题、力学问题以及其他实际问题,力学面见 平面向量的数量积，几何共线见 向量共线定理
MATH,required-geometry-algebra-candidate-015,COVERED,正弦定理,"借助向量的运算,掌握余弦定理、正弦定理",余弦定理另见 余弦定理
MATH,required-geometry-algebra-candidate-016,COVERED,解三角形的实际应用,能用余弦定理、正弦定理解决简单的实际问题,
MATH,required-geometry-algebra-candidate-017,COVERED,复数的概念,"通过方程的解,认识复数",
MATH,required-geometry-algebra-candidate-018,COVERED,复数的概念,"理解复数的代数表示及其几何意义,理解两个复数相等的含义",几何意义另见 复数的几何意义
MATH,required-geometry-algebra-candidate-019,COVERED,复数的四则运算,"掌握复数代数表示式的四则运算,了解复数加、减运算的几何意义",
MATH,required-geometry-algebra-candidate-020,NOT_COVERED,,",复数三角表示未设节点",
MATH,required-geometry-algebra-candidate-021,COVERED,多面体与旋转体,掌握柱、锥、台、球及简单组合体的结构特征,空间几何体另见 空间几何体
MATH,required-geometry-algebra-candidate-022,COVERED,空间几何体的表面积和体积公式,知道棱柱、棱锥、棱台、球的表面积和体积的计算公式,另见 表面积与体积
MATH,required-geometry-algebra-candidate-023,COVERED,空间几何体的直观图,能用斜二测法画出简单空间图形的直观图,规则掌握另见 对斜二测画法的规则掌握不牢
MATH,required-geometry-algebra-candidate-024,COVERED,四个公理,基本事实1~4也称为公理,
MATH,required-geometry-algebra-candidate-025,COVERED,平行关系之间的转化,"归纳出以下性质定理,并加以证明",垂直性质见 垂直关系之间的转化
MATH,required-geometry-algebra-candidate-026,COVERED,空间点线面的位置关系,归纳出以下判定定理,判定定理分见 直线与平面平行/平面与平面平行/直线与平面垂直/平面与平面垂直
MATH,required-geometry-algebra-candidate-027,COVERED,空间点线面的位置关系,能用已获得的结论证明空间基本图形位置关系的简单命题,证明方法另见 证明线线垂直的方法 等
MATH,required-geometry-algebra-candidate-028,NOT_COVERED,,",论文型学术活动，非知识点对象",
MATH,required-probability-statistics-candidate-001,COVERED,随机事件,"理解样本点和有限样本空间的含义,理解随机事件与样本点的关系",并/交运算面未单设
MATH,required-probability-statistics-candidate-002,COVERED,古典概型,"理解古典概型,能计算古典概型中简单随机事件的概率",
MATH,required-probability-statistics-candidate-003,COVERED,概率的基本性质,"理解概率的性质,掌握随机事件概率的运算法则",2026-09-18 第四批直抽材料闭合
MATH,required-probability-statistics-candidate-004,PARTIAL,随机事件,"结合实例,会用频率估计概率",频率估计概率未单设节点
MATH,required-probability-statistics-candidate-005,COVERED,随机事件的相互独立性,"了解两个随机事件独立性的含义,能利用独立性计算概率",
MATH,required-probability-statistics-candidate-006,NOT_COVERED,,",统计基础概念未设节点",
MATH,required-probability-statistics-candidate-007,NOT_COVERED,,",统计基础概念未设节点",
MATH,required-probability-statistics-candidate-008,COVERED,简单随机抽样,"了解简单随机抽样的含义及其解决问题的过程,掌握抽签法和随机数法",样本均值/方差另见 平均数与中位数
MATH,required-probability-statistics-candidate-009,COVERED,分层随机抽样,"了解分层随机抽样的特点和适用范围,掌握各层样本量比例分配的方法",
MATH,required-probability-statistics-candidate-010,PARTIAL,分层随机抽样,"能根据实际问题的特点,设计恰当的抽样方法解决问题",抽样方法比选未单设
MATH,required-probability-statistics-candidate-011,COVERED,统计图表的读取,选择恰当的统计图表对数据进行可视化描述,
MATH,required-probability-statistics-candidate-012,COVERED,众数、中位数与平均数,众数是出现次数最多的数据；中位数居中间；平均数为算术平均,原缺口已由 2026-09-18 第三批直抽材料闭合
MATH,required-probability-statistics-candidate-013,COVERED,方差与标准差,方差 s²=（1/n）Σ(xi−x̄)² 刻画离散程度，标准差与数据同单位,原缺口已由 2026-09-18 第三批直抽材料闭合
MATH,required-probability-statistics-candidate-014,NOT_COVERED,,",分布估计未设节点",
MATH,required-probability-statistics-candidate-015,COVERED,百分位数,至少有 p% 数据小于等于它且至少有 100-p% 大于等于它的值,原缺口已由 2026-09-18 第三批直抽材料闭合
MATH,required-modeling-inquiry-candidate-001,NOT_COVERED,,",建模方法论未设节点（活动性要求）",
MATH,selective-functions-candidate-001,COVERED,数列的概念,了解数列的概念和表示方法,另见 数列的有关概念
MATH,selective-functions-candidate-002,COVERED,等差数列,理解等差数列的概念和通项公式的意义,通项另见 等差数列的通项
MATH,selective-functions-candidate-003,COVERED,等差数列的前n项和,探索并掌握等差数列的前n项和公式,另见 等差数列的有关公式
MATH,selective-functions-candidate-004,COVERED,求解等差数列基本量的策略,"能在具体的问题情境中,发现数列的等差关系,并解决相应的问题",
MATH,selective-functions-candidate-005,COVERED,数列与函数的关系,体会等差数列与一元一次函数的关系,
MATH,selective-functions-candidate-006,COVERED,等比数列,理解等比数列的概念和通项公式的意义,通项另见 等比数列的通项
MATH,selective-functions-candidate-007,COVERED,等比数列的前n项和,探索并掌握等比数列的前n项和公式,另见 等比数列的有关公式
MATH,selective-functions-candidate-008,COVERED,求解等比数列基本量的策略,"能在具体的问题情境中,发现数列的等比关系,并解决相应的问题",
MATH,selective-functions-candidate-009,COVERED,数列与函数的关系,体会等比数列与指数函数的关系,
MATH,selective-functions-candidate-010,COVERED,数学归纳法,"了解数学归纳法的原理,能用数学归纳法证明数列中的一些简单命题",
MATH,selective-functions-candidate-011,COVERED,导数的概念,"经历由平均变化率过渡到瞬时变化率的过程,了解导数概念的实际背景",
MATH,selective-functions-candidate-012,PARTIAL,导数定义在极限中的计算,"体会极限思想,极限独立节点未设",
MATH,selective-functions-candidate-013,COVERED,导数的几何意义,通过函数图象直观理解导数的几何意义,切线问题另见 曲线-在-某点处的切线问题
MATH,selective-functions-candidate-014,COVERED,函数y-f-x-在x-x0处的导数定义,能根据导数定义求函数的导数,
MATH,selective-functions-candidate-015,COVERED,导数的运算法则,"能利用导数公式和导数的四则运算法则求简单函数的导数,能求简单的复合函数的导数",复合函数另见 复合函数的导数
MATH,selective-functions-candidate-016,PARTIAL,基本初等函数的导数,"会使用导数公式表,公式表用法未单设",
MATH,selective-functions-candidate-017,COVERED,函数的单调性与导数,"借助几何直观了解函数的单调性与导数的关系,能利用导数研究函数的单调性",另见 导数与函数的单调性的关系/导数法求函数单调区间的步骤
MATH,selective-functions-candidate-018,COVERED,函数的极值,能利用导数求某些函数的极大(小)值、最大(小)值,最值另见 函数的最值/函数极值与最值的关系
MATH,selective-functions-candidate-019,NOT_COVERED,,",论文型学术活动，非知识点对象",
MATH,selective-geometry-algebra-candidate-001,PARTIAL,空间向量的有关概念,"了解空间直角坐标系,会用空间直角坐标系刻画点的位置",空间直角坐标系未单设
MATH,selective-geometry-algebra-candidate-002,NOT_COVERED,,",空间两点距离公式未设节点",
MATH,selective-geometry-algebra-candidate-003,COVERED,空间向量的有关概念,"经历由平面向量推广到空间向量的过程,理解空间向量的概念",
MATH,selective-geometry-algebra-candidate-004,COVERED,空间向量的线性运算,经历由平面向量的运算及其法则推广到空间向量的过程,
MATH,selective-geometry-algebra-candidate-005,COVERED,空间向量的有关定理,"掌握空间向量基本定理及其意义,掌握空间向量的正交分解及其坐标表示",
MATH,selective-geometry-algebra-candidate-006,COVERED,空间向量的线性运算,掌握空间向量的线性运算及其坐标表示,
MATH,selective-geometry-algebra-candidate-007,COVERED,空间向量数量积的坐标表示及其应用,掌握空间向量的数量积及其坐标表示,另见 空间向量的数量积及运算律
MATH,selective-geometry-algebra-candidate-008,PARTIAL,投影向量,"了解空间向量投影的概念以及投影向量的意义,空间投影面未单设（现节点为平面投影向量）",
MATH,selective-geometry-algebra-candidate-009,COVERED,直线的方向向量和平面的法向量,"能用向量语言描述直线和平面,理解直线的方向向量与平面的法向量",
MATH,selective-geometry-algebra-candidate-010,COVERED,空间位置关系的向量表示,能用向量语言表述夹角以及垂直与平行关系,
MATH,selective-geometry-algebra-candidate-011,COVERED,空间位置关系的向量表示,能用向量方法证明直线、平面位置关系的判定定理,
MATH,selective-geometry-algebra-candidate-012,COVERED,利用空间向量求空间距离,能用向量方法解决点到直线、点到平面、平行线面间的距离问题和简单夹角问题,夹角另见 用向量法求异面直线所成角的一般步骤 等
MATH,selective-geometry-algebra-candidate-013,COVERED,直线的方程,"结合具体图形,探索确定直线位置的几何要素",
MATH,selective-geometry-algebra-candidate-014,PARTIAL,直线的方程,"理解直线的倾斜角和斜率的概念,掌握过两点的直线斜率的计算公式",倾斜角/斜率未单设
MATH,selective-geometry-algebra-candidate-015,COVERED,两条直线的位置关系,能根据斜率判定两条直线平行或垂直,
MATH,selective-geometry-algebra-candidate-016,COVERED,直线的方程,探索并掌握直线方程的几种形式(点斜式、两点式及一般式),
MATH,selective-geometry-algebra-candidate-017,COVERED,两条直线的位置关系,能用解方程组的方法求两条直线的交点坐标,
MATH,selective-geometry-algebra-candidate-018,PARTIAL,两条直线的位置关系,"探索并掌握平面上两点间的距离公式、点到直线的距离公式,会求两条平行直线间的距离",平面距离公式未单设
MATH,selective-geometry-algebra-candidate-019,COVERED,圆的方程,探索并掌握圆的标准方程与一般方程,
MATH,selective-geometry-algebra-candidate-020,PARTIAL,直线与圆的位置关系,能判断直线与圆、圆与圆的位置关系,圆与圆位置关系未单设
MATH,selective-geometry-algebra-candidate-021,PARTIAL,直线与圆的位置关系,"能用直线和圆的方程解决一些简单的数学问题与实际问题,应用面未单设",
MATH,selective-geometry-algebra-candidate-022,PARTIAL,圆锥曲线的综合问题,"了解圆锥曲线的实际背景,感受圆锥曲线在刻画现实世界和解决实际问题中的作用",三曲线分见 椭圆/双曲线/抛物线
MATH,selective-geometry-algebra-candidate-023,COVERED,椭圆,掌握椭圆的定义、标准方程及简单几何性质,另见 椭圆的方程/椭圆的离心率/椭圆的焦点
MATH,selective-geometry-algebra-candidate-024,COVERED,双曲线,"了解抛物线与双曲线的定义、几何图形和标准方程,以及简单几何性质",抛物线另见 抛物线
MATH,selective-geometry-algebra-candidate-025,NOT_COVERED,,",思想方法类要求，非知识点对象",
MATH,selective-geometry-algebra-candidate-026,PARTIAL,圆锥曲线的综合问题,了解椭圆、抛物线的简单应用,焦半径应用另见 抛物线焦半径
MATH,selective-geometry-algebra-candidate-027,NOT_COVERED,,",论文型学术活动，非知识点对象",
MATH,selective-probability-statistics-candidate-001,COVERED,分类加法计数原理,理解分类加法计数原理、分步乘法计数原理及其意义,另见 分步乘法计数原理
MATH,selective-probability-statistics-candidate-002,COVERED,排列,"理解排列、组合的概念,能利用计数原理推导排列数公式、组合数公式",另见 组合
MATH,selective-probability-statistics-candidate-003,COVERED,二项式定理,能用多项式运算法则和计数原理证明二项式定理,
MATH,selective-probability-statistics-candidate-004,COVERED,条件概率,"了解条件概率,能计算简单随机事件的条件概率",
MATH,selective-probability-statistics-candidate-005,COVERED,条件概率,理解条件概率与独立性的关系,独立性另见 随机事件的相互独立性
MATH,selective-probability-statistics-candidate-006,COVERED,条件概率,会利用乘法公式计算概率,
MATH,selective-probability-statistics-candidate-007,PARTIAL,全概率,"会利用全概率公式计算概率,了解贝叶斯公式",贝叶斯公式未单设
MATH,selective-probability-statistics-candidate-008,COVERED,离散型随机变量,"了解离散型随机变量的概念,理解分布列及其数字特征",另见 离散型随机变量的期望/方差
MATH,selective-probability-statistics-candidate-009,COVERED,二项分布,"理解伯努利试验,掌握二项分布及其数字特征",
MATH,selective-probability-statistics-candidate-010,COVERED,超几何分布,了解超几何分布及其均值,
MATH,selective-probability-statistics-candidate-011,COVERED,正态分布,"了解服从正态分布的随机变量,了解正态分布的特征",
MATH,selective-probability-statistics-candidate-012,PARTIAL,正态分布,了解正态分布的均值、方差及其含义,数字特征未单设
MATH,selective-probability-statistics-candidate-013,PARTIAL,回归分析,"了解样本相关系数的统计含义,了解样本相关系数与标准化数据向量夹角的关系",相关系数未单设
MATH,selective-probability-statistics-candidate-014,PARTIAL,回归分析,会通过相关系数比较多组成对数据的相关性,相关系数未单设
MATH,selective-probability-statistics-candidate-015,COVERED,回归分析,"了解一元线性回归模型的含义,掌握一元线性回归模型参数的最小二乘估计方法",
MATH,selective-probability-statistics-candidate-016,PARTIAL,回归分析,会用一元线性回归模型进行预测,预测应用面未单设
MATH,selective-probability-statistics-candidate-017,PARTIAL,独立性检验,理解2×2列联表的统计意义,列联表本身未单设
MATH,selective-probability-statistics-candidate-018,COVERED,独立性检验,了解2×2列联表独立性检验及其应用,
MATH,selective-modeling-inquiry-candidate-001,NOT_COVERED,,",活动性要求（课题研究）非知识点对象",
MATH,elective-a-calculus-candidate-001,NOT_COVERED,,",数列极限未设节点（选修A大学先修）",
MATH,elective-a-calculus-candidate-002,NOT_COVERED,,",数列极限性质未设节点",
MATH,elective-a-calculus-candidate-003,NOT_COVERED,,",单调有界收敛准则未设节点",
MATH,elective-a-calculus-candidate-004,NOT_COVERED,,",极限四则运算未设节点",
MATH,elective-a-calculus-candidate-005,NOT_COVERED,,",e的极限定义未设节点",
MATH,elective-a-calculus-candidate-006,NOT_COVERED,,",函数极限未设节点",
MATH,elective-a-calculus-candidate-007,NOT_COVERED,,",函数极限运算未设节点",
MATH,elective-a-calculus-candidate-008,NOT_COVERED,,",两个重要极限未设节点",
MATH,elective-a-calculus-candidate-009,NOT_COVERED,,",连续函数定义未设节点",
MATH,elective-a-calculus-candidate-010,PARTIAL,二分法,了解闭区间上连续函数的有界性、介值性及其简单应用,介值定理/有界性未单设
MATH,elective-a-calculus-candidate-011,COVERED,函数y-f-x-在x-x0处的导数定义,"借助物理背景与几何背景理解导数的意义,并能给出导数的严格数学定义",
MATH,elective-a-calculus-candidate-012,NOT_COVERED,,",二阶导数未设节点",
MATH,elective-a-calculus-candidate-013,COVERED,复合函数的导数,了解复合函数的求导公式,
MATH,elective-a-calculus-candidate-014,NOT_COVERED,,",拉格朗日中值定理未设节点",
MATH,elective-a-calculus-candidate-015,PARTIAL,导数与不等式,会利用拉格朗日中值定理证明一些不等式,中值定理路径未覆盖，导数构造法部分覆盖
MATH,elective-a-calculus-candidate-016,COVERED,函数极值与最值的关系,"会利用导数讨论函数的极值问题,利用几何图形说明一个点是极值点的必要条件与充分条件",
MATH,elective-a-calculus-candidate-017,NOT_COVERED,,",微分未设节点",
MATH,elective-a-calculus-candidate-018,NOT_COVERED,,",定积分未设节点",
MATH,elective-a-calculus-candidate-019,NOT_COVERED,,",微积分基本定理未设节点",
MATH,elective-a-calculus-candidate-020,NOT_COVERED,,",定积分计算未设节点",
MATH,elective-a-calculus-candidate-021,NOT_COVERED,,",定积分应用（面积/体积/做功）未设节点",
MATH,elective-a-space-vector-algebra-candidate-001,COVERED,空间向量的线性运算,"通过几何直观,理解向量运算的几何意义",
MATH,elective-a-space-vector-algebra-candidate-002,PARTIAL,空间向量的数量积及运算律,探索并解释空间向量的内积(即数量积)与外积及其几何意义,外积未设节点（选修A拓展内容）
MATH,elective-a-space-vector-algebra-candidate-003,PARTIAL,空间向量的有关定理,"理解向量的投影与分解及其几何意义,并会应用",空间向量投影未单设
MATH,elective-a-space-vector-algebra-candidate-004,NOT_COVERED,,",线性相关性未设节点",
MATH,elective-a-space-vector-algebra-candidate-005,NOT_COVERED,,",向量空间/子空间未设节点",
MATH,elective-a-space-vector-algebra-candidate-006,NOT_COVERED,,",矩阵未设节点",
MATH,elective-a-space-vector-algebra-candidate-007,NOT_COVERED,,",正交矩阵未设节点",
MATH,elective-a-space-vector-algebra-candidate-008,NOT_COVERED,,",行列式未设节点",
MATH,elective-a-space-vector-algebra-candidate-009,NOT_COVERED,,",线性方程组/高斯消元未设节点",
MATH,elective-a-space-vector-algebra-candidate-010,NOT_COVERED,,",齐次线性方程组未设节点",
MATH,elective-a-space-vector-algebra-candidate-011,NOT_COVERED,,",非齐次方程组判定未设节点",
MATH,elective-a-space-vector-algebra-candidate-012,NOT_COVERED,,",方程组解的结构未设节点",
MATH,elective-a-space-vector-algebra-candidate-013,NOT_COVERED,,",克拉默法则未设节点",
MATH,elective-a-space-vector-algebra-candidate-014,NOT_COVERED,,",空间平面方程未设节点",
MATH,elective-a-space-vector-algebra-candidate-015,NOT_COVERED,,",空间直线方程未设节点",
MATH,elective-a-space-vector-algebra-candidate-016,PARTIAL,空间位置关系的向量表示,"理解空间点、直线、平面的位置关系,会用代数方法判断并求距离",方程代数判断路径未覆盖
MATH,elective-a-space-vector-algebra-candidate-017,NOT_COVERED,,",平面等距变换未设节点",
MATH,elective-a-space-vector-algebra-candidate-018,NOT_COVERED,,",变换群未设节点",
MATH,elective-a-space-vector-algebra-candidate-019,NOT_COVERED,,",等距变换矩阵表示未设节点",
MATH,elective-a-space-vector-algebra-candidate-020,NOT_COVERED,,",空间等距变换未设节点",
MATH,elective-a-space-vector-algebra-candidate-021,NOT_COVERED,,",空间变换群未设节点",
MATH,elective-a-space-vector-algebra-candidate-022,NOT_COVERED,,",空间等距变换矩阵表示未设节点",
MATH,elective-a-probability-statistics-candidate-001,NOT_COVERED,,",连续型随机变量未设节点",
MATH,elective-a-probability-statistics-candidate-002,NOT_COVERED,,",连续型分布（均匀/卡方/t）未设节点",
MATH,elective-a-probability-statistics-candidate-003,NOT_COVERED,,",连续型数字特征未设节点",
MATH,elective-a-probability-statistics-candidate-004,NOT_COVERED,,",二维随机变量/协方差未设节点",
MATH,elective-a-probability-statistics-candidate-005,NOT_COVERED,,",二维正态未设节点",
MATH,elective-a-probability-statistics-candidate-006,NOT_COVERED,,",参数估计未设节点",
MATH,elective-a-probability-statistics-candidate-007,NOT_COVERED,,",假设检验未设节点",
MATH,elective-a-probability-statistics-candidate-008,NOT_COVERED,,",均值方差检验未设节点",
MATH,elective-a-probability-statistics-candidate-009,NOT_COVERED,,",拟合优度检验未设节点",
MATH,elective-a-probability-statistics-candidate-010,NOT_COVERED,,",二维正态统计含义未设节点",
MATH,elective-a-probability-statistics-candidate-011,NOT_COVERED,,",二元线性回归未设节点",
MATH,elective-a-probability-statistics-candidate-012,NOT_COVERED,,",二元回归应用未设节点",
MATH,elective-b-calculus-candidate-001,NOT_COVERED,,",数列极限（B类）未设节点",
MATH,elective-b-calculus-candidate-002,NOT_COVERED,,",函数极限/连续（B类）未设节点",
MATH,elective-b-calculus-candidate-003,NOT_COVERED,,",二阶导数（B类）未设节点",
MATH,elective-b-calculus-candidate-004,NOT_COVERED,,",拉格朗日中值定理（B类）未设节点",
MATH,elective-b-calculus-candidate-005,COVERED,导数与不等式,"能利用导数讨论函数的单调性,并证明某些不等式",单调性面另见 函数的单调性与导数
MATH,elective-b-calculus-candidate-006,COVERED,函数极值与最值的关系,"会利用导数讨论函数的极值问题,利用几何图形说明极值点必要条件与充分条件",
MATH,elective-b-calculus-candidate-007,COVERED,利用导数研究函数的最值,"借助导数,会求闭区间上一元一次函数、一元二次函数、一元三次函数的最大值与最小值",
MATH,elective-b-calculus-candidate-008,NOT_COVERED,,",微分（B类）未设节点",
MATH,elective-b-calculus-candidate-009,NOT_COVERED,,",定积分（B类）未设节点",
MATH,elective-b-calculus-candidate-010,NOT_COVERED,,",黎曼和未设节点",
MATH,elective-b-calculus-candidate-011,NOT_COVERED,,",牛顿-莱布尼茨公式（B类）未设节点",
MATH,elective-b-calculus-candidate-012,NOT_COVERED,,",定积分应用/祖暅原理未设节点",
MATH,elective-b-calculus-candidate-013,NOT_COVERED,,",二元函数未设节点",
MATH,elective-b-calculus-candidate-014,NOT_COVERED,,",偏导数未设节点",
MATH,elective-b-calculus-candidate-015,NOT_COVERED,,",驻点未设节点",
MATH,elective-b-calculus-candidate-016,NOT_COVERED,,",等高线法未设节点",
MATH,elective-b-calculus-candidate-017,NOT_COVERED,,",二元二次函数最值未设节点",
MATH,elective-b-space-vector-algebra-candidate-001,COVERED,空间向量的线性运算,"通过几何直观,理解向量运算的几何意义",
MATH,elective-b-space-vector-algebra-candidate-002,PARTIAL,空间向量的数量积及运算律,探索并解释空间向量的内积(即数量积)与外积及其几何意义,外积未设节点
MATH,elective-b-space-vector-algebra-candidate-003,PARTIAL,空间向量的有关定理,"理解向量的投影与分解及其几何意义,并会应用",空间向量投影未单设
MATH,elective-b-space-vector-algebra-candidate-004,NOT_COVERED,,",线性相关性（B类）未设节点",
MATH,elective-b-space-vector-algebra-candidate-005,NOT_COVERED,,",向量空间/子空间（B类）未设节点",
MATH,elective-b-space-vector-algebra-candidate-006,COVERED,利用空间向量求空间距离,"会求点到直线、点到平面的距离,两条异面直线的距离,直线与平面的夹角",夹角面另见 用向量法求异面直线所成角的一般步骤/垂线法求线面角
MATH,elective-b-space-vector-algebra-candidate-007,NOT_COVERED,,",矩阵（B类）未设节点",
MATH,elective-b-space-vector-algebra-candidate-008,NOT_COVERED,,",行列式（B类）未设节点",
MATH,elective-b-space-vector-algebra-candidate-009,NOT_COVERED,,",线性方程组/高斯消元（B类）未设节点",
MATH,elective-b-space-vector-algebra-candidate-010,NOT_COVERED,,",齐次线性方程组（B类）未设节点",
MATH,elective-b-space-vector-algebra-candidate-011,NOT_COVERED,,",非齐次方程组判定（B类）未设节点",
MATH,elective-b-space-vector-algebra-candidate-012,NOT_COVERED,,",方程组解的结构（B类）未设节点",
MATH,elective-b-space-vector-algebra-candidate-013,NOT_COVERED,,",克拉默法则（B类）未设节点",
MATH,elective-b-applied-statistics-candidate-001,NOT_COVERED,,",连续型随机变量（B类）未设节点",
MATH,elective-b-applied-statistics-candidate-002,NOT_COVERED,,",连续型分布（B类）未设节点",
MATH,elective-b-applied-statistics-candidate-003,NOT_COVERED,,",连续型数字特征（B类）未设节点",
MATH,elective-b-applied-statistics-candidate-004,NOT_COVERED,,",二维随机变量（B类）未设节点",
MATH,elective-b-applied-statistics-candidate-005,NOT_COVERED,,",二维正态（B类）未设节点",
MATH,elective-b-applied-statistics-candidate-006,NOT_COVERED,,",参数估计（B类）未设节点",
MATH,elective-b-applied-statistics-candidate-007,NOT_COVERED,,",假设检验（B类）未设节点",
MATH,elective-b-applied-statistics-candidate-008,NOT_COVERED,,",均值方差检验（B类）未设节点",
MATH,elective-b-applied-statistics-candidate-009,NOT_COVERED,,",拟合优度检验（B类）未设节点",
MATH,elective-b-applied-statistics-candidate-010,NOT_COVERED,,",二维正态统计含义（B类）未设节点",
MATH,elective-b-applied-statistics-candidate-011,NOT_COVERED,,",二元线性回归（B类）未设节点",
MATH,elective-b-applied-statistics-candidate-012,NOT_COVERED,,",二元回归应用（B类）未设节点",
MATH,elective-b-applied-statistics-candidate-013,NOT_COVERED,,",聚类分析未设节点",
MATH,elective-b-applied-statistics-candidate-014,NOT_COVERED,,",聚类方法未设节点",
MATH,elective-b-applied-statistics-candidate-015,NOT_COVERED,,",正交设计未设节点",
MATH,elective-b-applied-statistics-candidate-016,NOT_COVERED,,",正交表实验设计未设节点",
MATH,elective-b-models-candidate-001,NOT_COVERED,,",一维线性模型未设节点",
MATH,elective-b-models-candidate-002,NOT_COVERED,,",二维线性模型未设节点",
MATH,elective-b-models-candidate-003,NOT_COVERED,,",三维线性模型/投入产出未设节点",
MATH,elective-b-models-candidate-004,PARTIAL,圆锥曲线的综合问题,"了解二次曲线模型的含义和特征,体会二次曲线模型的实际意义",建模面未单设
MATH,elective-b-models-candidate-005,COVERED,函数模型与增长速度的比较,"理解指数函数模型,感受增长率是常数的事物的单调变化",2026-09-18 第四批直抽材料闭合
MATH,elective-b-models-candidate-006,PARTIAL,三角函数的图象与性质,理解波动等周期现象可以用三角函数刻画,建模应用面未单设
MATH,elective-b-models-candidate-007,NOT_COVERED,,",参数方程未设节点",
MATH,elective-b-models-candidate-008,NOT_COVERED,,",空间参数方程未设节点",
MATH,elective-b-models-candidate-009,NOT_COVERED,,",参变数意义未设节点",
MATH,elective-c-logic-candidate-001,COVERED,充分条件与必要条件的判断,"能理解数学命题中的条件和结论,能对充分条件、必要条件、充要条件进行判断",
MATH,elective-c-logic-candidate-002,NOT_COVERED,,",逻辑三律（同一/矛盾/排中）未设节点",
MATH,elective-c-logic-candidate-003,NOT_COVERED,,",推理类型（演绎/归纳/类比）未设节点",
MATH,elective-c-logic-candidate-004,PARTIAL,数学归纳法,"认识一些常用的数学证明方法,理解这些证明方法在数学和生活中的意义",证明方法体系未单设（现仅数学归纳法）
MATH,elective-c-logic-candidate-005,NOT_COVERED,,",公理化思想未设节点",
MATH,elective-c-mathematical-models-candidate-001,NOT_COVERED,,",存款贷款模型未设节点",
MATH,elective-c-mathematical-models-candidate-002,NOT_COVERED,,",投入产出模型未设节点",
MATH,elective-c-mathematical-models-candidate-003,PARTIAL,回归分析,"建立线性回归模型或分段的线性回归模型,估计其中的参数",经济建模面未单设
MATH,elective-c-mathematical-models-candidate-004,NOT_COVERED,,",凯恩斯模型未设节点",
MATH,elective-c-mathematical-models-candidate-005,NOT_COVERED,,",生产函数/对数线性模型未设节点",
MATH,elective-c-mathematical-models-candidate-006,PARTIAL,平均数与中位数,了解加权平均、调和平均、稳健平均等评价模型的特点及适用范围,调和/稳健平均未覆盖
MATH,elective-c-mathematical-models-candidate-007,PARTIAL,指数函数及其性质,"了解为什么可以用指数增长模型刻画人口变化的规律,知道如何用模型拟合实际数据",数据拟合面未单设
MATH,elective-c-mathematical-models-candidate-008,NOT_COVERED,,",Logistic回归未设节点",
MATH,elective-c-social-survey-candidate-001,NOT_COVERED,,",社会调查未设节点",
MATH,elective-c-social-survey-candidate-002,NOT_COVERED,,",调查步骤未设节点",
MATH,elective-c-social-survey-candidate-003,NOT_COVERED,,",调查方案框架未设节点",
MATH,elective-c-social-survey-candidate-004,NOT_COVERED,,",可行性评估未设节点",
MATH,elective-c-social-survey-candidate-005,NOT_COVERED,,",问卷设计未设节点",
MATH,elective-c-social-survey-candidate-006,NOT_COVERED,,",调查方法未设节点",
MATH,elective-c-social-survey-candidate-007,NOT_COVERED,,",多阶抽样未设节点",
MATH,elective-c-social-survey-candidate-008,NOT_COVERED,,",统计图表与统计量未设节点（频数表/茎叶图/箱线图等）",
MATH,elective-c-social-survey-candidate-009,NOT_COVERED,,",多元统计分析未设节点",
MATH,elective-c-social-survey-candidate-010,NOT_COVERED,,",调查数据报告未设节点",
MATH,elective-c-social-survey-candidate-011,NOT_COVERED,,",社会调查案例未设节点",
MATH,elective-d-beauty-math-candidate-001,NOT_COVERED,,",简洁美未设节点",
MATH,elective-d-beauty-math-candidate-002,NOT_COVERED,,",对称美未设节点",
MATH,elective-d-beauty-math-candidate-003,NOT_COVERED,,",周期美未设节点",
MATH,elective-d-beauty-math-candidate-004,NOT_COVERED,,",和谐美/黄金分割/斐波那契未设节点",
MATH,elective-d-music-math-candidate-001,PARTIAL,正弦函数,"纯音可以用正弦函数来表达,音高与正弦函数的频率相关,响度与振幅相关",音物理关系面未单设
MATH,elective-d-music-math-candidate-002,PARTIAL,等比数列,十二平均律与等比数列相关,律制背景未单设
MATH,elective-d-music-math-candidate-003,NOT_COVERED,,",节拍与分数未设节点",
MATH,elective-d-music-math-candidate-004,NOT_COVERED,,",乐器中的数学未设节点",
MATH,elective-d-music-math-candidate-005,NOT_COVERED,,",乐曲中的数学未设节点",
MATH,elective-d-art-math-candidate-001,NOT_COVERED,,",绘画与数学未设节点",
MATH,elective-d-art-math-candidate-002,NOT_COVERED,,",美术作品中的数学未设节点",
MATH,elective-d-art-math-candidate-003,NOT_COVERED,,",美术与计算机未设节点",
MATH,elective-d-art-math-candidate-004,NOT_COVERED,,",美术家的数学思想未设节点",
MATH,elective-d-sports-math-candidate-001,PARTIAL,平面向量的线性运算,根据向量分解的原理指导运动员进行跳高、跳远和投掷,体育应用面未单设
MATH,elective-d-sports-math-candidate-002,NOT_COVERED,,",运动成绩数据分析未设节点",
MATH,elective-d-sports-math-candidate-003,NOT_COVERED,,",图论/运筹未设节点",
MATH,elective-d-sports-math-candidate-004,NOT_COVERED,,",体育用具设施数学未设节点",
MATH,elective-e-school-developed-candidate-001,NOT_COVERED,,",学校自主开发课程（E类）非统一知识点对象",
PHYSICS,required-physics-1-candidate-001,NOT_COVERED,,",科学史/实验背景未设节点",
PHYSICS,required-physics-1-candidate-002,COVERED,质点,"经历质点模型的建构过程,了解质点的含义",条件另见 物体看作质点的条件-物体的大小和形状对研究问题的影响可以忽略
PHYSICS,required-physics-1-candidate-003,COVERED,匀变速直线运动的规律,"理解位移、速度和加速度,能运用其解决实际问题",基本概念另见 位移/速度/加速度
PHYSICS,required-physics-1-candidate-004,COVERED,自由落体运动,"通过实验,认识自由落体运动规律",物理学史面另见 伽利略斜面实验
PHYSICS,required-physics-1-candidate-005,COVERED,力的基础概念-重力-弹力-摩擦力,"认识重力、弹力与摩擦力,通过实验,了解胡克定律",胡克定律另见 胡克定律
PHYSICS,required-physics-1-candidate-006,COVERED,共点力平衡,"通过实验,了解力的合成与分解,能用共点力的平衡条件分析生产生活中的问题",矢量和标量另见 矢量和标量
PHYSICS,required-physics-1-candidate-007,COVERED,牛顿运动三定律的基本概念和规律,"理解牛顿运动定律,能用牛顿运动定律解释生产生活中的有关现象",超重失重另见 超重/失重
PHYSICS,required-physics-1-candidate-008,COVERED,单位制,"知道国际单位制中的力学单位,了解单位制在物理学中的重要意义",
PHYSICS,required-physics-2-candidate-001,COVERED,功,"理解功和功率,了解生产生活中常见机械的功率大小及其意义",功率另见 功率
PHYSICS,required-physics-2-candidate-002,COVERED,动能定理,"理解动能和动能定理,能用动能定理解释生产生活中的有关现象",动能另见 动能
PHYSICS,required-physics-2-candidate-003,COVERED,重力势能,"理解重力势能,知道重力势能的变化与重力做功的关系",弹性势能另见 弹性势能
PHYSICS,required-physics-2-candidate-004,COVERED,机械能守恒定律,"理解机械能守恒定律,体会守恒观念对认识物理规律的重要性",
PHYSICS,required-physics-2-candidate-005,COVERED,曲线运动,"通过实验,了解曲线运动,知道物体做曲线运动的条件",处理思想另见 曲线运动的基本概念与处理思想
PHYSICS,required-physics-2-candidate-006,COVERED,平抛运动,"通过实验,探究并认识平抛运动的规律,会用运动合成与分解的方法分析平抛运动",运动合成与分解另见 运动的合成与分解
PHYSICS,required-physics-2-candidate-007,COVERED,圆周运动,"会用线速度、角速度、周期描述匀速圆周运动,能用牛顿第二定律分析匀速圆周运动的向心力",向心力/离心另见 向心力/离心现象
PHYSICS,required-physics-2-candidate-008,COVERED,万有引力定律,"通过史实,了解万有引力定律的发现过程,知道万有引力定律",
PHYSICS,required-physics-2-candidate-009,COVERED,宇宙速度,"会计算人造地球卫星的环绕速度,知道第二宇宙速度和第三宇宙速度",
PHYSICS,required-physics-2-candidate-010,NOT_COVERED,,",牛顿力学局限性未设节点",
PHYSICS,required-physics-2-candidate-011,NOT_COVERED,,",相对论时空观未设节点",
PHYSICS,required-physics-2-candidate-012,NOT_COVERED,,",宇宙起源演化未设节点",
PHYSICS,required-physics-3-candidate-001,COVERED,电荷守恒定律,能用原子结构模型和电荷守恒的知识分析静电现象,三种起电方式另见 三种起电方式
PHYSICS,required-physics-3-candidate-002,COVERED,库仑定律,"知道点电荷模型,知道两个点电荷间相互作用的规律",
PHYSICS,required-physics-3-candidate-003,COVERED,电场,"知道电场是一种物质,了解电场强度,会用电场线描述电场",电场强度/电场线另见 电场强度/电场线
PHYSICS,required-physics-3-candidate-004,COVERED,静电场的应用,了解生产生活中关于静电的利用与防护,尖端放电/屏蔽另见 尖端放电的应用与防止/静电屏蔽的应用
PHYSICS,required-physics-3-candidate-005,COVERED,电势,"知道静电场中的电荷具有电势能,了解电势能、电势和电势差的含义",带电粒子运动另见 带电粒子在电场中的运动
PHYSICS,required-physics-3-candidate-006,COVERED,电容器,"观察常见的电容器,了解电容器的电容,观察电容器的充、放电现象",电容/充放电另见 电容/电容器充放电过程
PHYSICS,required-physics-3-candidate-007,PARTIAL,必备实验仪器的原理及使用,会使用多用电表,电路元器件识别另见 电路中的基本概念
PHYSICS,required-physics-3-candidate-008,COVERED,电阻定律,"探究并了解金属导体的电阻与材料、长度和横截面积的定量关系,会测量金属丝的电阻率",电阻率另见 电阻率
PHYSICS,required-physics-3-candidate-009,NOT_COVERED,,",串并联电路电阻特点未设节点",
PHYSICS,required-physics-3-candidate-010,COVERED,闭合电路欧姆定律,"理解闭合电路欧姆定律,会测量电源的电动势和内阻",电动势/内阻另见 电动势/电源的内阻
PHYSICS,required-physics-3-candidate-011,COVERED,焦耳定律,"理解电功、电功率及焦耳定律,能用焦耳定律解释生产生活中的电热现象",电功率另见 电功率
PHYSICS,required-physics-3-candidate-012,NOT_COVERED,,",家庭电路/安全用电未设节点",
PHYSICS,required-physics-3-candidate-013,PARTIAL,磁场的基本概念和性质,"能列举磁现象在生产生活中的应用,了解我国古代在磁现象方面的研究成果",史实与现代技术面未设
PHYSICS,required-physics-3-candidate-014,COVERED,磁场,"通过实验,认识磁场,了解磁感应强度,会用磁感线描述磁场",磁感应强度另见 磁感应强度
PHYSICS,required-physics-3-candidate-015,COVERED,电磁感应现象,"通过实验,了解电磁感应现象,了解产生感应电流的条件",磁通量另见 磁通量
PHYSICS,required-physics-3-candidate-016,COVERED,电磁波,"通过实验,了解电磁波,知道电磁场的物质性",
PHYSICS,required-physics-3-candidate-017,PARTIAL,电磁波,"通过实例,了解电磁波的应用及其带来的影响",应用面未单设
PHYSICS,required-physics-3-candidate-018,COVERED,光子说,"知道光是一种电磁波,知道光的能量是不连续的",光电磁说另见 电磁说-麦克斯韦认为光是一种电磁波
PHYSICS,required-physics-3-candidate-019,COVERED,核裂变,初步了解核裂变与核聚变,核聚变另见 核聚变
PHYSICS,required-physics-3-candidate-020,COVERED,能量守恒定律,"知道不同形式的能量可互相转化,在转化过程中能量总量保持不变",方向性另见 热力学第二定律
PHYSICS,required-physics-3-candidate-021,NOT_COVERED,,",能源分类/环境影响未设节点",
PHYSICS,required-physics-3-candidate-022,NOT_COVERED,,",环境污染/可持续发展未设节点",
PHYSICS,selective-physics-1-candidate-001,COVERED,动量守恒定律,"理解冲量和动量,理解动量定理和动量守恒定律,能用其解释生产生活中的有关现象",冲量/动量定理另见 冲量/动量定理
PHYSICS,selective-physics-1-candidate-002,COVERED,弹性碰撞,"通过实验,了解弹性碰撞和非弹性碰撞的特点,定量分析一维碰撞问题",非弹性碰撞另见 非弹性碰撞
PHYSICS,selective-physics-1-candidate-003,NOT_COVERED,,",守恒方法/STS未设节点",
PHYSICS,selective-physics-1-candidate-004,COVERED,简谐运动,"通过实验,认识简谐运动的特征,能用公式和图像描述简谐运动",
PHYSICS,selective-physics-1-candidate-005,COVERED,单摆,"通过实验,探究单摆的周期与摆长的定量关系,会用单摆测量重力加速度的大小",单摆周期另见 单摆周期
PHYSICS,selective-physics-1-candidate-006,COVERED,受迫振动,"通过实验,认识受迫振动的特点,了解产生共振的条件及其应用",共振另见 共振
PHYSICS,selective-physics-1-candidate-007,COVERED,机械波,"通过观察,认识波的特征,能区别横波和纵波,理解波速、波长和频率的关系",横波/纵波/波速另见 横波/纵波/波速
PHYSICS,selective-physics-1-candidate-008,COVERED,机械波,"知道波的反射和折射现象,通过实验,了解波的干涉与衍射现象",反射/干涉/衍射另见 反射/波的干涉/波的衍射
PHYSICS,selective-physics-1-candidate-009,COVERED,多普勒效应,"通过实验,认识多普勒效应,能解释多普勒效应产生的原因",成因分析另见 多普勒效应的成因分析
PHYSICS,selective-physics-1-candidate-010,COVERED,折射率,"通过实验,理解光的折射定律,会测量材料的折射率",折射定律另见 光的反射和折射
PHYSICS,selective-physics-1-candidate-011,COVERED,全反射,"知道光的全反射现象及其产生的条件,初步了解光纤的工作原理",条件另见 条件-①光从光密介质射入光疏介质-②入射角大于或等于临界角
PHYSICS,selective-physics-1-candidate-012,COVERED,光的干涉,"观察光的干涉、衍射和偏振现象,知道光是横波,会用双缝干涉实验测量光的波长,衍射/偏振另见 光的衍射/光的偏振",双缝另见 杨氏双缝干涉
PHYSICS,selective-physics-1-candidate-013,COVERED,激光,"通过实验,了解激光的特性,能举例说明激光技术在生产生活中的应用",应用另见 应用-光纤通信-激光测距-激光武器等
PHYSICS,selective-physics-2-candidate-001,COVERED,安培力,"通过实验,认识安培力,能判断安培力的方向,会计算安培力的大小",
PHYSICS,selective-physics-2-candidate-002,COVERED,洛伦兹力,"通过实验,认识洛伦兹力,能判断洛伦兹力的方向,会计算洛伦兹力的大小",
PHYSICS,selective-physics-2-candidate-003,COVERED,带电粒子在磁场中的运动,"能用洛伦兹力分析带电粒子在匀强磁场中的圆周运动,了解带电粒子在匀强磁场中的偏转及其应用",
PHYSICS,selective-physics-2-candidate-004,COVERED,楞次定律,"探究影响感应电流方向的因素,理解楞次定律",理解另见 楞次定律的理解-阻碍-的含义
PHYSICS,selective-physics-2-candidate-005,COVERED,法拉第电磁感应定律,"通过实验,理解法拉第电磁感应定律",
PHYSICS,selective-physics-2-candidate-006,COVERED,自感,"通过实验,了解自感现象和涡流现象,能举例说明自感现象和涡流现象在生产生活中的应用",涡流另见 涡流
PHYSICS,selective-physics-2-candidate-007,COVERED,交变电流,"通过实验,认识交变电流,能用公式和图像描述正弦交变电流",正弦式另见 正弦式交变电流
PHYSICS,selective-physics-2-candidate-008,COVERED,变压器,"通过实验,探究并了解变压器原、副线圈电压与匝数的关系,知道远距离输电时通常采用高压输电的原因",输电另见 电能的输送
PHYSICS,selective-physics-2-candidate-009,NOT_COVERED,,",发电机/电动机能量转化未设节点",
PHYSICS,selective-physics-2-candidate-010,PARTIAL,电磁说-麦克斯韦认为光是一种电磁波,"初步了解麦克斯韦电磁场理论的基本思想,初步了解场的统一性与多样性",麦克斯韦理论全文未单设
PHYSICS,selective-physics-2-candidate-011,COVERED,电磁振荡,"通过实验,了解电磁振荡",变化规律另见 振荡电路过程中各物理量的变化
PHYSICS,selective-physics-2-candidate-012,PARTIAL,无线电波的发射,知道电磁波的发射、传播和接收,传播/接收面未单设
PHYSICS,selective-physics-2-candidate-013,PARTIAL,电磁波,"认识电磁波谱,知道各个波段的电磁波的名称、特征和典型应用",波谱波段未单设
PHYSICS,selective-physics-2-candidate-014,COVERED,传感器,知道非电学量转换成电学量的技术意义,
PHYSICS,selective-physics-2-candidate-015,COVERED,常见传感器的特点,"通过实验,了解常见传感器的工作原理,会利用传感器制作简单的自动控制装置",
PHYSICS,selective-physics-2-candidate-016,PARTIAL,常见传感器的特点,列举传感器在生产生活中的应用,应用面未单设
PHYSICS,selective-physics-3-candidate-001,COVERED,分子动理论,"通过实验,估测油酸分子的大小,了解分子动理论的基本观点及相关的实验证据",
PHYSICS,selective-physics-3-candidate-002,COVERED,布朗运动,"通过实验,了解扩散现象,观察并解释布朗运动",速率分布另见 分子运动速率分布图像
PHYSICS,selective-physics-3-candidate-003,COVERED,晶体,"了解固体的微观结构,知道晶体和非晶体的特点",液晶另见 液晶
PHYSICS,selective-physics-3-candidate-004,NOT_COVERED,,",材料科学未设节点",
PHYSICS,selective-physics-3-candidate-005,COVERED,表面张力,"观察液体的表面张力现象,了解表面张力产生的原因",毛细现象未单设
PHYSICS,selective-physics-3-candidate-006,COVERED,气体实验定律,"通过实验,了解气体实验定律,知道理想气体模型",理想气体另见 理想气体状态方程
PHYSICS,selective-physics-3-candidate-007,COVERED,热力学第一定律,"知道热力学第一定律,通过有关史实,了解其发现过程",
PHYSICS,selective-physics-3-candidate-008,COVERED,能量守恒定律,"理解能量守恒定律,能用能量守恒的观点解释自然现象",
PHYSICS,selective-physics-3-candidate-009,COVERED,热力学第二定律,"通过自然界中宏观过程的方向性,了解热力学第二定律",
PHYSICS,selective-physics-3-candidate-010,COVERED,原子核式结构,"了解人类探索原子及其结构的历史,知道原子的核式结构模型",氢光谱/能级另见 氢原子光谱的实验规律
PHYSICS,selective-physics-3-candidate-011,COVERED,原子核的组成-原子核是由质子和中子组成的-原子核的电荷数等于核内的质子数,"了解原子核的组成和核力的性质,能根据质量数守恒和电荷守恒写出核反应方程,核力另见 核力的特点",四种相互作用另见 四种基本相互作用
PHYSICS,selective-physics-3-candidate-012,COVERED,原子核衰变,"了解放射性和原子核衰变,知道半衰期及其统计意义",半衰期另见 半衰期
PHYSICS,selective-physics-3-candidate-013,COVERED,结合能,"认识原子核的结合能,了解核裂变反应和核聚变反应",核裂变/核聚变另见 核裂变/核聚变
PHYSICS,selective-physics-3-candidate-014,PARTIAL,近代物理学史-相关粒子的发现和实验,了解人类对物质结构的探索历程,加速器/粒子探测器面未单设
PHYSICS,selective-physics-3-candidate-015,COVERED,光电效应,"通过实验,了解光电效应现象,知道爱因斯坦光电效应方程及其意义",方程另见 光电效应方程
PHYSICS,selective-physics-3-candidate-016,COVERED,物质波,"知道实物粒子具有波动性,了解微观世界的量子化特征",
PHYSICS,elective-physics-1-candidate-001,NOT_COVERED,,",宇宙观史实未设节点",
PHYSICS,elective-physics-1-candidate-002,NOT_COVERED,,",物理学史未设节点",
PHYSICS,elective-physics-1-candidate-003,NOT_COVERED,,",近代物理学革命史未设节点",
PHYSICS,elective-physics-1-candidate-004,PARTIAL,波粒二象性,"了解波粒二象性的物理思想,体会人们对物质本性认识的不断发展",思想史面未单设
PHYSICS,elective-physics-1-candidate-005,NOT_COVERED,,",相对论/质能关系影响未设节点",
PHYSICS,elective-physics-1-candidate-006,NOT_COVERED,,",我国物理学家成果未设节点",
PHYSICS,elective-physics-1-candidate-007,NOT_COVERED,,",工业革命史未设节点",
PHYSICS,elective-physics-1-candidate-008,NOT_COVERED,,",电磁学发展史未设节点",
PHYSICS,elective-physics-1-candidate-009,NOT_COVERED,,",集成电路/微电子未设节点",
PHYSICS,elective-physics-1-candidate-010,NOT_COVERED,,",信息技术影响未设节点",
PHYSICS,elective-physics-1-candidate-011,NOT_COVERED,,",核技术应用影响未设节点",
PHYSICS,elective-physics-1-candidate-012,NOT_COVERED,,",能源实例未设节点",
PHYSICS,elective-physics-1-candidate-013,NOT_COVERED,,",微电子技术实例未设节点",
PHYSICS,elective-physics-1-candidate-014,NOT_COVERED,,",计算机/手机历程未设节点",
PHYSICS,elective-physics-1-candidate-015,PARTIAL,激光,了解激光技术和光纤通信技术在生活中的应用,光纤通信另见 应用-光纤通信-激光测距-激光武器等
PHYSICS,elective-physics-1-candidate-016,NOT_COVERED,,",航天技术影响未设节点",
PHYSICS,elective-physics-2-candidate-001,NOT_COVERED,,",B超应用未设节点",
PHYSICS,elective-physics-2-candidate-002,PARTIAL,多普勒效应,了解多普勒效应在彩超中的应用,彩超应用面未单设
PHYSICS,elective-physics-2-candidate-003,NOT_COVERED,,",X射线医学应用未设节点",
PHYSICS,elective-physics-2-candidate-004,NOT_COVERED,,",CT扫描未设节点",
PHYSICS,elective-physics-2-candidate-005,NOT_COVERED,,",射线医学防护未设节点",
PHYSICS,elective-physics-2-candidate-006,NOT_COVERED,,",新能源开发未设节点",
PHYSICS,elective-physics-2-candidate-007,NOT_COVERED,,",太阳能利用未设节点",
PHYSICS,elective-physics-2-candidate-008,PARTIAL,核裂变,"了解核裂变和核聚变,了解核能的利用及核废料的处理",核聚变/废料另见 核聚变
PHYSICS,elective-physics-2-candidate-009,NOT_COVERED,,",地热/潮汐/风能未设节点",
PHYSICS,elective-physics-2-candidate-010,NOT_COVERED,,",新材料开发未设节点",
PHYSICS,elective-physics-2-candidate-011,NOT_COVERED,,",纳米材料未设节点",
PHYSICS,elective-physics-2-candidate-012,NOT_COVERED,,",超导体未设节点",
PHYSICS,elective-physics-2-candidate-013,NOT_COVERED,,",功能材料未设节点",
PHYSICS,elective-physics-2-candidate-014,NOT_COVERED,,",信息技术贡献未设节点",
PHYSICS,elective-physics-2-candidate-015,NOT_COVERED,,",智能手机功能未设节点",
PHYSICS,elective-physics-2-candidate-016,NOT_COVERED,,",计算机部件未设节点",
PHYSICS,elective-physics-2-candidate-017,NOT_COVERED,,",卫星定位系统未设节点",
PHYSICS,elective-physics-2-candidate-018,NOT_COVERED,,",人工智能未设节点",
PHYSICS,elective-physics-3-candidate-001,NOT_COVERED,,",宏观微观描述差异未设节点",
PHYSICS,elective-physics-3-candidate-002,COVERED,物质波,"了解德布罗意物质波,知道物质的波粒二象性",
PHYSICS,elective-physics-3-candidate-003,NOT_COVERED,,",不确定性原理未设节点",
PHYSICS,elective-physics-3-candidate-004,PARTIAL,常见基本粒子及其分类,初步了解基本粒子的微观模型及其特点,微观模型面未单设
PHYSICS,elective-physics-3-candidate-005,PARTIAL,常见基本粒子及其分类,了解人类探索基本粒子的大致历程,史实面未单设
PHYSICS,elective-physics-3-candidate-006,NOT_COVERED,,",相对性原理/光速不变未设节点",
PHYSICS,elective-physics-3-candidate-007,NOT_COVERED,,",长度收缩/时间延缓未设节点",
PHYSICS,elective-physics-3-candidate-008,COVERED,质能方程-该式表明物体的能量和质量之间存在着密切的联系,知道爱因斯坦质能方程的意义,
PHYSICS,elective-physics-3-candidate-009,NOT_COVERED,,",广义相对论未设节点",
PHYSICS,elective-physics-3-candidate-010,NOT_COVERED,,",高速世界探索史未设节点",
PHYSICS,elective-physics-3-candidate-011,NOT_COVERED,,",大爆炸宇宙论未设节点",
PHYSICS,elective-physics-3-candidate-012,NOT_COVERED,,",黑洞未设节点",
PHYSICS,elective-physics-3-candidate-013,NOT_COVERED,,",暗物质/暗能量未设节点",
PHYSICS,elective-physics-3-candidate-014,NOT_COVERED,,",反物质未设节点",
PHYSICS,elective-physics-3-candidate-015,NOT_COVERED,,",宇宙论进展未设节点",
PHYSICS,elective-physics-3-candidate-016,COVERED,四种基本相互作用-引力相互作用-电磁相互作用-强相互作用和弱相互作用,了解四种基本相互作用及其特点,
PHYSICS,elective-physics-3-candidate-017,NOT_COVERED,,",相互作用统一思想未设节点",
CHEMISTRY,required-science-experiment-candidate-001,NOT_COVERED,,",课程发展史未设节点",
CHEMISTRY,required-science-experiment-candidate-002,NOT_COVERED,,",科学探究方法论未设节点",
CHEMISTRY,required-science-experiment-candidate-003,COVERED,分离提纯,"初步学会物质检验、分离、提纯和溶液配制等化学实验基础知识和基本技能,溶液配制另见 溶液的配制步骤",检验另见 物质检验
CHEMISTRY,required-science-experiment-candidate-004,NOT_COVERED,,",实验室安全规则未设节点",
CHEMISTRY,required-science-experiment-candidate-005,COVERED,溶液的配制步骤,配制一定物质的量浓度的溶液,误差分析另见 溶液的配制误差分析
CHEMISTRY,required-inorganic-substances-candidate-001,COVERED,物质的分类,"认识元素可以组成不同种类的物质,根据物质的组成和性质可以对物质进行分类",
CHEMISTRY,required-inorganic-substances-candidate-002,COVERED,氧化还原反应,"认识有化合价变化的反应是氧化还原反应,了解氧化还原反应的本质是电子的转移",
CHEMISTRY,required-inorganic-substances-candidate-003,COVERED,电离,"认识酸、碱、盐等电解质在水溶液中或熔融状态下能发生电离,离子反应另见 离子反应",检验另见 常见阳离子的检验与推断依据
CHEMISTRY,required-inorganic-substances-candidate-004,COVERED,钠,"了解钠、铁及其重要化合物的主要性质,了解这些物质在生产生活中的应用",铁另见 铁
CHEMISTRY,required-inorganic-substances-candidate-005,COVERED,氯气,"了解氯、氮、硫及其重要化合物的主要性质,认识这些物质在生产生活中的应用和对生态环境的影响,氮另见 氮气",硫另见 硫
CHEMISTRY,required-inorganic-substances-candidate-006,NOT_COVERED,,",物质转化的社会价值面未设节点",
CHEMISTRY,required-inorganic-substances-candidate-007,COVERED,斜向变化体现不同价态-不同类别之间物质的转化-主要体现物质的氧化性或还原性,"铁及其化合物的性质,不同价态含硫物质的转化,硫转化另见 应用氧化还原反应的原理实现不同价态含硫物质的转化",除杂另见 熟练掌握溶解-过滤-蒸发等操作
CHEMISTRY,required-structure-reaction-laws-candidate-001,COVERED,原子结构,认识原子结构、元素性质与元素在元素周期表中位置的关系,核素另见 核素
CHEMISTRY,required-structure-reaction-laws-candidate-002,COVERED,化学键,"结合典型实例认识离子键和共价键的形成,建立化学键概念",离子键/共价键另见 离子键/共价键
CHEMISTRY,required-structure-reaction-laws-candidate-003,COVERED,化学平衡,"了解可逆反应的含义,知道可逆反应在一定条件下能达到化学平衡",速率另见 化学反应速率
CHEMISTRY,required-structure-reaction-laws-candidate-004,COVERED,吸热反应和放热反应,"认识吸热反应与放热反应,以原电池为例认识化学能可以转化为电能",原电池另见 原电池
CHEMISTRY,required-structure-reaction-laws-candidate-005,COVERED,原电池,"化学能转化成电能,速率因素另见 控制变量法探究影响化学反应速率的因素",金属性判断另见 元素金属性强弱的判断
CHEMISTRY,required-organic-compounds-candidate-001,COVERED,有机物的结构特点,"以甲烷、乙烯、乙炔、苯为例认识碳原子的成键特点,认识官能团",同分异构另见 同分异构体
CHEMISTRY,required-organic-compounds-candidate-002,COVERED,乙烯,认识乙烯、乙醇、乙酸的结构及其主要性质与应用,反应类型另见 加成反应/取代反应/酯化反应
CHEMISTRY,required-organic-compounds-candidate-003,COVERED,基本营养物质,认识合成高分子、油脂、糖类、蛋白质等有机化合物在生产生活中的重要应用,合成高分子另见 合成高分子
CHEMISTRY,required-organic-compounds-candidate-004,COVERED,乙醇,"乙醇、乙酸的主要性质,球棍模型另见 有机化合物的空间结构",酯化另见 酯化反应实验探究
CHEMISTRY,required-chemistry-social-development-candidate-001,PARTIAL,绿色化学,认识到化学科学与技术对我国走生产发展、生活富裕、生态良好的文明发展道路发挥的重要作用,可持续发展价值面
CHEMISTRY,required-chemistry-social-development-candidate-002,PARTIAL,常见金属材料,"知道金属材料、无机非金属材料、高分子材料等常见材料类型,陶瓷/玻璃/水泥另见 陶瓷/玻璃/水泥",药物另见 蛋白质
CHEMISTRY,required-chemistry-social-development-candidate-003,COVERED,石油的综合利用,"结合工业合成氨、工业制硫酸、石油化工等实例了解化学在生产中的具体应用,合成氨另见 合成氨反应的特点",煤另见 煤的综合利用
CHEMISTRY,required-chemistry-social-development-candidate-004,PARTIAL,酸雨,依据物质的性质及其变化认识环境污染的成因、主要危害及其防治措施,大气/废水防治面未单设
CHEMISTRY,required-chemistry-social-development-candidate-005,NOT_COVERED,,",法规/安全意识未设节点",
CHEMISTRY,selective-reaction-principles-candidate-001,NOT_COVERED,,",内能未设节点",
CHEMISTRY,selective-reaction-principles-candidate-002,COVERED,焓变,"恒温恒压条件下化学反应的反应热可以用焓变表示,了解盖斯定律及其简单应用",盖斯定律另见 盖斯定律
CHEMISTRY,selective-reaction-principles-candidate-003,COVERED,原电池,"认识化学能与电能相互转化的实际意义及其重要应用,了解电解池的工作原理",金属电化学腐蚀另见 金属电化学腐蚀规律
CHEMISTRY,selective-reaction-principles-candidate-004,COVERED,简单的电镀实验,"简单的电镀实验,制作简单的燃料电池",燃料电池另见 燃料电池
CHEMISTRY,selective-reaction-principles-candidate-005,COVERED,化学平衡常数,"知道化学反应的方向与反应的焓变和熵变有关,认识化学平衡常数是表征反应限度的物理量",熵变另见 熵和熵变的含义
CHEMISTRY,selective-reaction-principles-candidate-006,COVERED,化学反应速率,"知道化学反应速率的表示方法,了解温度、浓度、压强和催化剂对化学反应速率的影响",基元反应/活化能另见 基元反应/活化能
CHEMISTRY,selective-reaction-principles-candidate-007,COVERED,催化剂与化学反应,"知道催化剂可以改变反应历程,对调控化学反应速率具有重要意义",
CHEMISTRY,selective-reaction-principles-candidate-008,COVERED,影响化学平衡的因素,探究影响化学平衡移动的因素,
CHEMISTRY,selective-reaction-principles-candidate-009,COVERED,强电解质与弱电解质,从电离、离子反应、化学平衡的角度认识电解质水溶液的组成、性质和反应,
CHEMISTRY,selective-reaction-principles-candidate-010,COVERED,电离平衡,"认识弱电解质在水溶液中存在电离平衡,认识水的电离,认识溶液的酸碱性及pH",水的电离另见 水的电离
CHEMISTRY,selective-reaction-principles-candidate-011,COVERED,盐类水解,认识盐类水解的原理和影响盐类水解的主要因素,
CHEMISTRY,selective-reaction-principles-candidate-012,COVERED,沉淀溶解平衡,"认识难溶电解质在水溶液中存在沉淀溶解平衡,了解沉淀的生成、溶解与转化",溶度积另见 溶度积
CHEMISTRY,selective-reaction-principles-candidate-013,COVERED,溶液的ph,了解溶液pH的调控在工农业生产和科学研究中的应用,微粒浓度比较另见 溶液中微粒浓度大小的比较
CHEMISTRY,selective-reaction-principles-candidate-014,COVERED,酸碱中和滴定,"强酸与强碱的中和滴定,盐类水解的应用",水解应用另见 盐类水解的规律及拓展应用
CHEMISTRY,selective-structure-properties-candidate-001,COVERED,核外电子运动状态,"认识核外电子的运动特点,知道电子运动的能量状态具有量子化的特征",能层/能级另见 能层/能级
CHEMISTRY,selective-structure-properties-candidate-002,COVERED,原子核外电子排布,"了解原子核外电子排布的构造原理,认识基态原子中核外电子的排布遵循能量最低原理、泡利不相容原理和洪特规则",构造原理另见 构造原理
CHEMISTRY,selective-structure-properties-candidate-003,COVERED,元素周期律,认识原子半径、第一电离能、电负性等元素性质的周期性变化,电离能/电负性另见 电离能/电负性
CHEMISTRY,selective-structure-properties-candidate-004,COVERED,化学键,"认识物质是由原子、离子、分子等微观粒子构成的,微粒之间存在不同类型的相互作用",
CHEMISTRY,selective-structure-properties-candidate-005,COVERED,共价键,"认识原子间通过原子轨道重叠形成共价键,了解共价键具有饱和性和方向性",键的极性另见 键的极性和分子的极性
CHEMISTRY,selective-structure-properties-candidate-006,COVERED,分子空间构型,"了解共价分子具有特定的空间结构,并可运用相关理论和模型进行解释和预测",VSEPR/杂化另见 vsepr模型/杂化轨道
CHEMISTRY,selective-structure-properties-candidate-007,COVERED,晶体,"了解晶体中微粒的空间排布存在周期性,认识简单的晶胞,晶胞另见 晶胞",四晶体另见 分子晶体/共价晶体/离子晶体/金属晶体
CHEMISTRY,selective-structure-properties-candidate-008,COVERED,配位化合物,简单配合物的制备,配位键另见 配位键
CHEMISTRY,selective-structure-properties-candidate-009,NOT_COVERED,,",物质结构探索史/超分子尺度未设节点",
CHEMISTRY,selective-structure-properties-candidate-010,NOT_COVERED,,",结构测定方法论（光谱/衍射）未设节点",
CHEMISTRY,selective-structure-properties-candidate-011,NOT_COVERED,,",结构研究价值面未设节点",
CHEMISTRY,selective-organic-foundations-candidate-001,COVERED,有机物组成和结构的确定,"认识有机化合物存在构造异构和立体异构等同分异构现象,知道红外光谱、核磁共振等现代仪器分析方法",同分异构另见 同分异构现象和同分异构体
CHEMISTRY,selective-organic-foundations-candidate-002,COVERED,依据官能团分类,"认识官能团的种类,从官能团的视角认识有机化合物的分类,知道简单有机化合物的命名",命名另见 含官能团的链状有机物命名
CHEMISTRY,selective-organic-foundations-candidate-003,COVERED,有机化合物中的共价键,"认识有机化合物分子中共价键的类型、极性,知道基团之间的相互影响会导致键的极性发生改变",
CHEMISTRY,selective-organic-foundations-candidate-004,COVERED,烷烃,认识烷烃、烯烃、炔烃和芳香烃的组成和结构特点,烯烃/炔烃/芳香烃另见 烯烃/炔烃/芳香烃
CHEMISTRY,selective-organic-foundations-candidate-005,COVERED,醇,认识卤代烃、醇、酚、醛、羧酸、酯的组成和结构特点、性质、转化关系,醚/酮/胺/酰胺另见 醚的结构与性质/酮/胺-酰胺的结构和性质
CHEMISTRY,selective-organic-foundations-candidate-006,COVERED,有机合成,"认识加成、取代、消去反应,认识有机合成的关键是碳骨架的构建和官能团的转化",碳骨架另见 有机合成中碳骨架的构建
CHEMISTRY,selective-organic-foundations-candidate-007,PARTIAL,常见有机合成路线,了解有机化合物的性质和转化在新材料开发、药物研制等方面的重要应用,新材料/药物面未单设
CHEMISTRY,selective-organic-foundations-candidate-008,COVERED,实验探究乙酸乙酯的制备,乙酸乙酯的制备与性质,官能团检验另见 根据试剂或特征现象推知官能团的种类
CHEMISTRY,selective-organic-foundations-candidate-009,COVERED,基本概念,"认识单体和重复结构单元(链节)及其与聚合物结构的关系,了解加聚反应和缩聚反应的特点",聚合反应另见 聚合反应
CHEMISTRY,selective-organic-foundations-candidate-010,COVERED,糖类,"认识糖类和蛋白质的组成与主要性质,了解淀粉和纤维素及其与葡萄糖的关系",蛋白质/氨基酸另见 蛋白质/氨基酸的结构与性质
CHEMISTRY,selective-organic-foundations-candidate-011,COVERED,合成高分子,"认识塑料、合成橡胶、合成纤维的组成和结构特点,了解新型高分子材料的优异性能",
CHEMISTRY,selective-organic-foundations-candidate-012,COVERED,糖类的结构和性质,糖类的性质,
CHEMISTRY,elective-experimental-chemistry-candidate-001,COVERED,分离提纯,围绕物质性质和反应规律的研究、物质的制备、物质的分离与提纯、物质的检测等方面选取实验活动,实验方案设计另见 实验方案设计
CHEMISTRY,elective-experimental-chemistry-candidate-002,PARTIAL,阿伏加德罗常数,阿伏加德罗常数、平衡常数、速率常数的测定,探究实验面未单设
CHEMISTRY,elective-experimental-chemistry-candidate-003,PARTIAL,金属冶炼,"以真实的化工生产过程为研究对象,对化工生产的原理、流程进行复原和模拟",硫酸/硝酸工艺另见 硫酸/硝酸
CHEMISTRY,elective-experimental-chemistry-candidate-004,NOT_COVERED,,",综合实验项目（水质检测等）未设节点",
CHEMISTRY,elective-chemistry-society-candidate-001,NOT_COVERED,,",化学与生活（STS）未设节点",
CHEMISTRY,elective-chemistry-society-candidate-002,NOT_COVERED,,",化学与技术（STS）未设节点",
CHEMISTRY,elective-chemistry-society-candidate-003,NOT_COVERED,,",综合实践活动未设节点",
CHEMISTRY,elective-developing-chemical-science-candidate-001,NOT_COVERED,,",现代化学研究前沿未设节点",
CHEMISTRY,elective-developing-chemical-science-candidate-002,NOT_COVERED,,",交叉学科化学未设节点",
CHEMISTRY,elective-developing-chemical-science-candidate-003,NOT_COVERED,,",化学工程进展未设节点",
BIOLOGY,required-molecules-cells-candidate-001,COVERED,生物大分子以碳链为骨架,"细胞主要由C、H、O、N、P、S等元素构成,它们以碳链为骨架形成复杂的生物大分子",元素另见 组成细胞的元素
BIOLOGY,required-molecules-cells-candidate-002,COVERED,细胞中的水,"水大约占细胞质量的2/3,以自由水和结合水的形式存在",
BIOLOGY,required-molecules-cells-candidate-003,COVERED,细胞中的无机盐,"举例说出无机盐在细胞内含量虽少,但与生命活动密切相关",
BIOLOGY,required-molecules-cells-candidate-004,COVERED,细胞中的糖类,"糖类有多种类型,它们既是细胞的重要结构成分,又是生命活动的主要能源物质",
BIOLOGY,required-molecules-cells-candidate-005,COVERED,细胞中的脂质,举例说出不同种类的脂质对维持细胞结构和功能有重要作用,
BIOLOGY,required-molecules-cells-candidate-006,COVERED,蛋白质的结构及其多样性,"蛋白质通常由20种氨基酸分子组成,它的功能取决于氨基酸序列及其形成的空间结构",
BIOLOGY,required-molecules-cells-candidate-007,COVERED,核酸,"核酸由核苷酸聚合而成,是储存与传递遗传信息的生物大分子",
BIOLOGY,required-molecules-cells-candidate-008,COVERED,细胞膜-质膜-的功能,"细胞都由质膜包裹,质膜将细胞与其生活环境分开,能控制物质进出",
BIOLOGY,required-molecules-cells-candidate-009,COVERED,细胞器的结构和功能,"细胞内具有多个相对独立的结构,担负着物质运输、合成与分解、能量转换和信息传递等生命活动",
BIOLOGY,required-molecules-cells-candidate-010,COVERED,细胞核的结构和功能,遗传信息主要储存在细胞核中,
BIOLOGY,required-molecules-cells-candidate-011,COVERED,生物膜系统,"细胞各部分结构之间相互联系、协调一致,共同执行细胞的各项生命活动",
BIOLOGY,required-molecules-cells-candidate-012,COVERED,细胞的多样性和统一性,"有些生物体只有一个细胞,而有的由很多细胞构成,但都具有相似的基本结构",
BIOLOGY,required-molecules-cells-candidate-013,COVERED,原核细胞和真核细胞,原核细胞与真核细胞的最大区别是原核细胞没有由核膜包被的细胞核,
BIOLOGY,required-molecules-cells-candidate-014,COVERED,细胞膜的结构和功能,质膜具有选择透过性,
BIOLOGY,required-molecules-cells-candidate-015,COVERED,物质出入细胞的方式,"有些物质顺浓度梯度进出细胞,有些物质逆浓度梯度进出细胞,需要能量和载体蛋白",
BIOLOGY,required-molecules-cells-candidate-016,COVERED,胞吞,大分子物质可以通过胞吞、胞吐进出细胞,胞吐另见 胞吐
BIOLOGY,required-molecules-cells-candidate-017,COVERED,酶的本质,"绝大多数酶是一类能催化生化反应的蛋白质,酶活性受到环境因素(如pH和温度等)的影响",
BIOLOGY,required-molecules-cells-candidate-018,COVERED,atp的合成和利用,ATP是驱动细胞生命活动的直接能源物质,
BIOLOGY,required-molecules-cells-candidate-019,COVERED,光合作用,"植物细胞的叶绿体从太阳光中捕获能量,转换并储存为糖分子中的化学能",
BIOLOGY,required-molecules-cells-candidate-020,COVERED,细胞呼吸概念-实质和意义,生物通过细胞呼吸将储存在有机分子中的能量转化为生命活动可以利用的能量,
BIOLOGY,required-molecules-cells-candidate-021,COVERED,有丝分裂,有丝分裂保证了遗传信息在亲代和子代细胞中的一致性,
BIOLOGY,required-molecules-cells-candidate-022,COVERED,细胞分化,"细胞在形态、结构和功能方面发生特异性的分化,形成了复杂的多细胞生物体",
BIOLOGY,required-molecules-cells-candidate-023,COVERED,细胞衰老,"在正常情况下,细胞衰老和死亡是一种自然的生理过程",凋亡另见 细胞凋亡
BIOLOGY,required-genetics-evolution-candidate-001,COVERED,基因的本质,"多数生物的基因是DNA分子的功能片段,有些病毒的基因在RNA分子上",
BIOLOGY,required-genetics-evolution-candidate-002,COVERED,dna的双螺旋结构,"DNA分子由四种脱氧核苷酸构成,两条碱基互补配对的反向平行长链形成双螺旋结构",
BIOLOGY,required-genetics-evolution-candidate-003,COVERED,dna的复制,DNA分子通过半保留方式进行复制,
BIOLOGY,required-genetics-evolution-candidate-004,COVERED,基因的表达,"DNA分子上的遗传信息通过RNA指导蛋白质的合成,细胞分化的本质是基因选择性表达",基因表达与性状另见 基因表达与性状的关系
BIOLOGY,required-genetics-evolution-candidate-005,NOT_COVERED,,",表观遗传未设节点",
BIOLOGY,required-genetics-evolution-candidate-006,COVERED,减数分裂,减数分裂产生染色体数量减半的精细胞或卵细胞,
BIOLOGY,required-genetics-evolution-candidate-007,COVERED,受精作用,"进行有性生殖的生物体,其遗传信息通过配子传递给子代",
BIOLOGY,required-genetics-evolution-candidate-008,COVERED,分离定律,有性生殖中基因的分离和自由组合使得子代的基因型和表型具有多样性,自由组合另见 自由组合定律
BIOLOGY,required-genetics-evolution-candidate-009,COVERED,伴性遗传,性染色体上的基因传递和性别相关联,
BIOLOGY,required-genetics-evolution-candidate-010,COVERED,基因突变,碱基的替换、插入或缺失会引发基因中碱基序列的改变,
BIOLOGY,required-genetics-evolution-candidate-011,COVERED,基因突变,基因中碱基序列的改变有可能导致它所编码的蛋白质及相应的细胞功能发生变化,
BIOLOGY,required-genetics-evolution-candidate-012,COVERED,基因突变与细胞癌变,"细胞在某些化学物质、射线,以及病毒的作用下,基因突变概率可能提高,甚至发生癌变",
BIOLOGY,required-genetics-evolution-candidate-013,COVERED,基因重组,"减数分裂过程中,染色体所发生的自由组合和交叉互换,会导致控制不同性状的基因重组",
BIOLOGY,required-genetics-evolution-candidate-014,COVERED,染色体变异-x1,染色体结构和数量的变异都可能导致生物性状的改变甚至死亡,
BIOLOGY,required-genetics-evolution-candidate-015,COVERED,人类遗传病,人类遗传病是可以检测和预防的,
BIOLOGY,required-genetics-evolution-candidate-016,COVERED,生物有共同祖先的证据,"通过化石记录、比较解剖学和胚胎学等事实,说明当今生物具有共同的祖先",
BIOLOGY,required-genetics-evolution-candidate-017,PARTIAL,生物有共同祖先的证据,"通过细胞生物学和分子生物学等知识,说明当今生物具有许多共同特征",分子水平共性面未单设
BIOLOGY,required-genetics-evolution-candidate-018,COVERED,自然选择,种群内的某些可遗传变异将赋予个体在特定环境中的生存和繁殖优势,
BIOLOGY,required-genetics-evolution-candidate-019,COVERED,基因频率,具有优势性状的个体在种群中所占比例将会增加,
BIOLOGY,required-genetics-evolution-candidate-020,COVERED,自然选择,自然选择促进生物更好地适应特定的生存环境,
BIOLOGY,required-genetics-evolution-candidate-021,PARTIAL,自然选择,"现代生物进化理论以自然选择学说为核心,为地球上的生命进化史提供了科学的解释",理论体系节点未单设
BIOLOGY,required-genetics-evolution-candidate-022,COVERED,物种的形成,变异、选择和隔离可导致新物种形成,隔离作用另见 隔离在物种形成中的作用
BIOLOGY,selective-homeostasis-regulation-candidate-001,COVERED,内环境,血浆、组织液和淋巴等细胞外液共同构成高等动物细胞赖以生存的内环境,
BIOLOGY,selective-homeostasis-regulation-candidate-002,COVERED,细胞生活的环境,"机体细胞生活在内环境中,通过内环境与外界环境进行物质交换",
BIOLOGY,selective-homeostasis-regulation-candidate-003,PARTIAL,内环境,机体通过呼吸、消化、循环和泌尿等系统参与内、外环境间的物质交换,系统参与面未单设
BIOLOGY,selective-homeostasis-regulation-candidate-004,COVERED,内环境的稳态,"以血糖、体温、pH和渗透压等为例,阐明机体通过调节作用保持内环境的相对稳定",体温/酸碱/渗透压另见 体温调节/酸碱平衡/渗透压
BIOLOGY,selective-homeostasis-regulation-candidate-005,COVERED,稳态,"机体不同器官、系统协调统一地共同完成各项生命活动,是维持内环境稳态的基础",
BIOLOGY,selective-homeostasis-regulation-candidate-006,COVERED,反射弧,"神经调节的基本方式是反射,其结构基础是反射弧",反射另见 反射
BIOLOGY,selective-homeostasis-regulation-candidate-007,COVERED,兴奋的产生和传导,"神经细胞膜内外在静息状态具有电位差,受到外界刺激后形成动作电位,并沿神经纤维传导",
BIOLOGY,selective-homeostasis-regulation-candidate-008,COVERED,突触,神经冲动在突触处的传递通常通过化学传递方式完成,神经递质另见 神经递质
BIOLOGY,selective-homeostasis-regulation-candidate-009,COVERED,神经系统的分级调节,位于脊髓的低级神经中枢和脑中相应的高级神经中枢相互联系、相互协调,
BIOLOGY,selective-homeostasis-regulation-candidate-010,PARTIAL,神经系统的结构,中枢神经系统通过自主神经来调节内脏的活动,自主神经未单设
BIOLOGY,selective-homeostasis-regulation-candidate-011,COVERED,人脑的高级功能,语言活动和条件反射是由大脑皮层控制的高级神经活动,
BIOLOGY,selective-homeostasis-regulation-candidate-012,COVERED,激素,"人体内分泌系统主要由内分泌腺组成,它们分泌的各类激素参与生命活动的调节",内分泌系统另见 内分泌系统
BIOLOGY,selective-homeostasis-regulation-candidate-013,COVERED,甲状腺激素,"激素通过分级调节、反馈调节等机制维持机体的稳态,如甲状腺激素分泌的调节和血糖平衡的调节",反馈/血糖另见 反馈调节/胰岛素
BIOLOGY,selective-homeostasis-regulation-candidate-014,COVERED,体液调节和神经调节的区别与联系,"神经调节与体液调节相互协调共同维持机体的稳态,如体温调节和水盐平衡的调节",
BIOLOGY,selective-homeostasis-regulation-candidate-015,NOT_COVERED,,",CO2对呼吸的体液调节未设节点",
BIOLOGY,selective-homeostasis-regulation-candidate-016,COVERED,免疫系统的组成和功能,免疫细胞、免疫器官和免疫活性物质等是免疫调节的结构与物质基础,
BIOLOGY,selective-homeostasis-regulation-candidate-017,COVERED,非特异性免疫,人体的免疫包括与生俱来的非特异性免疫和后天获得的特异性免疫,
BIOLOGY,selective-homeostasis-regulation-candidate-018,COVERED,体液免疫,"特异性免疫是通过体液免疫和细胞免疫两种方式,针对特定病原体发生的免疫应答",细胞免疫另见 细胞免疫
BIOLOGY,selective-homeostasis-regulation-candidate-019,COVERED,免疫失调,"免疫功能异常可能引发疾病,如过敏、自身免疫病、艾滋病和先天性免疫缺陷病等",
BIOLOGY,selective-homeostasis-regulation-candidate-020,COVERED,生长素,"科学家经过不断的探索,发现了植物生长素,并揭示了它在调节植物生长时表现出两重性",两重性另见 生长素的两重性
BIOLOGY,selective-homeostasis-regulation-candidate-021,COVERED,其他植物激素,"几种主要植物激素的作用,这些激素可通过协同、拮抗等方式共同实现对植物生命活动的调节",
BIOLOGY,selective-homeostasis-regulation-candidate-022,COVERED,植物生长调节剂,生长素、细胞分裂素、赤霉素、脱落酸和乙烯等植物激素及其类似物在生产上得到了广泛应用,
BIOLOGY,selective-homeostasis-regulation-candidate-023,COVERED,环境因素参与调节植物的生命活动,"其他因素参与植物生命活动的调节,如光、重力和温度等",
BIOLOGY,selective-biology-environment-candidate-001,COVERED,种群的数量特征,种群具有种群密度、出生率和死亡率、迁入率和迁出率、年龄结构、性别比例等特征,
BIOLOGY,selective-biology-environment-candidate-002,COVERED,种群的数量变化,尝试建立数学模型解释种群的数量变动,K值另见 K值
BIOLOGY,selective-biology-environment-candidate-003,PARTIAL,种群的数量变化,阳光、温度和水等非生物因素以及不同物种之间的相互作用都会影响生物的种群特征,影响因素面未单设
BIOLOGY,selective-biology-environment-candidate-004,COVERED,群落的结构,"群落具有垂直结构和水平结构等特征,并可随时间而改变",
BIOLOGY,selective-biology-environment-candidate-005,COVERED,群落的演替,"一个群落替代另一个群落的演替过程,包括初生演替和次生演替两种类型",
BIOLOGY,selective-biology-environment-candidate-006,COVERED,群落的结构,不同群落中的生物具有与该群落环境相适应的形态结构、生理特征和分布特点,
BIOLOGY,selective-biology-environment-candidate-007,COVERED,生态系统的结构,生态系统由生产者、消费者和分解者等生物因素以及阳光、空气、水等非生物因素组成,
BIOLOGY,selective-biology-environment-candidate-008,COVERED,食物链,生产者和消费者通过食物链和食物网联系在一起形成复杂的营养结构,食物网另见 食物网
BIOLOGY,selective-biology-environment-candidate-009,COVERED,能量流动,"物质在生物群落与无机环境之间不断循环,能量在生物群落中单向流动并逐级递减",物质循环另见 物质循环
BIOLOGY,selective-biology-environment-candidate-010,PARTIAL,物质循环,"利用物质循环和能量流动规律,人们能够更加科学、有效地利用生态系统中的资源",利用面未单设
BIOLOGY,selective-biology-environment-candidate-011,NOT_COVERED,,",生态金字塔未设节点",
BIOLOGY,selective-biology-environment-candidate-012,NOT_COVERED,,",生物富集未设节点",
BIOLOGY,selective-biology-environment-candidate-013,COVERED,信息传递,生态系统中物理、化学和行为信息的传递对生命活动的正常进行、生物种群的繁衍和种间关系的调节起着重要作用,
BIOLOGY,selective-biology-environment-candidate-014,COVERED,生态系统的结构,特定生态系统的生物与非生物因素决定其营养结构,
BIOLOGY,selective-biology-environment-candidate-015,COVERED,生态系统的稳定性,"生态系统具有保持或恢复自身结构和功能相对稳定,并维持动态平衡的能力",
BIOLOGY,selective-biology-environment-candidate-016,COVERED,生态系统的稳定性,"生态系统的稳定性会受到自然或人为因素的影响,如气候变化、自然事件、人类活动或外来物种入侵等",
BIOLOGY,selective-biology-environment-candidate-017,COVERED,生态系统的稳定性,"生态系统在受到一定限度的外来干扰时,能够通过自我调节维持稳定",
BIOLOGY,selective-biology-environment-candidate-018,NOT_COVERED,,",人口增长与环境未设节点",
BIOLOGY,selective-biology-environment-candidate-019,NOT_COVERED,,",全球性环境问题未设节点",
BIOLOGY,selective-biology-environment-candidate-020,COVERED,生物多样性,生物多样性对维持生态系统的稳定性以及人类生存和发展的重要意义,
BIOLOGY,selective-biology-environment-candidate-021,COVERED,生态工程,"根据生态学原理、采用系统工程的方法和技术,达到资源多层次和循环利用的目的",
BIOLOGY,selective-biology-environment-candidate-022,NOT_COVERED,,",环保意识类要求,非知识点对象",
BIOLOGY,selective-biotech-engineering-candidate-001,COVERED,无菌技术,在发酵工程中灭菌是获得纯净的微生物培养物的前提,
BIOLOGY,selective-biotech-engineering-candidate-002,COVERED,无菌技术,"无菌技术是在操作过程中,保持无菌物品与无菌区域不被微生物污染的技术",
BIOLOGY,selective-biotech-engineering-candidate-003,COVERED,微生物的培养,通过调整培养基的配方可有目的地培养某种微生物,
BIOLOGY,selective-biotech-engineering-candidate-004,COVERED,微生物的培养,平板划线法和稀释涂布平板法是实验室中进行微生物分离和纯化的常用方法,
BIOLOGY,selective-biotech-engineering-candidate-005,COVERED,微生物的培养,稀释涂布平板法和显微镜计数法是测定微生物数量的常用方法,
BIOLOGY,selective-biotech-engineering-candidate-006,COVERED,传统发酵技术,日常生活中的某些食品是运用传统发酵技术生产的,
BIOLOGY,selective-biotech-engineering-candidate-007,COVERED,发酵工程,"发酵工程利用现代工程技术及微生物的特定功能,工业化生产人类所需产品",
BIOLOGY,selective-biotech-engineering-candidate-008,COVERED,发酵工程,发酵工程在医药、食品及其他工农业生产上有重要的应用价值,
BIOLOGY,selective-biotech-engineering-candidate-009,COVERED,植物组织培养,"植物组织培养是将离体植物器官、组织和细胞在适宜的培养条件下诱导形成愈伤组织,并重新分化,最终形成完整植株的过程",
BIOLOGY,selective-biotech-engineering-candidate-010,COVERED,细胞融合,"植物体细胞杂交是将不同植物体细胞在一定条件下融合成杂合细胞,继而培育成新植物体的技术",
BIOLOGY,selective-biotech-engineering-candidate-011,PARTIAL,植物组织培养,植物细胞工程利用快速繁殖、脱毒、次生代谢产物生产、育种等方式有效提高了生产效率,快速繁殖/脱毒面未单设
BIOLOGY,selective-biotech-engineering-candidate-012,COVERED,动物细胞培养,"动物细胞培养是从动物体获得相关组织,分散成单个细胞后,在适宜的培养条件下让细胞生长和增殖的过程",
BIOLOGY,selective-biotech-engineering-candidate-013,NOT_COVERED,,",动物细胞核移植未设节点",
BIOLOGY,selective-biotech-engineering-candidate-014,COVERED,细胞融合,"动物细胞融合是指通过物理、化学或生物学等手段,使两个或多个动物细胞结合形成一个细胞的过程",
BIOLOGY,selective-biotech-engineering-candidate-015,COVERED,单克隆抗体,细胞融合技术是单克隆抗体制备的重要技术,
BIOLOGY,selective-biotech-engineering-candidate-016,NOT_COVERED,,",干细胞未设节点",
BIOLOGY,selective-biotech-engineering-candidate-017,COVERED,胚胎工程,胚胎形成经过了受精及早期发育等过程,
BIOLOGY,selective-biotech-engineering-candidate-018,COVERED,胚胎工程,胚胎工程包括体外受精、胚胎移植和胚胎分割等技术,
BIOLOGY,selective-biotech-engineering-candidate-019,COVERED,基因工程,基因工程是在遗传学、微生物学、生物化学和分子生物学等学科基础上发展而来的,
BIOLOGY,selective-biotech-engineering-candidate-020,COVERED,限制酶,DNA重组技术的实现需要利用限制性内切核酸酶、DNA连接酶和载体三种基本工具,DNA连接酶/载体另见 dna连接酶/载体
BIOLOGY,selective-biotech-engineering-candidate-021,COVERED,基因工程,基因工程的基本操作程序主要包括目的基因的获取、基因表达载体的构建、目的基因导入受体细胞和目的基因及其表达产物的检测,
BIOLOGY,selective-biotech-engineering-candidate-022,PARTIAL,基因工程,基因工程在农牧、食品及医药等行业的广泛应用改善了人类的生活品质,应用面未单设
BIOLOGY,selective-biotech-engineering-candidate-023,COVERED,蛋白质工程,"人们根据基因工程原理,进行蛋白质设计和改造,可以获得性状和功能更符合人类需求的蛋白质",
BIOLOGY,selective-biotech-engineering-candidate-024,COVERED,蛋白质工程,依据人类需要对原有蛋白质结构进行基因改造、生产目标蛋白的过程,
BIOLOGY,selective-biotech-engineering-candidate-025,COVERED,转基因生物的安全性,日常生活中的转基因产品,
BIOLOGY,selective-biotech-engineering-candidate-026,COVERED,转基因生物的安全性,转基因技术在应用过程中带来的影响,
BIOLOGY,selective-biotech-engineering-candidate-027,NOT_COVERED,,",生殖性克隆伦理未设节点",
BIOLOGY,selective-biotech-engineering-candidate-028,NOT_COVERED,,",我国克隆人立场未设节点",
BIOLOGY,selective-biotech-engineering-candidate-029,NOT_COVERED,,",生物武器未设节点",
BIOLOGY,selective-biotech-engineering-candidate-030,NOT_COVERED,,",反对生物武器扩散未设节点",
BIOLOGY,elective-life-healthy-living-candidate-001,NOT_COVERED,,",健康生活模块,非知识点对象",
BIOLOGY,elective-life-first-aid-candidate-001,NOT_COVERED,,",急救措施模块,非知识点对象",
BIOLOGY,elective-life-infectious-disease-candidate-001,PARTIAL,疫苗,"传染病是指由各种病原体引起的,能在人与人、动物与动物或人与动物之间相互传播的疾病",传染病防控体系未单设（疫苗为其手段之一）
BIOLOGY,elective-life-social-issues-candidate-001,NOT_COVERED,,",社会热点模块,非知识点对象",
BIOLOGY,elective-life-animal-welfare-candidate-001,NOT_COVERED,,",动物福利模块,非知识点对象",
BIOLOGY,elective-life-invasive-species-candidate-001,PARTIAL,生态系统的稳定性,"一种生物如果由于人为或自然的原因由其原产地迁移到异地,打破当地的生态平衡",入侵防控面未单设
BIOLOGY,elective-life-local-species-candidate-001,NOT_COVERED,,",地方特色动植物模块,非知识点对象",
BIOLOGY,elective-career-biopharma-candidate-001,NOT_COVERED,,",职业规划前瞻模块,非知识点对象",
BIOLOGY,elective-career-marine-biology-candidate-001,NOT_COVERED,,",职业规划前瞻模块,非知识点对象",
BIOLOGY,elective-career-food-safety-candidate-001,NOT_COVERED,,",职业规划前瞻模块,非知识点对象",
BIOLOGY,elective-career-occupational-health-candidate-001,NOT_COVERED,,",职业规划前瞻模块,非知识点对象",
BIOLOGY,elective-career-horticulture-candidate-001,NOT_COVERED,,",职业规划前瞻模块,非知识点对象",
BIOLOGY,elective-career-environmental-crops-candidate-001,NOT_COVERED,,",职业规划前瞻模块,非知识点对象",
BIOLOGY,elective-career-bioresources-candidate-001,NOT_COVERED,,",职业规划前瞻模块,非知识点对象",
BIOLOGY,elective-career-threatened-species-candidate-001,PARTIAL,生物多样性,"受胁物种是指受到人类活动或自然剧变的影响,其野生种群在不久的将来灭绝概率很高的物种",受胁物种保护面未单设
BIOLOGY,elective-academic-cell-molecular-candidate-001,PARTIAL,dna的双螺旋结构,"自1953年沃森和克里克发现了DNA双螺旋结构以后,生命科学才真正进入了分子生物学阶段",学科导论面
BIOLOGY,elective-academic-bioinformatics-candidate-001,NOT_COVERED,,",生物信息学未设节点",
BIOLOGY,elective-academic-neuroscience-candidate-001,PARTIAL,神经系统的结构,神经系统协调人体内部各器官的功能,神经系统疾病面未单设
BIOLOGY,elective-academic-stem-cells-candidate-001,NOT_COVERED,,",干细胞未设节点",
BIOLOGY,elective-academic-tissue-culture-candidate-001,COVERED,植物组织培养,"植物组织培养由于不需要昂贵的仪器设备和药品,可以在短时期内不受自然条件限制培育出大量具有优良性状的幼苗",
BIOLOGY,elective-academic-ecological-security-candidate-001,PARTIAL,生态系统的稳定性,生态安全是人类在生产、生活和健康等方面不受生态破坏与环境污染等影响的保障程度,生态安全概念未单设
BIOLOGY,elective-academic-campus-taxonomy-candidate-001,NOT_COVERED,,",校园动植物分类模块,非知识点对象",
