subject,pdf_rel,pages,reason
CHEMISTRY,2027版高中《53知识清单》彩色版（化学）/2027高中知识清单化学.pdf,217,机械门判坏：control_char_damage
CHEMISTRY,2027版高中《53知识清单》彩色版（化学）/2027高中知识清单化学.pdf,51,机械门判坏：清点数远超写出量（疑似整块漏）
MATH,2027版高中《53知识清单》彩色版（数学）/【2027】53高中知识清单高中数学必修+选择性必修.pdf,22,p22（索引，书页第3页）：143条条目（解题方法续24+知识应用91+二级结论28）稿中全部在场且标题、页码均对，但67条被误归到'【解题方法（续）】'标题下——中栏44条（自'利用诱导公式解决与三角形有关的问题/126'至'等差数列前n
MATH,2027版高中《53知识清单》彩色版（数学）/【2027】53高中知识清单高中数学必修+选择性必修.pdf,378,机械门判坏：control_char_damage
MATH,2027版高中《53知识清单》彩色版（数学）/【2027】53高中知识清单高中数学必修+选择性必修.pdf,391,机械门判坏：invalid_escape
MATH,2027版高中《53知识清单》彩色版（数学）/【2027】53高中知识清单高中数学必修+选择性必修.pdf,460,机械门判坏：dollar_unbalanced
MATH,2027版高中《53知识清单》彩色版（数学）/【2027】53高中知识清单高中数学必修+选择性必修.pdf,522,机械门判坏：control_char_damage
MATH,2027版高中《53知识清单》彩色版（数学）/【2027】53高中知识清单高中数学必修+选择性必修.pdf,527,机械门判坏：control_char_damage
MATH,2027版高中《53知识清单》彩色版（数学）/【2027】53高中知识清单高中数学必修+选择性必修.pdf,528,机械门判坏：control_char_damage
MATH,2027版高中《53知识清单》彩色版（数学）/【2027】53高中知识清单高中数学必修+选择性必修.pdf,544,机械门判坏：dollar_unbalanced
PHYSICS,2027版高中《53知识清单》彩色版（物理）/2027高中知识清单物理.pdf,10,机械门判坏：control_char_damage
PHYSICS,2027版高中《53知识清单》彩色版（物理）/2027高中知识清单物理.pdf,101,机械门判坏：control_char_damage
PHYSICS,2027版高中《53知识清单》彩色版（物理）/2027高中知识清单物理.pdf,105,机械门判坏：control_char_damage
PHYSICS,2027版高中《53知识清单》彩色版（物理）/2027高中知识清单物理.pdf,106,机械门判坏：control_char_damage
PHYSICS,2027版高中《53知识清单》彩色版（物理）/2027高中知识清单物理.pdf,107,机械门判坏：control_char_damage
PHYSICS,2027版高中《53知识清单》彩色版（物理）/2027高中知识清单物理.pdf,108,机械门判坏：control_char_damage
PHYSICS,2027版高中《53知识清单》彩色版（物理）/2027高中知识清单物理.pdf,110,机械门判坏：control_char_damage
PHYSICS,2027版高中《53知识清单》彩色版（物理）/2027高中知识清单物理.pdf,111,机械门判坏：control_char_damage
PHYSICS,2027版高中《53知识清单》彩色版（物理）/2027高中知识清单物理.pdf,12,机械门判坏：control_char_damage
PHYSICS,2027版高中《53知识清单》彩色版（物理）/2027高中知识清单物理.pdf,120,机械门判坏：control_char_damage
PHYSICS,2027版高中《53知识清单》彩色版（物理）/2027高中知识清单物理.pdf,13,机械门判坏：control_char_damage
PHYSICS,2027版高中《53知识清单》彩色版（物理）/2027高中知识清单物理.pdf,157,机械门判坏：dollar_unbalanced
PHYSICS,2027版高中《53知识清单》彩色版（物理）/2027高中知识清单物理.pdf,195,机械门判坏：control_char_damage
PHYSICS,2027版高中《53知识清单》彩色版（物理）/2027高中知识清单物理.pdf,196,机械门判坏：control_char_damage
PHYSICS,2027版高中《53知识清单》彩色版（物理）/2027高中知识清单物理.pdf,5,机械门判坏：control_char_damage
PHYSICS,2027版高中《53知识清单》彩色版（物理）/2027高中知识清单物理.pdf,77,机械门判坏：control_char_damage
PHYSICS,2027版高中《53知识清单》彩色版（物理）/2027高中知识清单物理.pdf,80,机械门判坏：control_char_damage
PHYSICS,2027版高中《53知识清单》彩色版（物理）/2027高中知识清单物理.pdf,82,机械门判坏：invalid_escape
PHYSICS,2027版高中《53知识清单》彩色版（物理）/2027高中知识清单物理.pdf,83,机械门判坏：invalid_escape
PHYSICS,2027版高中《53知识清单》彩色版（物理）/2027高中知识清单物理.pdf,84,机械门判坏：invalid_escape
PHYSICS,2027版高中《53知识清单》彩色版（物理）/2027高中知识清单物理.pdf,87,机械门判坏：control_char_damage
PHYSICS,2027版高中《53知识清单》彩色版（物理）/2027高中知识清单物理.pdf,88,机械门判坏：control_char_damage
PHYSICS,2027版高中《53知识清单》彩色版（物理）/2027高中知识清单物理.pdf,90,机械门判坏：control_char_damage
PHYSICS,2027版高中《53知识清单》彩色版（物理）/2027高中知识清单物理.pdf,96,机械门判坏：control_char_damage
PHYSICS,2027版高中《53知识清单》彩色版（物理）/2027高中知识清单物理.pdf,97,机械门判坏：control_char_damage
