subject,slug,boundary
CHEMISTRY,热重法测定物质组成,定位：CHEMISTRY 综合。必须先把固体残留率换算成绝对质量（$失=m_起始\times$ 残留率），只拿比值算容易算错；判断“失去的是水还是 $\mathrm{CO_2}$”时要同时核对碳元素是否还在固体中（如题中“已不含碳元素”是关键条件）。
MATH,三角函数放缩不等式,定位：数学必修第一册 第五章。三角放缩都有区间限制，$x<0$ 时 $\sin x$ 与 $x$ 的大小关系与 $x>0$ 时相反，用错方向会使结论反向；$\tan x$ 在 $x=\frac{\pi}{2}$ 处无定义，讨论区间必须在 $(0$，$\frac{\pi}{2})$ 内；等号成立的条件要一并写出；这类放缩只是一次近似，需要更紧的界时应改用更高阶展开（如 $\sin x\ge x-\frac{x^3}{6}$，$x\ge0$）。
MATH,函数图象的翻折变换,定位：数学必修第一册 第三章。两种翻折的对象不要记反：$|f(x)|$ 只改变原来在 $x$ 轴下方的部分（沿 $x$ 轴向上翻），$f(|x|)$ 只改变原来在 $y$ 轴左侧的部分（沿 $y$ 轴翻到右侧）；翻折后被替换的原图部分必须去掉，不能与新图叠加；$f(|x|)$ 一定得到偶函数图象，若原函数在 $x>0$ 上不单调，翻折后会出现新的极值点，单调性需重新分析；含参数时注意水平直线与翻折图象相切的位置。
MATH,函数图象的识别,定位：数学必修第一册 第三章。判断奇偶性前必须先看定义域是否关于原点对称；用特殊值排除时该点必须在定义域内且函数值符号能被唯一确定；注意 $\sin 3$、$\cos 3$ 等角的三角函数值符号（3 弧度在第二象限）；变化趋势要看 $x\to+\infty$ 与 $x\to-\infty$ 两个方向，不能只看一侧。
MATH,半角公式与万能公式,定位：数学必修第一册 第五章。半角公式开方前必须由 $\frac{\alpha}{2}$ 所在象限定符号，这是最常见的错点；$\tan\frac{\alpha}{2}=\frac{\sin\alpha}{1+\cos\alpha}$ 要求 $\cos\alpha\neq-1$，$\tan\frac{\alpha}{2}=\frac{1-\cos\alpha}{\sin\alpha}$ 要求 $\sin\alpha\neq0$，选用时要检验分母；万能公式要求 $\alpha\neq\pi+2k\pi$（此时 $\tan\frac{\alpha}{2}$ 无意义）且 $\tan\frac{\alpha}{2}\neq\pm1$；万能代换后要注意新元 $t$ 的取值范围。
MATH,双外心模型的证明,定位：数学必修第二册 第八章（空间向量见选择性必修第一册）。关键是说明 O、$O_1$、$O_2$、E 四点共圆且 OE 为直径，漏掉这一步则后续正弦定理无据；$OE^2$ 中出现 $\sin^2\angle O_1EO_2$ 作分母，故 $\angle O_1EO_2$ 不能为 0 或 $180^{\circ}$（即两个面不能共面）；最后一步要在 $\triangle BEO$ 中用勾股定理，注意 $BE=\frac{AB}{2}$。
MATH,双曲线焦点三角形,定位：数学选择性必修第一册 第二三章。双曲线用 $||PF_1|-|PF_2||=2a$ 整体替换，注意与椭圆的 $|PF_1|+|PF_2|=2a$ 区别，符号错则公式全错；面积公式是 $b^2\cot\frac{\theta}{2}$（椭圆是 $b^2\tan\frac{\theta}{2}$）；离心率公式的分母是两底角正弦之差（椭圆为和）；$\angle F_1PF_2=90^{\circ}$ 时 $S=b^2$ 对双曲线同样成立。
MATH,同构法,定位：数学选择性必修第二册 第五章。同构的前提是变形后两侧结构完全一致（含系数、次数），否则不能构造出同一个函数；地位同等同构要求 $x_1<x_2$ 等大小关系明确，移项时注意不等号方向的改变；指对跨阶同构中把 $a$ 写成 $e^{\ln a}$（或把 $b$ 写成 $\ln e^b$）时要保证 $a>0$、$b>0$；构造函数后要用其单调性，因此必须能判断该函数的单调性（如 $xe^x$ 在 $x>-1$ 上递增时要说明区间）。
MATH,奔驰定理,定位：数学必修第二册 第六章。定理中各向量必须共起点（都是以 $O$ 为起点指向三角形顶点的向量），且 $O$ 与三角形的位置关系要明确（$O$ 为内点时三个面积都取正值，为外点时按位置取负号）；面积的对应关系是“缺少哪个顶点的三角形面积对应哪个顶点的向量”（$S_{\triangle BOC}$ 配 $\overrightarrow{OA}$），不能张冠李戴；系数只是与面积的比例关系挂钩，并非对应系数相等；点 $O$ 在三角形边上时某个面积为 0，公式退化；四心问题中要先把离心条件化成向量式再套用。
MATH,抛物线焦点三角形,定位：数学选择性必修第一册 第二三章。焦半径公式中的 θ 是过焦点的弦相对于 x 轴（焦点所在轴）的倾斜角；长短与 $1\pm\cos\theta$ 的对应关系要由图形判断，不能死记；焦点在 y 轴上时公式中的 cos 要换成 sin；弦长公式 $\frac{2p}{\sin^2\theta}$ 只对过焦点的弦成立，一般弦要用弦长公式或韦达定理。
MATH,斜坐标系中的向量运算,定位：数学必修第二册 第六章。不能把斜坐标当直角坐标用：模与数量积公式中都含 $\cos\theta$ 项，漏掉交叉项是本类题最主要的错误；只有 $\theta=90^\circ$ 时公式才退化为直角坐标系的形式；判断结论真假时每一项都要回到基底计算，不能凭直觉；$x^2+y^2+2xy\cos\theta=r^2$ 中 $x$、$y$ 是斜坐标而不是到坐标轴的距离。
MATH,焦点弦定比分点问题,定位：数学选择性必修第一册 第二三章。结论对椭圆、双曲线、抛物线统一成立，但要求直线过焦点且与曲线交于两点；$\lambda>0$ 且 $\lambda\ne 1$（λ=1 时分点重合，不适用）；公式中的 k 是直线斜率，焦点在 y 轴上时改用 $\sqrt{1+\frac{1}{k^2}}$；推导中要加绝对值，因为倾斜角为钝角时 $|BE|$ 的方向相反。
MATH,等和线,定位：数学必修第二册 第六章。三点共线的充要条件是 $\lambda+\mu=1$，前提是 $O$、$A$、$B$ 三点不共线（否则 $\overrightarrow{OA}$ 与 $\overrightarrow{OB}$ 共线，表示不唯一）；系数和不为 1 时点 $C$ 不在直线 $AB$ 上，而在与 $AB$ 平行的直线上；用 $t$ 判断点的位置时区间端点的含义（$t=0$ 对应点 $B$、$t=1$ 对应点 $A$）要写清；由长度比写表达式时不要把 $t$ 与 $(1-t)$ 的对应边弄反；基底向量必须不共线。
MATH,裂项放缩,定位：数学选择性必修第二册 第四章。放缩方向必须与所求结论一致，且放缩后仍要能求和；$\frac{1}{n^2}<\frac{1}{n(n-1)}$ 一类式子在 $n=1$ 处无意义，需从 $n\ge 2$ 起用并把第一项单独保留；$q^n-m$ 型通项不能用等比放缩（$\frac{1}{q^n-m}>\frac{1}{q^n}$ 方向相反），必须改用分指结构裂项。
MATH,角平分线定理,定位：数学必修第一册 第五章。定理适用于内角平分线与对边的交点，外角平分线的情形公式形式不同（需另记或用向量处理）；比例式中线段的对应关系不能颠倒（左邻边比右邻边等于左段比右段）；求出比例后往往还需结合余弦定理或面积公式才能解出具体边长；三种证明都要用到 $\angle BAD=\angle CAD$ 这一前提，作图或书写时要先说明；定理不涉及角平分线的长度，求角平分线长需用张角定理或面积法等方法。
MATH,解三角形中的最值与范围问题,定位：数学必修第一册 第五章。三类方法的选用要由条件的形态决定：条件里只有“和与积”关系时用基本不等式（须验证取等条件可实现）；化为角的函数后若出现 $\sin\theta$ 与 $\frac{1}{\sin\theta}$ 同现，用对勾函数单调性；若化为 $A\sin(\omega\theta+\varphi)+B$，则用三角函数的值域。忽略角的隐含范围（尤其“锐角三角形”）会让范围两端出错。
MATH,隐函数的求导,定位：数学选择性必修第二册 第五章。解出的 $y'$ 中允许保留 $y$（因为 $y$ 解不出来），但最后要按题目要求换成 $x$ 或保留原式；对 $\ln y$、$\sqrt y$ 求导时要按复合函数求导（如 $(\ln y)'=\frac{y'}{y}$），不要漏乘 $y'$；含有 $y$ 的项求导后不要漏写 $y'$；使用两边取对数时必须保证真数为正、底数不为 1；隐函数求导不改变曲线本身，切线仍按 $k=y'$ 求。
MATH,马尔可夫链（概率递推）,定位：数学必修第二册 第九十章（条件概率与正态分布见选择性必修第三册）。必须先明确状态（如在上底面/在下底面）并写出两类状态间的转移概率，且两类概率之和为 1；递推式的首项要单独求出（$P_1$ 不能由递推式得到）；构造等比数列时 λ 的公式是 $\frac{q}{p-1}$，$(p-1)$ 出现在分母要求 $p\ne 1$（$p=1$ 时是等差数列，另行处理）；求出的通项要按题目所求的 n 代入。
MATH,齐次化,定位：数学选择性必修第一册 第二三章。齐次化要求各项次数相同，次数不同必须先通过变形（两边同乘、同除）凑成齐次，否则不能作比换元；换元后必须写出新元的取值范围（如 $\frac{x}{e^x}$ 的值域、$t=x_1-x_2$ 的范围），否则最值会取错；作差换元要保证等价（$x_1\ne x_2$ 时 $t\ne0$）；齐次化后若出现二次方程等，要注意新元的多值情形需要讨论；除以的式子恒不为零才能作为整体除。
PHYSICS,近代物理知识体系,定位：PHYSICS·综合·综合。该体系只给出主干 各规律的适用条件要逐条核对；光电效应中能否发生由频率决定 与光强无关；玻尔理论的跃迁公式中 $m>n$ 表示向低能级跃迁并放出光子；核反应方程必须同时满足质量数与电荷数守恒 但质量亏损使质量不守恒；核能计算要用 $\Delta E=\Delta mc^2$ 而不是动能公式。
