subject,slug,theme,to_topic_slug
CHEMISTRY,有机物的结构特点,有机物的结构与表示,
CHEMISTRY,烷烃的命名,烷烃的结构与性质,
CHEMISTRY,烷烃的化学性质,烷烃的结构与性质,
CHEMISTRY,脂肪烃的结构特点及通式,脂肪烃,
CHEMISTRY,脂肪烃的结构和性质,脂肪烃,
CHEMISTRY,脂肪烃的结构和性质易混易错点,脂肪烃,
CHEMISTRY,烃类的燃烧规律,脂肪烃,
CHEMISTRY,烯烃的顺反异构,烯烃 炔烃,
CHEMISTRY,烯烃的化学性质,烯烃 炔烃,
CHEMISTRY,炔烃的化学性质,烯烃 炔烃,
CHEMISTRY,乙炔的实验室制法,烯烃 炔烃,
CHEMISTRY,苯,芳香烃,
CHEMISTRY,苯的化学性质,芳香烃,
CHEMISTRY,苯的取代反应实验,芳香烃,
CHEMISTRY,苯的同系物的结构与性质,芳香烃,
CHEMISTRY,苯及其同系物的性质,芳香烃,
CHEMISTRY,溴苯和硝基苯的制取实验,芳香烃,
CHEMISTRY,醇,醇,
CHEMISTRY,醇的概念及分类,醇,
CHEMISTRY,醇的化学性质,醇,
CHEMISTRY,醇的结构和性质,醇,
CHEMISTRY,醚的结构与性质,醇,
CHEMISTRY,醇和酚的结构和性质易混易错点,醇,
CHEMISTRY,酚,酚,
CHEMISTRY,酚的概念和物理性质,酚,
CHEMISTRY,苯酚的化学性质,酚,
CHEMISTRY,酚的结构和性质,酚,
CHEMISTRY,醛,醛和酮,
CHEMISTRY,酮,醛和酮,
CHEMISTRY,醛-酮的概念,醛和酮,
CHEMISTRY,饱和一元醛-酮的通式,醛和酮,
CHEMISTRY,几种重要的醛-酮,醛和酮,
CHEMISTRY,醛-酮的化学性质,醛和酮,
CHEMISTRY,醛的应用和对环境-健康产生的影响,醛和酮,
CHEMISTRY,醛和酮的结构和性质易混易错点,醛和酮,
CHEMISTRY,有关醛的定量计算,醛和酮,
CHEMISTRY,酯,酯和油脂,
CHEMISTRY,酯和油脂的结构和性质,酯和油脂,
CHEMISTRY,实验探究乙酸乙酯的制备,酯和油脂,
CHEMISTRY,油脂,酯和油脂,
CHEMISTRY,酯化反应实验探究,酯和油脂,
CHEMISTRY,羧酸和酯的结构和性质易混易错点,酯和油脂,
CHEMISTRY,羧酸的组成和结构,羧酸 羧酸衍生物,
CHEMISTRY,羧酸的化学性质,羧酸 羧酸衍生物,
CHEMISTRY,羧酸的结构和性质,羧酸 羧酸衍生物,
CHEMISTRY,胺-酰胺的结构和性质,胺和酰胺,
CHEMISTRY,酰胺,胺和酰胺,
CHEMISTRY,胺-酰的结构和性质,胺和酰胺,
CHEMISTRY,胺和酰胺的结构和性质易混易错点,胺和酰胺,
CHEMISTRY,糖类的组成和分类,糖类,
CHEMISTRY,单糖,糖类,
CHEMISTRY,多糖-淀粉与纤维素,糖类,
CHEMISTRY,糖类的结构和性质,糖类,
CHEMISTRY,糖类的结构和性质易混易错点,糖类,
CHEMISTRY,氨基酸的结构与性质,氨基酸,
CHEMISTRY,核酸的结构与性质,核酸,
CHEMISTRY,有关蛋白质的易混易错点,蛋白质,
CHEMISTRY,聚合反应及聚合物单体的判断,合成高分子的基本方法,
CHEMISTRY,石油的综合利用,化石燃料的综合利用,
CHEMISTRY,煤的综合利用,化石燃料的综合利用,
CHEMISTRY,天然气的综合利用,化石燃料的综合利用,
CHEMISTRY,能层,原子结构与元素周期表,
CHEMISTRY,能级,原子结构与元素周期表,
CHEMISTRY,构造原理,原子结构与元素周期表,
CHEMISTRY,电子排布式,原子结构与元素周期表,
CHEMISTRY,电离能,原子结构与元素周期表,
CHEMISTRY,电负性,原子结构与元素周期表,
CHEMISTRY,元素-核素-同位素,原子结构与元素周期表,
CHEMISTRY,核外电子运动状态,原子结构与元素周期表,
CHEMISTRY,原子核外电子排布,原子结构与元素周期表,
CHEMISTRY,基态原子核外电子排布的表示方法,原子结构与元素周期表,
CHEMISTRY,核外电子运动状态的表示和判断,原子结构与元素周期表,
CHEMISTRY,核外电子运动状态和电子排布易错点,原子结构与元素周期表,
CHEMISTRY,电子数相等的粒子的判断与应用,原子结构与元素周期表,
CHEMISTRY,键参数,共价键,
CHEMISTRY,杂化轨道,分子的空间结构,
CHEMISTRY,vsepr模型,分子的空间结构,
CHEMISTRY,氢键,分子间作用力,
CHEMISTRY,范德华力,分子间作用力,
CHEMISTRY,晶胞,物质的聚集状态与晶体的常识,
CHEMISTRY,过渡晶体与混合型晶体,物质的聚集状态与晶体的常识,
CHEMISTRY,晶胞组成的计算-均摊法,晶胞与均摊法,
CHEMISTRY,晶体熔-沸点高低的比较方法,晶体的性质,
BIOLOGY,无菌技术,微生物的培养技术及应用,
BIOLOGY,细胞融合,动物细胞工程,
BIOLOGY,单克隆抗体,动物细胞工程,
BIOLOGY,限制酶,基因工程的基本操作程序,
BIOLOGY,载体,基因工程的基本操作程序,
BIOLOGY,pcr技术,基因工程的基本操作程序,
BIOLOGY,基因编辑,基因工程的基本操作程序,
CHEMISTRY,常见仪器,化学实验基础,
CHEMISTRY,药品取用,化学实验基础,
CHEMISTRY,气体制备,化学实验基础,
CHEMISTRY,物质检验,化学实验基础,
CHEMISTRY,实验方案设计,化学实验基础,
CHEMISTRY,中和滴定,化学实验基础,
CHEMISTRY,分离提纯,物质的分离与提纯,
CHEMISTRY,过滤,物质的分离与提纯,
CHEMISTRY,蒸发,物质的分离与提纯,
CHEMISTRY,蒸馏,物质的分离与提纯,
CHEMISTRY,萃取,物质的分离与提纯,
CHEMISTRY,重结晶,物质的分离与提纯,
CHEMISTRY,已知两个醛分子在naoh溶液作用下可以发生加成反应-生成一种羟基醛,醛和酮,
CHEMISTRY,基本概念,合成高分子的基本方法,
CHEMISTRY,铝元素的原子结构和存在,铝及其化合物,化学必修第一册·第三章
CHEMISTRY,铝的物理性质,铝及其化合物,化学必修第一册·第三章
CHEMISTRY,铝的化学性质,铝及其化合物,化学必修第一册·第三章
CHEMISTRY,铝的制备和用途,铝及其化合物,化学必修第一册·第三章
CHEMISTRY,氧化铝的性质与应用,铝及其化合物,化学必修第一册·第三章
CHEMISTRY,氢氧化铝的性质与制备,铝及其化合物,化学必修第一册·第三章
CHEMISTRY,从铝土矿提纯al2o3-碱溶法-的工艺流程,铝及其化合物,化学必修第一册·第三章
CHEMISTRY,一种重要的复盐-明矾,铝及其化合物,化学必修第一册·第三章
CHEMISTRY,工业上用某种氧化铝矿石-含fe2o3杂质-为原料冶炼铝的工艺流程如下,铝及其化合物,化学必修第一册·第三章
CHEMISTRY,中学化学中常见的既能与盐酸反应-又能与naoh溶液反应的物质,铝及其化合物,化学必修第一册·第三章
CHEMISTRY,氧化铝-氢氧化铝两性的重要应用,铝及其化合物,化学必修第一册·第三章
CHEMISTRY,基于-两性-类比推测be-zn及其化合物的性质,铝及其化合物,化学必修第一册·第三章
CHEMISTRY,既能跟稀盐酸反应-又能跟氢氧化钠溶液反应的化合物是,铝及其化合物,化学必修第一册·第三章
CHEMISTRY,铝及其化合物之间的性质与应用,铝及其化合物,化学必修第一册·第三章
CHEMISTRY,铝及其化合物的易错点,铝及其化合物,化学必修第一册·第三章
CHEMISTRY,铝与酸-碱反应生成h2的定量关系,铝及其化合物,化学必修第一册·第三章
CHEMISTRY,等质量的铝与足量的盐酸-氢氧化钠溶液分别反应,铝及其化合物,化学必修第一册·第三章
CHEMISTRY,一定量的铝分别与一定量的盐酸-氢氧化钠溶液反应,铝及其化合物,化学必修第一册·第三章
CHEMISTRY,足量的铝分别与等物质的量的hcl和naoh反应,铝及其化合物,化学必修第一册·第三章
BIOLOGY,实验-检测生物组织中的糖类-脂肪和蛋白质,细胞中的糖类和脂质,生物学必修1·第二章
BIOLOGY,用高倍显微镜观察叶绿体和细胞质的流动,细胞器之间的分工合作,生物学必修1·第三章
BIOLOGY,辨析真正光合速率-净光合速率和呼吸速率,光合作用,生物学必修1·第五章第四节
BIOLOGY,c4植物-cam植物等特殊代谢类型,光合作用,生物学必修1·第五章第四节
BIOLOGY,细胞周期,细胞的生命历程,生物学必修1·第六章
BIOLOGY,膜的流动镶嵌模型,细胞膜的结构和功能,生物学必修1·第三章
BIOLOGY,分泌蛋白的合成和运输,细胞器之间的分工合作,生物学必修1·第三章
BIOLOGY,有氧呼吸的过程分析,细胞呼吸,生物学必修1·第五章第三节
BIOLOGY,真核细胞,细胞的多样性和统一性,生物学必修1·第一章
BIOLOGY,细胞核的结构和功能,细胞核的结构和功能,生物学必修1·第三章
BIOLOGY,细胞的生物膜系统,细胞结构,生物学必修1·第三章
BIOLOGY,细胞的死亡,细胞的生命历程,生物学必修1·第六章
BIOLOGY,原核细胞和真核细胞,细胞的多样性和统一性,生物学必修1·第一章
BIOLOGY,细胞的分化与全能性,细胞的生命历程,生物学必修1·第六章
BIOLOGY,细胞中的水,细胞中的元素和化合物,生物学必修1·第二章
BIOLOGY,元素和化合物的相互推断-归纳总结,细胞中的元素和化合物,生物学必修1·第二章
BIOLOGY,细胞中的元素,细胞中的元素和化合物,生物学必修1·第二章
BIOLOGY,细胞中的化合物,细胞中的元素和化合物,生物学必修1·第二章
BIOLOGY,细胞中的无机盐,细胞中的元素和化合物,生物学必修1·第二章
BIOLOGY,细胞中的脂质,细胞中的元素和化合物,生物学必修1·第二章
BIOLOGY,细胞膜的结构和功能,细胞膜的结构和功能,生物学必修1·第三章
BIOLOGY,细胞膜-质膜-的功能,细胞膜的结构和功能,生物学必修1·第三章
BIOLOGY,细胞膜成分和结构的探究历程,细胞膜的结构和功能,生物学必修1·第三章
BIOLOGY,细胞器的结构和功能,细胞器之间的分工合作,生物学必修1·第三章
BIOLOGY,实验-探究酵母菌细胞呼吸的方式,细胞呼吸,生物学必修1·第五章第三节
BIOLOGY,细胞呼吸的影响因素及应用,细胞呼吸,生物学必修1·第五章第三节
BIOLOGY,种子萌发过程中细胞呼吸的变化分析,细胞呼吸,生物学必修1·第五章第三节
BIOLOGY,细胞呼吸概念-实质和意义,细胞呼吸,生物学必修1·第五章第三节
BIOLOGY,细胞呼吸的类型判断-规律方法,细胞呼吸,生物学必修1·第五章第三节
BIOLOGY,光合作用与细胞呼吸过程-物质和能量的关系,光合作用与能量转化,生物学必修1·第五章第四节
BIOLOGY,实验-观察根尖分生区组织细胞的有丝分裂,细胞的生命历程,生物学必修1·第六章
BIOLOGY,糖类和脂质的相互转化,细胞中的糖类和脂质,生物学必修1·第二章
BIOLOGY,糖类和脂肪的转化,细胞中的糖类和脂质,生物学必修1·第二章
BIOLOGY,光学显微镜和电子显微镜,用高倍显微镜观察细胞,生物学必修1·第一章
BIOLOGY,反馈调节,神经调节,生物学选择性必修1·第二章
BIOLOGY,dna连接酶,基因工程的基本操作程序,生物学选择性必修3·生物技术与工程
BIOLOGY,生物有共同祖先的证据,变异与进化,生物学必修2·第五六章
BIOLOGY,协同进化与生物多样性的形成,种群基因组成的变化与物种的形成,生物学必修2·第五六章
CHEMISTRY,有机物的结构可用键线式表示-如,有机物的结构与表示,
CHEMISTRY,为了检验淀粉水解产物-某学生设计了如下实验方案,糖类,
CHEMISTRY,石油裂解是一个复杂的过程-其产物为混合物-例如,化石燃料的综合利用,
CHEMISTRY,下列各图为几种晶体或晶胞的构型示意图,晶胞与均摊法,
CHEMISTRY,为了测定某卤代烃分子中所含有的卤素原子种类-可按下列步骤进行实验,卤代烃,
CHEMISTRY,1-写出以乙醇为原料制备的化学方程式-无机试剂任选-并注明反应类型,醇,
CHEMISTRY,碳元素的单质有多种形式-下图依次是c60-石墨和金刚石的结构图,物质的聚集状态与晶体的常识,
CHEMISTRY,一种2-甲基色酮内酯-y-可通过下列反应合成,有机合成,
BIOLOGY,结束后-应将耐药菌-培养基-纸片等进行高温灭菌处理-防止对环境造成污染,微生物的培养技术及应用,
