subject,slug,material_slug,current_node_slug,suggested_node_slug,verdict,evidence,slice
BIOLOGY,免疫系统的组成和功能,bio-tumor-immunology-pd1,免疫系统的组成和功能,,KEEP,「PD-L1 与 PD-1 结合→给 T 细胞传递抑制信号→T 细胞不能分泌细胞因子、不杀癌细胞→免疫逃逸」——属免疫监视异常面；同节点已存《PD-1与肿瘤免疫逃逸》《免疫监视与免疫防御免疫自稳的区分》，保留。,slice-05
BIOLOGY,激素,bio-hypothalamus-glucose-center,激素,胰岛素,REBIND,「血糖调节中枢位于下丘脑：血糖变化→下丘脑通过神经（副交感/交感）作用于胰岛 B 细胞」——是血糖平衡的调节路径；节点『胰岛素』边界含影响胰岛素分泌的信号分子与升降糖激素拮抗，且已存《血糖平衡的调节》。,slice-05
BIOLOGY,细胞中的脂质,bio-kb-fat-structure-and-functions,细胞中的脂质,,KEEP,「1. 组成：三分子脂肪酸＋一分子甘油；元素为C、H、O」——脂肪的组成与储能、保温功能属脂质的分类与功能面。,slice-05
BIOLOGY,细胞壁,bio-cell-wall-fully-transparent,细胞壁,,KEEP,「细胞壁是全透性的：水、溶质都可自由通过，不具选择透过性」——细胞壁的特性面，节点别名含『植物细胞的壁也并不是完全的全透性』。,slice-05
BIOLOGY,细胞核的结构和功能,bio-kb-chromatin-chromosome-same-substance,细胞核的结构和功能,,KEEP,「同一物质（DNA和蛋白质）在不同时期的两种状态：分裂间期呈染色质（细丝状），分裂期呈染色体」——染色质与染色体关系属细胞核结构面。,slice-05
BIOLOGY,翻译,bio-kb-trna-anticodon-structure-function,翻译,,KEEP,「另一端有3个相邻碱基（反密码子）与mRNA上密码子互补配对」——逐字对上节点边界『涉及tRNA的结构与反密码子』。,slice-05
CHEMISTRY,fe-oh-2的制备,ext-che-76d46e393c-038,fe-oh-2的制备,,KEEP,「FeSO4溶液必须是新制的，且配制FeSO4溶液所用的蒸馏水及NaOH溶液都要煮沸（除去溶解的O2）」「加入少量的煤油等…以隔绝空气」——三项操作正是现绑边界「成功关键：溶液中不含O2等氧化性物质」「密闭、隔绝空气」。,
CHEMISTRY,fe2-fe3-的检验方法,chem-fx-chi-xue-yan-f16x06,fe2-fe3-的检验方法,,KEEP,「常用于检验Fe2+，生成蓝色沉淀」——赤血盐正是现绑节点所讲的检验试剂与现象（同类材料族已有同名条目）；末句高铁酸钾作消毒剂只是同块余料，不改变主体。,
CHEMISTRY,fe2-fe3-的检验方法,ext-che-2c177d17ea-038b,常见阳离子的检验与推断依据,,KEEP,「Fe2+：加NaOH溶液，出现白色沉淀→灰绿色沉淀→红褐色沉淀；加K3[Fe(CN)6]生成蓝色沉淀」与「Al3+：逐滴加入NaOH溶液，先生成白色沉淀后溶解」——三阳离子按沉淀法并列，合现绑「生成沉淀」类；靶区只讲Fe2+/Fe3+，承接不了Al3+。,
CHEMISTRY,fe2-fe3-的检验方法,ext-che-2c177d17ea-040b,常见阳离子的检验与推断依据,,KEEP,「Fe2+：先滴加KSCN溶液无现象，再滴加氯水变红色」「Fe3+…滴加苯酚溶液显紫色」「Na+、K+…火焰呈黄色说明含Na+，呈紫色说明含K+」——四离子显色法并列，合现绑「显现特殊颜色」类；Na+/K+焰色在靶区之外。,
CHEMISTRY,fe2-与fe3-的相互转化,ext-che-5c62da9e03-2086,fe2-与fe3-的相互转化,,KEEP,「Fe 只具有还原性，可以被氧化剂氧化为 Fe2+、Fe3+：遇较弱氧化剂（如 I2、S、H+、Cu2+ 等）生成 Fe2+；遇较强氧化剂…生成 Fe3+」——即不同价态铁转化时氧化剂的选择，现绑族内已有「不同价态铁相互转化时氧化剂的选择规律」。,
CHEMISTRY,fe2-与fe3-的相互转化,ext-che-5c62da9e03-2087,fe2-与fe3-的相互转化,,KEEP,「Fe2+ 既具有氧化性又具有还原性：遇强氧化剂（如 O2、Cl2 等）生成 Fe3+；遇还原剂（如 C、CO、Zn 等）生成 Fe」——铁三角内价态互变的性质依据，现绑族内已有「探究 Fe3+ 的氧化性与 Fe2+ 的还原性」。,
CHEMISTRY,mol-l-1-na2so4溶液-酚酞溶液,chem-fx-entry-f08x27,mol-l-1-na2so4溶液-酚酞溶液,与量有关的离子方程式书写技巧,REBIND,「Ba2++2OH-+2H++SO=BaSO4↓+2H2O，此时溶液呈中性，若向该溶液中再加入Ba(OH)2溶液，反应为SO+Ba2+=BaSO4↓」——NaHSO4与Ba(OH)2的量比书写；现绑是实验步骤碎片（边界仅「【实验步骤】」），靶区族内已有「NaHSO4与Ba(OH)2反应的量比方程式模型」。,
CHEMISTRY,mol-l-1-na2so4溶液-酚酞溶液,chem-fx-nong-f10x18,mol-l-1-na2so4溶液-酚酞溶液,,NONE,整条只有题干「⑤X+Cu+H2SO4(浓)→Cu2++Y+SO则这五种含氮化合物中氮元素的化合价由高到低的顺序为」，无解析无结论，属题目片段，不含可归入知识点的教学内容，建议解绑。,
CHEMISTRY,mol-l-1-na2so4溶液-酚酞溶液,chem-hj-jiajian-shumu-changkao,mol-l-1-na2so4溶液-酚酞溶液,共价键,REBIND,「1 mol SiO2 含 4NA 个 Si—O 键；1 mol 金刚石含 2NA 个 C—C 键」「单键都是 σ 键；双键含 1 个 σ 键和 1 个 π 键；配位键属于 σ 键」——共价键成键数目与σ/π分类；靶区族内已有「常见原子成键数目与共价键分类」。,
CHEMISTRY,mol-l-1-na2so4溶液-酚酞溶液,chem-hj-no2-n2o4-pingheng,mol-l-1-na2so4溶液-酚酞溶液,氮的氧化物,REBIND,「平衡：2NO2⇌N2O4（红棕色⇌无色）。由于部分 NO2 二聚，实验测得 NO2 的平均相对分子质量总大于 46」——氮氧化物的二聚与平衡要点；靶区「氮的氧化物」族内已有「氮的氧化物与 NO₂—N₂O₄ 平衡」。,
CHEMISTRY,mol-l-1-na2so4溶液-酚酞溶液,chem-hj2-tanglei-tongshi-bufuhe-lizi,mol-l-1-na2so4溶液-酚酞溶液,糖类的组成和分类,REBIND,「糖类定义：多羟基醛、多羟基酮和它们的脱水缩合物…大多数符合通式Cm(H2O)n…不符合通式的糖：脱氧核糖C5H10O4」——通篇讲糖类组成与通式的例外；靶区「糖类的组成和分类」族内已有「糖类通式判断的两个误区」。,
CHEMISTRY,了解电镀原理,ext-che-ab1931978b-014,电镀与电解精炼,,KEEP,「电镀时阳极镀层金属失去电子的数目与阴极镀层金属离子得到电子的数目相等，电镀液的浓度保持不变」——正合现绑边界「电镀液中离子浓度基本不变」；与靶区「了解电镀原理」材料表重叠，属节点切分问题，保守维持。,
CHEMISTRY,亚铁盐,ext-che-500c33e244-009,亚铁盐,,KEEP,「Fe2+ 遇强氧化剂被氧化为 Fe3+…与锌反应：Fe2++Zn=Zn2++Fe…配制硫酸亚铁溶液时常加少量稀硫酸抑制 Fe2+ 水解，加少量铁屑防止 Fe2+ 被空气氧化」——还原性、弱氧化性与水解，正合现绑「亚铁盐」边界。,
CHEMISTRY,亚铁盐,ext-che-5c62da9e03-2084,亚铁盐,,KEEP,「补铁剂中铁元素的化合价是 +2 价，具有还原性；维生素 C 的还原性比 Fe2+ 强，因此补铁剂与维生素 C 一起服用，可以防止补铁剂中的 Fe2+ 被氧化」——补铁剂即亚铁盐的应用，现绑族内已有同名材料。,
CHEMISTRY,亚铁盐,ext-che-5c62da9e03-2085,亚铁盐,,KEEP,「补铁剂的有效成分是亚铁盐（如 FeSO4），Fe2+ 易被氧化为 Fe3+，因此需密封、隔绝 O2 存放」——讲亚铁盐的保存与使用注意，属现绑边界的性质与保存面。,
CHEMISTRY,亚铁盐,ext-che-78beaac7a8-011,亚铁盐,,KEEP,「含 Fe2+ 的溶液呈浅绿色…配制时需加少量稀硫酸抑制水解，同时加少量铁屑防止 Fe2+ 被空气中的氧气氧化」「亚铁盐溶液要现用现配」——价态、还原性与配制保存，正合现绑边界。,
CHEMISTRY,从化合价的角度判断铁的氧化物和氢氧化物的性质,chem-kb-iron-oxides-properties,从化合价的角度判断铁的氧化物和氢氧化物的性质,,KEEP,「FeO：黑色粉末，铁为＋2价；Fe3O4：黑色晶体…含＋2、＋3价」「均可被CO、Al等还原，如Fe2O3＋3CO=2Fe＋3CO2（高温）」——按价态定性与还原性判断，正合现绑边界「铁的氧化物都能被热还原剂（如CO、H2、Al等）还原」。,
CHEMISTRY,其他防护方法,ext-che-3fa53123a2-034,金属的防护,,KEEP,「电化学防护分牺牲阳极法与外加电流法：牺牲阳极法用原电池原理，负极是比被保护金属活泼的金属，正极是被保护的金属设备」——主体是电化学防护（现绑边界正题）；末句「其他方法：改变金属内部结构…或加防护层」仅一句，靶区承接不了前半，维持现绑。,
CHEMISTRY,其他防护方法,ext-che-ae82ac501b-016,金属的防护,,KEEP,「## 电化学防护 1. 牺牲阳极法（原电池原理）…2. 外加电流法（电解原理）」「## 其他防护方法」——电化学防护占主体且逐条对应现绑边界；靶区只承接后半一节，维持现绑。,
CHEMISTRY,分析电解过程的思维程序,ext-che-dc68f36a22-008b,分析电解过程的思维程序,串联类电化学装置的分析,REBIND,「①外接电源与电解池串联时全部为电解池」「⑤串联装置的计算依据是电子转移守恒：各电极转移的电子数相等，据此换算各电极产物的物质的量」——通篇是串联装置的判断与计算；靶区族内已有「串联类电化学装置的类型判断与解题策略」。,
CHEMISTRY,单质铜的化学性质,chem-hj-tong-xingzhi,从化合价的角度认识cl2的化学性质-歧化反应,单质铜的化学性质,REBIND,「与 S：2Cu+S=Cu2S」「与氧化性酸：Cu+2H2SO4(浓)=CuSO4+SO2↑+2H2O」「Cu+2Fe3+=2Fe2++Cu2+（蚀刻电路板）」——全篇是铜单质的反应，与现绑Cl2歧化无涉；靶区族内已有同题材料。,
CHEMISTRY,合金,chem-hj-xinxing-hejin,阿伏伽德罗常及其应用-七大误区,合金,REBIND,「储氢合金：能大量吸收 H2 并与 H2 结合成金属氢化物的材料，如 Ti-Fe 合金、La-Ni 合金」「钛合金、耐热合金、形状记忆合金等」——新型合金的种类与用途，与现绑阿伏伽德罗常数误区无涉；靶区已有同题材料。,
CHEMISTRY,合金,ext-che-11292e024d-012,常见金属材料,,KEEP,「金属材料分为金属与合金两大类；钢是用量最大、用途最广的合金…③新型合金包括储氢合金…④稀土元素指镧系元素…被称为冶金工业的维生素」——铁合金、铝铜合金、新型合金与稀土俱备，正合现绑「常见金属材料」；靶区只讲合金概念与性能。,
CHEMISTRY,合金,ext-che-2c70ef7f2a-036,常见金属材料,,KEEP,「铝合金：种类有硅铝合金、镁铝合金、硬铝等，性能为密度小、强度高、塑性好、易于成型」「用途：主要用于建筑业、容器和包装业、交通运输业」——与现绑边界(2)铝合金条目近乎逐字对应，非「合金」概念性能面。,
CHEMISTRY,合金,ext-che-2c70ef7f2a-037,常见金属材料,,KEEP,「青铜（主要含Cu、Sn、Pb）是我国使用最早的合金；③常见的铜合金还有黄铜（主要含Cu、Zn等）和白铜（主要含Cu、Ni、Zn等）」——与现绑边界(3)铜合金条目逐条对应，属「常见金属材料」。,
CHEMISTRY,合金,ext-che-2c70ef7f2a-038,常见金属材料,,KEEP,摘要「新型合金包括钛合金、储氢合金、形状记忆合金和耐热合金」；现绑节点人口已含同型材料「常见的金属材料与新型合金」「新型合金的种类与特点」，靶区「合金」亦有「新型合金及其应用」——两节点在此主题重叠，现绑不算明显错。,
CHEMISTRY,合金,ext-che-4d8fbdc64c-002,化学与材料的分类,,KEEP,正文「硅酸盐材料：玻璃以纯碱、石灰石和石英砂为原料」「合金：由金属与金属或金属与非金属熔合而成」属材料分类视角的常见材料综述，与同节点「化学与材料：金属材料与无机非金属材料」同一系列，改绑「合金」不成立。,
CHEMISTRY,合金,ext-che-5c62da9e03-080b,常见金属材料,,KEEP,正文「硬铝：成分元素为Al、Cu、Mg、Si、Mn，主要特性是密度小、强度高、有较高的抗腐蚀能力，用于制造飞机和宇宙飞船」逐项命中现绑边界「(2)铝合金：硅铝合金、镁铝合金、硬铝等；特性：密度小、强度高」。,
CHEMISTRY,合金,ext-che-5c62da9e03-081b,常见金属材料,,KEEP,正文「铝镁合金：具有高比强度…相对密度小的特点，如用作现代飞机蒙皮材料」即现绑边界「(2)铝合金：硅铝合金、镁铝合金、硬铝等；特性：密度小、强度高」；钛合金句为邻近延伸。,
CHEMISTRY,合金,ext-che-5c62da9e03-2100,常见金属材料,,KEEP,正文「生铁含碳量为 2%~4.3%…钢含碳量为 0.03%~2%，分为碳素钢…与合金钢」命中现绑边界「(1)铁合金…包括生铁（含碳量较高）和钢（如碳素钢、合金钢等）」；靶区「合金」讲概念与性能。,
CHEMISTRY,合金,ext-che-5c62da9e03-2103,常见金属材料,,KEEP,正文「锰钢（含锰）韧性好、硬度大…不锈钢（含铬、镍）抗腐蚀性好…钨钢（含钨）耐高温、硬度大」讲钢的合金元素与性能，落在现绑边界「钢（如碳素钢、合金钢等）」。,
CHEMISTRY,合金,ext-che-5c62da9e03-2104,常见金属材料,,KEEP,正文「铬（Cr）增强耐磨性和抗氧化性…镍（Ni）增强低温时的韧性」是钢中合金元素的主要作用，属现绑「铁合金·钢」家族（同节点有「钢的分类与碳素钢的性能」「常见合金钢的成分、特性与用途」）。,
CHEMISTRY,合金,ext-che-8200320f62-011b,金属材料和金属的冶炼易错点,,KEEP,正文兼讲冶炼易错「金属越不活泼…越容易被冶炼」与「把合金的物理性质改变误认为化学性质也改变」，正合现绑边界「梳理合金性质与冶炼方法的主要易错环节，并区分电解冶炼与其他冶炼方法」。,
CHEMISTRY,合金,ext-che-a73b5b4033-008,元素周期表的应用,,KEEP,正文「周期表中从ⅢB到ⅣB的过渡元素…具有耐高温、耐腐蚀的特点」「矿物的寻找：地球上化学元素的分布与它们在周期表中的位置有密切的联系」即现绑边界「预测元素性质与寻找相关材料」。,
CHEMISTRY,四羟基合铝酸盐的性质,ext-che-0488c28b9a-010,一种重要的复盐-明矾,,KEEP,正文「明矾［KAl(SO4)2·12H2O］…生成的 Al(OH)3 胶体具有很强的吸附能力…使水变得澄清透明」正是现绑边界「明矾…净水原理是铝离子水解生成氢氧化铝胶体」；后半 [Al(OH)4]- 段与靶区既有材料同题。,
CHEMISTRY,四羟基合铝酸盐的性质,ext-che-161dacb6f6-078,连续型离子方程式的书写-分类分析法,,KEEP,正文「NaOH不足时生成Al(OH)3沉淀，NaOH过量时继续发生Al(OH)3+OH-=[Al(OH)4]-」演示连续型分步书写，落现绑边界「当反应生成的离子又能与剩余反应物继续反应时…随用量而变」。,
CHEMISTRY,四羟基合铝酸盐的性质,ext-che-1ced0078c6-018b,四羟基合铝酸盐的性质,,KEEP,正文「与AlO2－不能大量共存的（阳）离子有H＋、Al3＋、NH4＋…」「逐滴加入NaOH溶液，反应顺序为…Ⅳ.Al(OH)3＋OH－===[Al(OH)4]－」讲的正是 [Al(OH)4]- 的生成、共存与溶解。,
CHEMISTRY,四羟基合铝酸盐的性质,ext-che-59d225cbf6-017,四羟基合铝酸盐的性质,,KEEP,正文「把 [Al(OH)4]- 简写为 AlO2- 后容易漏写 H2O 导致原子不守恒」「与过量 CO2、H2S 等弱酸反应只生成 Al(OH)3 沉淀…不会生成 Al3+」逐句命中现绑边界。,
CHEMISTRY,四羟基合铝酸盐的性质,ext-che-76c7f008f4-022,四羟基合铝酸盐的性质,,KEEP,正文「误将[Al(OH)4]−简写为AlO2−后配平错误…与过量CO2、H2S等弱酸反应只生成Al(OH)3沉淀…不会生成Al3+」「忽略[Al(OH)4]−的双水解」均在现绑节点的边界与人口内。,
CHEMISTRY,四羟基合铝酸盐的性质,ext-che-c11998d60a-040,四羟基合铝酸盐的性质,,KEEP,正文「②再使[Al(OH)4]－沉淀：[Al(OH)4]－＋H＋=Al(OH)3↓＋H2O…⑤最后Al(OH)3溶解」讲 [Al(OH)4]- 在混合液中的反应顺序，属现绑节点（人口含「向偏铝酸盐溶液中通CO2的图像与原理」）。,
CHEMISTRY,四羟基合铝酸盐的性质,ext-che-c9252b0263-020b,四羟基合铝酸盐的性质,,KEEP,正文「[Al(OH)4]⁻ 与足量盐酸：[Al(OH)4]⁻+4H⁺ 生成 Al³⁺+4H2O」「与足量 CO2…生成 Al(OH)3↓+HCO3⁻」命中现绑边界，同节点已有同型材料「四羟基合铝酸钠与盐酸、CO2、AlCl3的反应」。,
CHEMISTRY,在fecl3-cucl2混合溶液中-加入铁粉与铜粉的混合物,chem-fx-xian-you-he-de-hun-he-wu-f12x18,在fecl3-cucl2混合溶液中-加入铁粉与铜粉的混合物,,NONE,正文仅「11．现有Na2O和Na2O2的混合物14 g，加入适量水使其充分溶解得到溶液A和1.12 L气体B(标准状况下)」一句题干，无解析无结论，不含可归入任一知识点的教学内容，建议解绑。,
CHEMISTRY,在fecl3-cucl2混合溶液中-加入铁粉与铜粉的混合物,chem-hj-f144-no2-mifengping-hunhevu,在fecl3-cucl2混合溶液中-加入铁粉与铜粉的混合物,物质的分类,REBIND,正文「NO2 气体中存在平衡 2NO2⇌N2O4，故密封的 NO2 气体是 NO2 与 N2O4 组成的混合物」是纯净物与混合物的辨析（同「同种元素组成的物质不一定是纯净物」一类易混点）；现绑「溶液中溶质成分的判断」只讲反应后溶液溶质。,
CHEMISTRY,在fecl3-cucl2混合溶液中-加入铁粉与铜粉的混合物,ext-che-8cc878ccbe-013,在化学研究中-物质的量浓度是使用最广泛的一种表示溶液浓度的方法,物质的量浓度,REBIND,正文「判断溶液中溶质时要考虑物质溶于水后是否发生反应，应以实际存在的物质作为溶质进行计算」正落在「物质的量浓度」边界「涵盖溶质的特殊判断与溶液体积的确定」；同节点已有「溶质的几种特殊情况」。,
CHEMISTRY,在指定条件下-下列有关铁单质的转化不能实现的是,chem-hj-buneng-yibu-zhuanhua,在指定条件下-下列有关铁单质的转化不能实现的是,,KEEP,正文「不能一步生成的氧化物：S（或 H2S）不能一步到 SO3；N2（或 NH3）不能一步到 NO2；Fe（OH）2 不能一步到 Fe2O3」即现绑边界「辨析常见不能一步完成的转化及物质转化的误区」。,
CHEMISTRY,在指定条件下-下列有关铁单质的转化不能实现的是,chem-kb-impossible-direct-transforms,在指定条件下-下列有关铁单质的转化不能实现的是,,KEEP,正文「S燃烧只生成SO2，不直接生成SO3…NH3催化氧化只生成NO，不直接生成NO2」「Fe与非氧化性酸、Cu2＋、S、I2反应只生成Fe2＋」即现绑边界「物质转化的误区」。,
CHEMISTRY,在指定条件下-下列有关铁单质的转化不能实现的是,ext-che-3a2e107c8c-038,判断同分异构体数目的常用方法和思路,限定条件下同分异构体的书写步骤,REBIND,正文「碎片推测：依据分子式(不饱和度)、特殊结构信息、类别信息与化合物性质推知官能团…碎片组装…方法选择」即该节点边界「先…推测官能团碎片，再构建符合分子式的碳骨架，最后按有序思维组装碎片」；同节点已有「碎片拼装法的前两步」。,
CHEMISTRY,在指定条件下-下列有关铁单质的转化不能实现的是,ext-che-4dd2e79693-117b,限定条件下同分异构体的书写步骤,,KEEP,正文「第二步：由能发生银镜反应确定含 1 个 —CHO…第三步：分情况计数…共 5 种」正合现绑边界「由显色反应、银镜反应、水解性质等限定条件推测官能团碎片…并用核磁共振氢谱信息验证」；靶区「在指定条件下」只由字面命中。,
CHEMISTRY,在指定条件下-下列有关铁单质的转化不能实现的是,ext-che-4dd2e79693-128,限定条件下同分异构体的书写步骤,,KEEP,正文「根据核磁共振氢谱为 4 组峰且峰面积比为 3:2:2:1 知含有 1 个 —CH3」「用插入法确定 C=O 的位置…得 3+3=6 种」即现绑边界的氢谱定碎片与有序组装三步。,
CHEMISTRY,在指定条件下-下列有关铁单质的转化不能实现的是,ext-che-5c62da9e03-768,沉淀溶解平衡的应用,,KEEP,正文「溶解度较小的沉淀在一定条件下也可以转化成溶解度较大的沉淀。实例：在 BaSO4 的饱和溶液中加入高浓度的 Na2CO3 溶液，可以生成溶解度较大的 BaCO3 沉淀」与现绑边界（4）逐字同轴。,
CHEMISTRY,在指定条件下-下列有关铁单质的转化不能实现的是,ext-che-b32088729d-017,常见的限制条件总结,,KEEP,「①以官能团特征反应为限制条件…②以核磁共振氢谱为限制条件」「有几组峰就有几种不同化学环境的氢原子」——即现绑节点边界所载的官能团特征反应与氢谱两类限制条件；靶区系「限定条件／在指定条件」词面误配。,
CHEMISTRY,斜向变化体现不同价态-不同类别之间物质的转化-主要体现物质的氧化性或还原性,chem-fx-huan-yuan-xing-f10x10,斜向变化体现不同价态-不同类别之间物质的转化-主要体现物质的氧化性或还原性,氧化性-还原性强弱的比较,REBIND,「还原性：还原剂>还原产物」「(2)根据相同条件下产物的价态高低判断…则氧化性：Cl2>S」——与目标节点边界「由氧化还原方程式判断…还原剂强于还原产物；由相同条件下氧化产物价态高低判断」逐条对应；现绑为铁价类二维图节点。,
CHEMISTRY,斜向变化体现不同价态-不同类别之间物质的转化-主要体现物质的氧化性或还原性,chem-fx-huan-yuan-xing-f10x15,斜向变化体现不同价态-不同类别之间物质的转化-主要体现物质的氧化性或还原性,氧化性-还原性强弱的比较,REBIND,「元素金属性越强，其单质的还原性越强；非金属活动性越强，对应元素形成的简单阴离子还原性越弱」「电解池中在阳极优先放电的微粒还原性较强」＝目标节点「由金属活动性与非金属性强弱判断」及其别名「电解池中离子放电顺序体现的强弱关系」。,
CHEMISTRY,斜向变化体现不同价态-不同类别之间物质的转化-主要体现物质的氧化性或还原性,chem-fx-huan-yuan-xing-qi-ti-bao-hu-fa-f15x06,斜向变化体现不同价态-不同类别之间物质的转化-主要体现物质的氧化性或还原性,fe-oh-2的制备,REBIND,「先在装置Ⅰ中生成FeSO4溶液，并利用生成的H2将装置内的 排尽后，再把 溶液压入装置Ⅱ中与 混合，这样可长时间观察到白色沉淀」——即目标节点「保证生成的Fe(OH)2在密闭、隔绝空气的体系中」的还原性气体保护法；同源 f15x05、f15x07 已在该节点。,
CHEMISTRY,斜向变化体现不同价态-不同类别之间物质的转化-主要体现物质的氧化性或还原性,chem-fx-ji-you-yang-hua-xing-you-you-huan-yuan-f16x09,斜向变化体现不同价态-不同类别之间物质的转化-主要体现物质的氧化性或还原性,,KEEP,「Fe2+既有氧化性又有还原性，Fe3+一般只表现氧化性，其转化关系为」——Fe2+为中间价态兼具氧化性与还原性，正是现绑节点边界「中间价态物质兼具氧化性与还原性」；铁转化族节点重叠，按保守口径维持。,
CHEMISTRY,斜向变化体现不同价态-不同类别之间物质的转化-主要体现物质的氧化性或还原性,chem-fx-yang-hua-xing-yu-huan-yuan-xing-f16x04,斜向变化体现不同价态-不同类别之间物质的转化-主要体现物质的氧化性或还原性,,KEEP,「既有氧化性，又有还原性，以还原性为主，如在酸性条件下能被H2O2、NO氧化」「如能溶解铜…2Fe3++Cu=Cu2++2Fe2+」——讲铁两价态转化的氧化性／还原性表现，与现绑节点「不同价态物质间的转化…体现氧化性或还原性」同轴；铁转化族重叠，保守维持。,
CHEMISTRY,斜向变化体现不同价态-不同类别之间物质的转化-主要体现物质的氧化性或还原性,chem-hj2-liu-yanghua-xing-yu-jinshu,斜向变化体现不同价态-不同类别之间物质的转化-主要体现物质的氧化性或还原性,硫单质,REBIND,「S+O2=点燃=SO2（淡蓝色火焰）；S+2H2SO4（浓）=Δ=3SO2↑+2H2O」「3S+6NaOH=…除试管内黏附硫」——通篇硫单质与金属／非金属／强酸强碱反应，属目标节点；同型材料 ext-che-b7cfdfda64-003 已在该节点；现绑为铁价类图节点。,
CHEMISTRY,新型无机非金属材料,chem-fx-yong-tu-zai-neng-yuan-xin-xi-yi-yao-de-f18x04,新型无机非金属材料,,KEEP,「②用途：在能源、信息、医药等领域有广阔的应用前景」「①碳化硅共价晶体，具有金刚石结构，可用作磨料」——碳纳米材料用途与特殊功能的含硅材料，正落在现绑节点别名所指内容。,
CHEMISTRY,新型无机非金属材料,ext-che-161dacb6f6-032,化学与材料的分类,,KEEP,「金属材料：纯金属及其合金，如铁、铝合金、不锈钢、青铜、黄铜、钛合金等。无机非金属材料：传统硅酸盐材料为水泥、玻璃、陶瓷；新型材料为单晶硅、SiO2、新型陶瓷、碳纳米材料」——全篇是材料总分类，即现绑「化学与材料的分类」；靶区只覆盖其中一段。,
CHEMISTRY,新型无机非金属材料,ext-che-41d6238d6a-003,熟记硅及其化合物的特殊性质,新型无机非金属材料,REBIND,「新型无机非金属材料：(1) 高温结构陶瓷，如 $SiC$、$BN$、$Si_3N_4$、$Al_2O_3$ 等」——通篇即目标节点内容；现绑讲的是硅与含硅化合物的反常化学性质。,
CHEMISTRY,新型无机非金属材料,ext-che-466258eff2-003,新型无机非金属材料,,KEEP,多知识点合块：「硅酸：难溶于水的白色胶状物质」「硅酸钠：…俗称水玻璃」属另设节点，「新型陶瓷：碳化硅俗名金刚砂」落在现绑节点；无单一更优节点，按保守口径保留待拆条。,
CHEMISTRY,新型无机非金属材料,ext-che-5c62da9e03-2446,硅,,KEEP,「硅元素在元素周期表中位于第三周期第ⅣA 族」「核外三层电子数依次为 2、8、4」——讲硅元素的存在与原子结构，正是现绑「硅」节点；标题中的「新型无机非金属材料」是 53 知识清单的节名。,
CHEMISTRY,新型无机非金属材料,ext-che-5c62da9e03-2451,硅,,KEEP,「晶体硅是灰黑色、有金属光泽、硬而脆的固体，熔、沸点很高」——晶体硅的物理性质，落在现绑「硅」节点（含单质硅的性质）；靶区命中仅来自书名节名。,
CHEMISTRY,新型无机非金属材料,ext-che-5c62da9e03-2453,硅,,KEEP,「常温下硅的化学性质不活泼，但可以和 F₂、氢氟酸和强碱溶液发生反应」「Si+2NaOH+H₂O=Na₂SiO₃+2H₂↑」——硅单质的化学性质，属现绑「硅」节点；括注节名导致靶区误配。,
CHEMISTRY,新型无机非金属材料,ext-che-5c62da9e03-2460,硅的工业制法,,KEEP,「石英砂 --①1800~2000 ℃（加焦炭）--> 粗硅 --②300 ℃（加 HCl）--> SiHCl₃ --③1100 ℃（加 H₂）--> 高纯硅」——即现绑「硅的工业制法」；「新型无机非金属材料」是 53 知识清单的节名。,
CHEMISTRY,新型无机非金属材料,ext-che-5c62da9e03-2464,硅,,KEEP,「高纯硅广泛用于信息技术和新能源技术等领域。如制造芯片和硅太阳能电池」——高纯硅的用途，属现绑「硅」节点（别名「单质硅的性质、用途与高纯硅的制备」）。,
CHEMISTRY,新型无机非金属材料,ext-che-63fc6c0f2c-002,硅,,KEEP,「物理性质：晶体硅是灰黑色、有金属光泽、硬而脆的固体…是良好的半导体材料」「常温下只与F2、HF和强碱溶液反应」——通篇硅单质的性质，落在现绑「硅」节点；课程名中的「无机非金属材料」致靶区误配。,
CHEMISTRY,新型无机非金属材料,ext-che-63fc6c0f2c-003,熟记硅及其化合物的特殊性质,,KEEP,「非金属单质一般不与非氧化性酸作用，但Si能与氢氟酸反应」「非金属单质一般不导电，但Si为半导体」「Si的还原性大于C，但C能在高温下还原出Si」——与现绑节点边界的硅单质特殊性逐条对应。,
CHEMISTRY,新型无机非金属材料,ext-che-63fc6c0f2c-005,硅酸和硅酸盐,,KEEP,「硅酸是白色胶状沉淀；是唯一不溶于水的二元弱酸(酸性比碳酸弱)」「经干燥脱水得到多孔的硅胶」——即现绑「硅酸和硅酸盐」；靶区命中源自课名括注。,
CHEMISTRY,新型无机非金属材料,ext-che-63fc6c0f2c-015,碳-硅单质的化学性质-还原性,,KEEP,「碳单质主要表现还原性：O2不足生成CO、足量生成CO2；与CuO、SiO2等氧化物反应；与浓硫酸、浓硝酸等强氧化性酸反应」——与现绑「碳、硅单质的化学性质——还原性」边界逐条对应。,
CHEMISTRY,新型无机非金属材料,ext-che-88515626d1-001,碳-硅单质的化学性质-还原性,,KEEP,「碳、硅最外层都是4个电子、位于第ⅣA族，化学性质通常稳定，在一定条件下表现为还原性」「碳可还原CO2、SiO2、水蒸气、金属氧化物」——即现绑节点所述碳、硅单质的还原性。,
CHEMISTRY,新型无机非金属材料,ext-che-8cf031c9fe-012,硅及其化合物的-七大-误区,,KEEP,「氢氟酸…不能用玻璃瓶盛放而用塑料瓶」「NaOH溶液可用玻璃瓶但不能用磨口玻璃塞」「氧化产物为CO而不是CO2」「不属于两性氧化物而属于酸性氧化物」——与现绑「七大」误区逐条对应。,
CHEMISTRY,新型无机非金属材料,ext-che-d5446e6215-009,新型无机非金属材料,,KEEP,「高温结构陶瓷一般用碳化硅、氮化硅或某些金属氧化物等在高温下烧结而成」「压电陶瓷主要有钛酸盐和锆酸盐等」「透明陶瓷主要有氧化铝、氧化钇等」——三类新型陶瓷，为现绑节点别名所指内容。,
CHEMISTRY,有关fe2-fe3-的水解问题,ext-che-9fb72b1c9b-078,有关fe2-fe3-的水解问题,,KEEP,「加热 FeCl3·6H2O 会促进 Fe3+ 水解，HCl 逸出，最终不能得到无水 FeCl3 固体」「HCl 气体能抑制 FeCl3 水解」——即现绑「有关Fe2＋、Fe3＋的水解问题」的 Fe3+ 易水解及其应用。,
CHEMISTRY,查阅资料-了解工业生产中提高电镀质量的方法,ext-che-841d0e5e17-009,查阅资料-了解工业生产中提高电镀质量的方法,,KEEP,「①主盐浓度是决定电镀性能与质量的最主要因素」「③温度也会影响产品质量」「⑤添加剂要按消耗量少加勤加」——通篇即现绑节点名「提高电镀质量的方法」的五项工艺控制。,
CHEMISTRY,横向变化体现了同价态不同的类别-氧化物-碱-盐-物质之间的转化,ext-che-76d46e393c-044,横向变化体现了同价态不同的类别-氧化物-碱-盐-物质之间的转化,,KEEP,原句「Fe2O3、FeO都属于碱性氧化物，能与酸反应生成盐和水」「FeSO4和FeCl3都属于盐，能和碱反应生成相应的氢氧化物」正是节点边界(1)(2)的氧化物→盐、盐→碱横向转化；标题只是小节名。,
CHEMISTRY,氢氧化铜,chem-copper-hydroxide-decomposition,氢氧化铜,,KEEP,原句「Cu(OH)2=Δ=CuO+H2O（蓝色沉淀变为黑色固体）」，正对节点边界所称氢氧化铜「受热分解」一面，且该标题本就是节点别名。,
CHEMISTRY,氢氧化铜,chem-gap-acetaldehyde,利用nh3的还原性可以消除氮氧化物的污染-其中除去no的主要反应如下,醛-酮的化学性质,REBIND,原句「银镜反应：与银氨溶液水浴加热…用于检验醛基」「氧化性与还原性：催化加氢生成乙醇（被还原）」——醛的还原性+银镜+新制Cu(OH)2，逐条对「醛-酮的化学性质」边界；现绑是平衡常数与速率式指数，零交集。,
CHEMISTRY,氢氧化铜,chem-hj-yinjing-fanying-caozuo-guifan,既能跟稀盐酸反应-又能跟氢氧化钠溶液反应的化合物是,醛-酮的化学性质,REBIND,原句「银镜反应：试管内壁必须洁净；水浴加热不可直接加热」「新制 Cu(OH)2：向 2 mL NaOH 溶液中滴几滴 CuSO4 溶液（NaOH 必须过量）」=节点边界「掌握相应实验的操作要点」；现绑「既能跟稀盐酸反应」边界只有①NaHCO3②Al2O3③Al(OH)3④Al。,
CHEMISTRY,氢氧化铜,ext-che-5c62da9e03-1461,醛-酮的化学性质,,KEEP,原句「1 mol 一元醛（甲醛除外）与 2 mol [Ag(NH3)2]OH 反应生成 2 mol Ag；与 2 mol Cu(OH)2 反应生成 1 mol Cu2O」，配银镜与新制Cu(OH)2反应，即现绑「醛-酮的化学性质」。,
CHEMISTRY,氢氧化铜,ext-che-5c62da9e03-1471,有关醛的定量计算,,KEEP,原句「HCHO + 4[Ag(NH3)2]OH --Δ--> (NH4)2C2O4 + 4Ag↓」「HCHO + 4Cu(OH)2 + 2NaOH --Δ--> Na2C2O4 + 2Cu2O↓」，正是现绑边界(2)甲醛与弱氧化剂反应的量的关系。,
CHEMISTRY,氢氧化铜,ext-che-5c62da9e03-2680,单糖,,KEEP,原句「用新制Cu(OH)2检验葡萄糖时，所用的Cu(OH)2必须是新制备的」「足够的活性与葡萄糖中的醛基反应生成砖红色沉淀」——讲的是葡萄糖的还原性/检验，落在现绑「单糖」边界的「葡萄糖的还原性」。,
CHEMISTRY,氢氧化铜,ext-che-5c62da9e03-2681,单糖,,KEEP,原句「葡萄糖具有还原性，能被新制Cu(OH)2氧化，反应生成砖红色沉淀Cu2O」「可用于尿糖、血糖的检测」，主体是葡萄糖的还原性，属现绑「单糖」边界。,
CHEMISTRY,氢氧化铜,ext-che-5c62da9e03-2684,单糖,,KEEP,原句「实验结论：葡萄糖具有还原性，能被新制Cu(OH)2氧化，反应生成砖红色沉淀Cu2O」，主体是葡萄糖还原性，非氢氧化铜自身性质，现绑「单糖」成立。,
CHEMISTRY,氢氧化铜,ext-che-5c62da9e03-2685,糖类的结构和性质,,KEEP,原句「反应方程式为 CH2OH(CHOH)4CHO+2Cu(OH)2+NaOH →(Δ) CH2OH(CHOH)4COONa+Cu2O↓」，即现绑「糖类的结构和性质」边界「以葡萄糖…为代表讨论其结构与性质」。,
CHEMISTRY,氢氧化铜,ext-che-6fc1ebbbcb-007b,醛-酮的化学性质,,KEEP,原句「取 10% 的 NaOH 溶液 2 mL，逐滴加入 5 滴 5% 的 CuSO₄ 溶液，所用 NaOH 必须过量」「出现砖红色沉淀说明乙醛被氧化…可用于检验醛基」，正是现绑边界「掌握相应实验的操作要点」。,
CHEMISTRY,氢氧化铜,ext-che-6fc1ebbbcb-008,醛-酮的化学性质,,KEEP,原句「碱性条件的必要性：该反应必须是碱性环境，以保证悬浊液为 Cu(OH)₂」「洗涤方法：实验完毕后生成的 Cu₂O 用稀盐酸洗去」，标题即现绑节点别名「氢氧化铜反应的碱性条件与洗涤」。,
CHEMISTRY,氢氧化铜,ext-che-6fc1ebbbcb-008b,醛-酮的化学性质,,KEEP,原句「必须在碱性环境下进行，以保证悬浊液是 Cu(OH)₂，不能用久置的 Cu(OH)₂——新制的 Cu(OH)₂ 悬浊液是絮状沉淀…容易反应」，属乙醛与新制Cu(OH)2反应要点，现绑节点别名即同题。,
CHEMISTRY,氢氧化铜,ext-che-ad5dccb590-005,糖类的结构和性质,,KEEP,原句「Cu(OH)2必须是新制的，且要保证NaOH溶液过量。加热煮沸的时间不能太长」「该反应可用于醛基的定性检验」，主体是葡萄糖（糖类）的还原性检验，现绑「糖类的结构和性质」可承。,
CHEMISTRY,氢氧化铜,ext-che-af5d7e549d-085,几种重要的醛-酮,,KEEP,原句「因甲醛相当于含两个醛基，1 mol 甲醛可生成2 mol Cu2O」，讲甲醛的结构特殊性；标题即现绑节点别名「甲醛与新制氢氧化铜反应的特殊计量」，故保留。,
CHEMISTRY,氢氧化铜,ext-che-b05ffc606b-021b,醛-酮的化学性质,,KEEP,原句「银镜反应：银氨溶液随用随配不可久置，用热水浴(60～70℃)加热」「两反应均用于检验醛基的存在」，银镜+新制Cu(OH)2两实验要点，即现绑「醛-酮的化学性质」边界。,
CHEMISTRY,氢氧化铜,ext-che-fe528a7719-013,醛-酮的化学性质,,KEEP,原句「1) 银氨溶液：向AgNO3溶液逐滴加稀氨水至沉淀恰好溶解，随用随配；2) 银镜反应用热水浴（60~70℃）加热，不可直接加热或振荡」——两检验实验操作要点，现绑节点别名同题。,
CHEMISTRY,氢氧化铜,wusan-chem-x3c3-aldehyde-quantitative,有关醛的定量计算,,KEEP,原句「银镜反应：1 mol —CHO 对应 2 mol Ag。醛基与新制 Cu(OH)₂ 反应：1 mol —CHO 对应 1 mol Cu₂O」，由产物量反推官能团数目，落在现绑「有关醛的定量计算」。,
CHEMISTRY,氢氧化铜,wusan-chem-x3c3-formaldehyde-copper-ratio,有关醛的定量计算,,KEEP,原句「1 个 HCHO 分子中相当于有 2 个 —CHO，因此 1 mol 甲醛相当于 4 mol Cu(OH)₂、生成 2 mol Cu₂O」，正是现绑边界「甲醛分子中相当于有2个—CHO」的量的关系。,
CHEMISTRY,氢氧化铝沉淀图像分析,chem-hj-lv-chendiantu-xiang-fenxi,na2co3-nahco3与酸反应的图像分析,氢氧化铝沉淀图像分析,REBIND,原句「铝盐中滴加 NaOH 至过量：先沉淀后溶解，AB 段 Al3++3OH-=Al(OH)3↓」「偏铝酸盐中滴加盐酸：先沉淀后溶解」——铝盐/偏铝酸盐沉淀图像；现绑「Na2CO3、NaHCO3与酸反应的图像分析」零对应。,
CHEMISTRY,氢氧化铝沉淀图像分析,ext-che-947add6b4a-016,铝及其化合物之间的性质与应用,氢氧化铝沉淀图像分析,REBIND,「$1\ mol\ Al^{3+}$ 生成 $1\ mol\ Al(OH)_3$ 需 $3\ mol\ OH^-$」——沉淀图像三步法通篇属目标节点；同讲义教师版件已在靶节点。,
CHEMISTRY,氢氧化铝沉淀量的计算,ext-che-0488c28b9a-008c,Al(OH)3沉淀量的计算,,KEEP,原句「①当 n(OH-)≤3n(Al3+) 时，碱不足…③当 n(OH-)≥4n(Al3+) 时，沉淀完全溶解」「判断要点：先算 n(OH-)/n(Al3+) 的比值落在哪一段」，即现绑三段计算与碱过量判断。,
CHEMISTRY,氢氧化铝的制备方法,ext-che-5c62da9e03-080,氢氧化铝的性质与制备,,KEEP,「Al(OH)₃是难溶于水的白色胶状沉淀，属于两性氢氧化物，与强酸和强碱都能反应」——本条兼含两性与三种制备，现挂『氢氧化铝的性质与制备』可框住；靶区『制备方法』更窄，只覆盖制备。,slice-03
CHEMISTRY,海水提取镁,chem-hj-haishui-timei,从海水中提取物质的思路,海水提取镁,REBIND,原句「流程：贝壳煅烧制石灰乳…→沉淀 Mg2+（Mg2++2OH-=Mg(OH)2↓）→盐酸溶解…→浓缩蒸发得无水 MgCl2→电解制镁」，即靶节点边界「提镁的四个步骤及相关反应」。,
CHEMISTRY,海水提取镁,ext-che-5c62da9e03-2794,从海水中提取物质的思路,,KEEP,原句「镁、溴和碘都以化合态形式存在且含量较低，需要先富集再提取，提取过程中要通过氧化还原反应获得它们的单质」，即现绑边界「最主要的问题是如何将大量海水中分布的元素富集起来」。,
CHEMISTRY,海水提镁的工艺流程分析,ext-che-15fcabc7cf-003c,海水提取溴,,KEEP,原句「苦卤用硫酸酸化，再通入 Cl2…热空气吹出…再用 SO2 吸收…最后用 Cl2 氧化、蒸馏、冷凝得到液溴」与反应①②③，逐条对上现绑「海水提取溴」边界所列表。,
CHEMISTRY,热重分析确定金属化合物的组成,ext-che-1422ee20c2-067c,热重分析确定金属化合物的组成,,KEEP,「温度低时只脱去较易脱出的内界水，温度升高后再脱去外界水」——分步加热失重顺序与两类水的定量计算，正在现绑边界「分步加热中失重的先后顺序及组成的计算步骤」内，保留。,
CHEMISTRY,电化学综合计算的三种常用方法,ext-che-51e65d8cb6-013,电化学综合计算的三种常用方法,,KEEP,「可把电路中转移的电子数与各电极产物的物质的量联系起来」与「两式联立即可由电流与时间求转移电子数」——电子桥梁的关系式法与电量换算，即现绑「电化学综合计算的三种常用方法」，保留。,
CHEMISTRY,电解原理应用的四点注意事项,chem-fx-cu-tong-zhong-tong-de-han-liang-wei-f17x03,电解原理应用的四点注意事项,,KEEP,「粗铜中铜的含量为99.5%～99.7%……粗铜通过电解精炼可得到纯度达99.95%～99.98%的铜」——讲粗铜电解精炼，正在现绑边界第(3)点「电解精炼铜……杂质以阳极泥的形式沉积」内，保留。,
CHEMISTRY,电解原理易错点,ext-che-1422ee20c2-065b,电解原理易错点,,KEEP,「铜片作阳极、石墨作阴极电解饱和食盐水」——正文讲活性电极（铜）作阳极时铜本身失电子，正对现挂节点边界(1)活性电极；上轮同条已裁 KEEP。,slice-03
CHEMISTRY,电解和电解池,ext-che-5792a432da-005b,电解和电解池,,KEEP,「无外接电源时可能是原电池，按原电池形成条件判定」与「当阳极金属与电解质溶液中金属离子相同则为电镀池」——装置类型判定；现绑边界含「区别于原电池等其它电化学装置」且名下已收《电解的适用条件、装置判别与三个方向》，不算明显错，保留（近邻候选见 uncertain）。,
CHEMISTRY,电解水,chem-fx-zheng-que-li-jie-shui-de-dian-li-ping-f48x04,水的电离平衡移动的影响因素,水的电离平衡曲线,REBIND,「曲线上的任意点的Kw都相同」「实现曲线上点与曲线外点之间的转化一定改变温度」——即候选节点边界「加酸、加碱只能使点沿同一条曲线移动，不会改变KW；只有改变温度才会跳到另一条曲线上」；同类《水的电离平衡曲线的判读》《水的电离平衡曲线分析》均在该节点。,
CHEMISTRY,电解水,chem-hj-buneng-dianjie-shuirongye-zhihuopoyjinshu,金属导电和电解质溶液导电的对比,,KEEP,「电解水溶液时，K+、Ca2+、Na+、Mg2+、Al3+ 在水溶液中不放电（H+ 先于它们放电），故不能用电解其水溶液的方法制取这些金属」——正在现绑边界「活泼金属不能用电解水溶液制取活泼金属的原因」内，保留。,
CHEMISTRY,电解水,ext-che-0e0ef6766a-002b,电解原理,,KEEP,「用惰性电极电解水型电解质（如NaOH、H2SO4、Na2SO4等溶液）时，实质是电解水」与「溶液中活泼金属的阳离子（K+、Ca2+、Na+、Mg2+、Al3+）不参与放电」——即现绑边界「惰性电极下电解水或盐溶液的规律」，保留。,
CHEMISTRY,电解水,ext-che-5c8ab8324c-038,惰性电极电解的四种类型,,KEEP,「电解水型：电解NaOH溶液、H2SO4溶液、K2SO4溶液，电解物质都是水，电解质溶液浓度增大」与「使电解质溶液复原的方法：加水」——四类型中的电解水型，正对现绑节点名与边界，保留。,
CHEMISTRY,电解饱和食盐水-氯碱工业,chem-fx-yin-ji-f41x07,电解饱和食盐水-氯碱工业,,KEEP,「阴极：2H2O+2e-=H2↑+2OH-」与「总反应化学方程式：2NaCl+2H2O→2NaOH+H2↑+Cl2↑」「注意　电解所用的食盐要精制」——氯碱工业电极反应与粗盐精制，正在现绑边界内，保留。,
CHEMISTRY,红色物质cu和cu2o的检验,ext-che-1422ee20c2-061,红色物质cu和cu2o的检验,,KEEP,「遇酸歧化生成铜离子与红色的铜」与「向浊液中加入足量盐酸，现象是」——加酸歧化法检验Cu2O，与现绑节点同域（该节点已收《用加酸歧化法区分 Cu2O 与 CuCl》）；判别对象为CuCl，库里无更近节点，判不准见 uncertain。,
CHEMISTRY,红色物质cu和cu2o的检验,ext-che-b15ead938d-011,红色物质cu和cu2o的检验,,KEEP,「铜和氧化亚铜都是红色物质，鉴别方法是向红色物质中加入稀硫酸：若溶液由无色变成蓝色」——与现绑边界（加稀硫酸变蓝者为Cu2O）逐句对应，保留。,
CHEMISTRY,菠菜常用作补铁食品之一-为探究其中铁元素的价态-现进行如下实验,chem-fx-tong-zhong-yuan-su-de-han-yang-suan-zh-f33x07,菠菜常用作补铁食品之一-为探究其中铁元素的价态-现进行如下实验,氧化性-还原性强弱比较易错点,REBIND,独立复核订正：正确去向「氧化性-还原性强弱比较易错点」：其边界「氧化性还原性强弱与元素化合价高低无必然联系，如次氯酸氧化性强于高氯酸」与本条逐字吻合；「含氧酸及其酸性比较」边界只讲酸性规则，酸性句仅是陪衬，判改绑不成立。材料原句「含氧酸的氧化性不一定越强。如酸性:HClO4>HClO3>HClO」「氧化性:HClO4<HClO3<HClO。」,
CHEMISTRY,菠菜常用作补铁食品之一-为探究其中铁元素的价态-现进行如下实验,chem-hj2-dingxing-tansuo-huanjie,菠菜常用作补铁食品之一-为探究其中铁元素的价态-现进行如下实验,定性探究题的形式与基本环节,REBIND,「①提出问题……②猜想与假设……③制定计划……④收集证据……⑤解释与结论；⑥反思与评价」——定性探究的六个基本环节；该候选节点已存同名材料《定性探究实验的六个基本环节》。,
CHEMISTRY,菠菜常用作补铁食品之一-为探究其中铁元素的价态-现进行如下实验,chem-inquiry-experiment-steps,菠菜常用作补铁食品之一-为探究其中铁元素的价态-现进行如下实验,定性探究实验题的解题策略,REBIND,「第一步：明确探究目的……第二步：寻找变量……第三步：对照分析」——与候选边界「审题阶段必须先确定探究目标与变量」同义；现绑菠菜节点无菠菜与铁内容。三个近邻候选见 uncertain。,
CHEMISTRY,调节pH分离提纯金属离子,chem-hj-tiao-ph-fenli-jinshu-lizi,沉淀溶解平衡的应用,调节pH分离提纯金属离子,REBIND,「范围确定：下限为目标除去离子沉淀完全的 pH，上限为不沉淀离子开始沉淀的 pH」与「先用氧化剂把 Fe2+ 氧化为 Fe3+，再调 pH 至 3.7≤pH<8.3」——即候选边界「pH范围必须由题给的沉淀开始与完全沉淀的pH数据确定」。,
CHEMISTRY,调节pH分离提纯金属离子,ext-che-5c62da9e03-734,调节pH分离提纯金属离子,,KEEP,「可加入 MgO、Mg(OH)₂ 或 MgCO₃ 调节溶液 pH，再通过过滤除去 Fe(OH)₃ 沉淀」与「所选试剂都能与 H⁺ 反应而不引入新的杂质阳离子」——即现绑边界「并非任意碱（如NaOH）都可用于调pH，要考虑是否引入新杂质」，保留。,
CHEMISTRY,调节pH分离提纯金属离子,ext-che-5c62da9e03-761,调节pH分离提纯金属离子,,KEEP,「选用的沉淀剂应使沉淀生成的反应进行得越完全越好」与「要除去溶液中的 SO₄²⁻，应选择加入钡盐而不是钙盐」——除杂提纯的沉淀剂选择；该节点已收《用调 pH 法分离金属离子与沉淀剂的选择》同域材料，保留。,
CHEMISTRY,调节pH分离提纯金属离子,ext-che-c9252b0263-029,调节pH分离提纯金属离子,,KEEP,「原理是不同金属离子形成氢氧化物沉淀所需的 pH 不同，控制 pH 可使其中的杂质离子沉淀而目标离子不沉淀」——正对现绑节点名与边界，保留。,
CHEMISTRY,重铬酸盐的强氧化性,chem-hj-ciaosuanyanyan-qiangyanghuaxing,过氧化钠,次氯酸和次氯酸盐,REBIND,「ClO- 无论酸性、碱性还是中性条件均具有强氧化性，能氧化 Fe2+、I-、S、S2- 等」与 Ca(ClO)₂ 溶液通 CO₂——全篇讲次氯酸盐，无 Na2O2；同源《次氯酸盐的强氧化性与84消毒液》即在候选节点。,
CHEMISTRY,重铬酸盐的强氧化性,ext-che-9da7ad2f4a-007,次氯酸和次氯酸盐,,KEEP,「84消毒液有效成分NaClO，与洁厕灵（盐酸）混合发生ClO-+Cl-+2H+生成Cl2↑+H2O」与「ClO-在酸、碱、中性条件下均能氧化I-、Fe2+」——次氯酸盐性质与漂白粉，正在现绑节点范围内，保留。,
CHEMISTRY,金属及其化合物的制备,ext-che-4afe07ca38-013,纯碱中碳酸钠含量的测定方法,,KEEP,「气体法：向m g纯碱样品中加入足量稀硫酸，准确测量产生CO2气体的体积V mL」与「沉淀法：加入BaCl2使Na2CO3转化为BaCO3沉淀」——正对现绑节点两法与边界，保留。,
CHEMISTRY,金属及其化合物的制备,ext-che-796e42b1e0-008,实验室制取氯气的其他方法,,KEEP,「实验室通常用强氧化剂MnO2、KMnO4、K2Cr2O7、KClO3、Ca(ClO)2等氧化浓盐酸制取氯气」与「其他（特点是不需要加热）」——正对现绑节点「其他方法」；该节点已存同名材料，保留。,
CHEMISTRY,金属及其化合物的制备,ext-che-8f2afb0437-009,化学与技术中的重要应用,,KEEP,「MgO、Al2O3 熔点很高可作耐高温材料……Fe2(SO4)3 水解生成胶体可作净水剂」——性质—用途对应；现绑节点已收同考点《有机与无机物质的性质—用途对应（考点08 化学与STSE）》，保留。,
CHEMISTRY,金属晶体的空间利用率,chem-hj-kongjian-liyonglv-dianxing-shuzhi,利用盖斯定律书写热化学方程式的一般步骤,晶胞空间利用率的计算,REBIND,「空间利用率=晶胞内粒子总体积/晶胞体积×100%」「金刚石型堆积……利用率约 34%」——金刚石型非金属晶体；同讲义的教师版材料《金属晶体空间利用率的计算》正在候选节点，候选「金属晶体的空间利用率」为同概念双节点。,
CHEMISTRY,金属晶体的空间利用率,ext-che-3c784839a7-003b,晶胞空间利用率的计算,,KEEP,「体心立方堆积：体对角线4r，1个晶胞2个原子，约68%」——与现绑边界「体心立方 4r=√3a、面心立方 4r=√2a」相符；与「金属晶体的空间利用率」是同概念双节点（见 node_findings），保留。,
CHEMISTRY,金属晶体的空间利用率,ext-che-5c62da9e03-1160,晶胞空间利用率的计算,,KEEP,「面对角线为4r，则a＝2√2r……1个晶胞中有4个原子，则空间利用率＝……74%」——正是现绑「晶胞空间利用率的计算」边界所列的 r 与棱长关系配粒子数推导；靶区「金属晶体的空间利用率」与现绑两条边界同说 r–a 关系与面心立方 74%，属同概念近重复节点。,
CHEMISTRY,金属晶体的空间利用率,ext-che-e10749660f-007,晶胞空间利用率的计算,,KEEP,「设1个晶胞含x个微粒，则1mol晶胞质量xM等于ρVN_A，故V＝xM/(ρN_A)……空间利用率＝V₀/V×100%」——由晶体密度求空间利用率，与现绑节点（先找对 r 与棱长关系再算百分率）正相合；靶区只讲金属堆积，框不住密度法。,
CHEMISTRY,金属氢化物,chem-hj-jinshu-qinghuawu-nabh4,利用nh3的还原性可以消除氮氧化物的污染-其中除去no的主要反应如下,金属氢化物,REBIND,「NaH 遇水强烈反应放出氢气使溶液呈碱性（NaH+H2O=NaOH+H2↑）」「固态 NaH 在 673 K 能将 TiCl4 还原为金属钛」——通篇金属氢化物与硼氢化钠的强还原性；现绑「氨气还原氮氧化物」边界讲平衡常数与速率指数，与正文零交集。,
CHEMISTRY,金属氢化物,ext-che-020cba294a-005,常见的氧化剂与还原剂,,KEEP,「碱金属氢化物如 NaH 中氢为 -1 价，具有强还原性」——现绑节点边界原文已收「而氢化钠、硼氢化钠等是重要还原剂」，材料正讲这两种重要还原剂；靶区「金属氢化物」边界只覆盖 −1 价氢与 NaH 遇水，收不下硼氢化钠段。,
CHEMISTRY,金属氢化物,ext-che-39e870c108-004b,还原剂,,KEEP,「该反应中 NaH 作还原剂、水作氧化剂」「硼氢化钠（NaBH₄）……能在水溶液中提供 H⁻ 而表现出强还原性」——以具体物质说明还原剂与价态变化，落在现绑「还原剂」边界「结合具体反应中化合价的变化」面内；NaBH₄ 段超出靶区。,
CHEMISTRY,金属氢化物,ext-che-478c6795d1-002,有机反应机理与断键规律,,KEEP,「氢化铝锂通过提供强还原性氢负离子进攻羧酸羰基，生成醇盐中间体，随后水解得伯醇」——讲的是有机合成中的还原机理与选择性，属现绑「有机反应机理」大面；靶区「金属氢化物」边界只讲 H⁻ 价态与 NaH 遇水，框不住羧酸还原。,
CHEMISTRY,金属氢化物,ext-che-5c62da9e03-2227,元素非金属性强弱的判断,,KEEP,「必须强调是最高价氧化物对应水化物……低价含氧酸酸性不能作为判断依据，如酸性 H2SO3＞HClO，但非金属性 S＜Cl」——正是现绑节点边界「重点区分须以最高价氧化物对应水化物的酸性为前提」；靶区命中只因标题含「氢化物」一词。,
CHEMISTRY,金属氢化物,ext-che-6102bf2210-037,主族元素的原子结构和元素性质的变化规律,,KEEP,「同周期（左→右）：气态氢化物稳定性增强，最高价氧化物对应水化物碱性减弱、酸性增强」——同周期与同主族的性质递变，落在现绑节点「元素性质的变化规律」面内；靶区以「氢化物」一词命中，属词面误配。,
CHEMISTRY,金属氢化物,ext-che-7939a91be1-003,碱金属的一般性与特殊性,,KEEP,「钾的密度比钠的小」「锂保存在石蜡中」「锂与 O2 反应与钠不同，只生成 Li2O」「氢以 H- 形式存在，显 -1 价」——与现绑节点边界所列的特殊性逐条对应；靶区只覆盖末段氢化物一句。,
CHEMISTRY,金属氢化物,ext-che-c8f0c72345-012,分子间作用力对物质性质的影响,,KEEP,「含氢键的先看氢键……再看相对分子质量：不含氢键时，相对分子质量越大……沸点越高……极性分子的沸点更高」——正对现绑节点边界的范德华力影响因素（极性、相对分子质量）与氢键对沸点的影响；靶区系词面误配。,
CHEMISTRY,金属氢化物,ext-che-c8f0c72345-019,元素的性质比较和判断易混易错点,,KEEP,「非金属性越强 → 简单氢化物越稳定」「第一电离能 N>O，比较时不要按从左到右递增直接下结论」——对应现绑边界第(4)(7)项（气态氢化物稳定性、第一电离能反常）；靶区只沾「氢化物」二字。,
CHEMISTRY,金属氢化物,ext-che-c8f0c72345-025b,元素的性质比较和判断易混易错点,,KEEP,「$r(\mathrm{H^-})>r(\mathrm{H})$……这是微粒半径比较中同一元素、不同电子数情形的典型例子」「简单氢化物的沸点 NH₃>PH₃」——属现绑节点的半径比较与氢化物易错面；靶区系词面误配。,
CHEMISTRY,金属矿物的开发利用,ext-che-11292e024d-014,电冶金,,KEEP,「冶炼镁电解MgCl2而不电解MgO，因MgO的熔点比MgCl2高、耗能更多；冶炼铝电解Al2O3而不电解AlCl3，因AlCl3是共价化合物、熔融状态不导电」——与现绑「电冶金」边界（熔点能耗与熔融态能否导电、冰晶石助熔）逐条相合。,
CHEMISTRY,金属矿物的开发利用,ext-che-29b4143ea2-001b,金属矿物的开发利用,,KEEP,「湿法炼铜：Fe+CuSO4=FeSO4+Cu……粗铜……通过电解精炼可得到纯度达99.95%~99.98%的精铜」——铜的两种冶炼与电解精炼，仍在现绑节点「金属冶炼的实质与方法」范围内；本条审计无候选、靶区即现绑节点。,
CHEMISTRY,金属矿物的开发利用,ext-che-466258eff2-012,从海水中提取物质的思路,,KEEP,「海水提溴反应原理：①Cl2与2Br-生成2Cl-与Br2……海带提碘（实验室）：用H2O2在酸性条件下把I-氧化」——正对现绑「从海水中提取物质的思路」的氧化—富集主线；靶区因「开发利用」词面误配。,
CHEMISTRY,金属矿物的开发利用,ext-che-5c62da9e03-2782,自然资源的开发利用,金属矿物的开发利用,REBIND,「提高金属矿物的利用率；开发环保高效的金属冶炼方法……加强废旧金属的回收和再利用」——通篇是金属矿物资源的合理开发途径（靶区边界原文即「涵盖……合理开发途径」）；同类材料 ext-che-af4dd3fb51-016 已由「自然资源的开发利用」改挂该节点。,
CHEMISTRY,金属矿物的开发利用,ext-che-653cb0b8e0-012,金属的冶炼-金属矿物的开发利用,,KEEP,「金属冶炼的实质是把金属从化合态还原为游离态……矿物开发按开采—富集—冶炼—提纯四步」——与现绑节点边界「涵盖冶炼主要方法与原料选择」相合（含电解MgO与AlCl3的易混点）。,
CHEMISTRY,金属矿物的开发利用,ext-che-653cb0b8e0-013,金属材料和金属的冶炼易错点,,KEEP,「误认为Al可通过电解AlCl3冶炼……电解精炼铜时误判电极材料（阳极为粗铜、阴极为纯铜）……忽略铝土矿富集步骤」——正是现绑「金属材料与金属冶炼易错点」的易错清单面。,
CHEMISTRY,金属矿物的开发利用,ext-che-653cb0b8e0-014,金属材料和金属的冶炼易错点,,KEEP,「电解法：标注熔融或电解，产物避免写H2O……热还原法：区分CO与C还原……铝热反应：注明高温」——冶炼方程式的条件与产物书写易错，落在现绑节点「冶炼方法的主要易错环节」面内。,
CHEMISTRY,金属矿物的开发利用,ext-che-78beaac7a8-003,金属矿物的开发利用,,KEEP,「原料：铁矿石、焦炭、空气和石灰石；设备：高炉……Fe2O3+3CO=高温=2Fe+3CO2，一氧化碳把铁矿石中的铁还原出来」——高炉炼铁，属现绑节点「金属冶炼的实质与方法」；靶区即现绑节点、无可改绑目标。,
CHEMISTRY,金属矿物的开发利用,ext-che-d41031ebf7-012,金属矿物的开发利用,,KEEP,「原料：铁矿石、焦炭、空气、石灰石。设备：高炉……铁的生成：氧化铁与一氧化碳在高温下反应生成铁和二氧化碳」——高炉炼铁，属现绑节点「金属冶炼的实质与方法」；靶区即现绑节点、无可改绑目标。,
CHEMISTRY,金属矿物的开发利用,ext-che-e2fc9d535c-016,金属的冶炼-金属矿物的开发利用,,KEEP,「按开采—富集—冶炼—提纯四步构建矿物开发流程：富集……酸浸/碱浸（如Al2O3用NaOH浸出而Fe2O3不溶）……提纯用电解精炼」——正在现绑节点「金属矿物开发利用」与「冶炼主要方法」面内。,
CHEMISTRY,金属腐蚀的类型,chem-hj-fushi-kuanman-panbie,物理变化与化学变化的两种判断方法,金属腐蚀的类型,REBIND,「电解池阳极最快>原电池负极>化学腐蚀>原电池正极>电解池阴极（最慢）」「同一金属在不同介质：强电解质溶液>弱电解质溶液>非电解质溶液」——全篇金属腐蚀快慢判断；现绑「物理变化与化学变化的两种判断方法」与正文零交集。,
CHEMISTRY,金属腐蚀的类型,chem-hj2-jinshu-fushi-kuaiman-bijiao,反应热大小的比较规律,金属腐蚀的类型,REBIND,「同一金属由快到慢：作电解池阳极＞作原电池负极＞化学腐蚀＞作原电池正极＞作电解池阴极」——金属腐蚀快慢比较；现绑「反应热大小的比较规律」讲 ΔH 比较，与正文零交集。,
CHEMISTRY,金属腐蚀的类型,chem-kb-corrosion-rate-comparison,金属腐蚀的本质,,KEEP,「总排序：电解原理引起的腐蚀＞原电池原理引起的腐蚀＞化学腐蚀＞有防护措施的腐蚀」——现绑「金属腐蚀的本质」边界原文含「以及金属腐蚀快慢的比较」，材料正讲快慢排序；与靶区「金属腐蚀的类型」面重叠，属节点拆分问题。,
CHEMISTRY,金属腐蚀的类型,ext-che-5c62da9e03-881,金属的腐蚀,,KEEP,「金属腐蚀是金属或合金与周围的气体或液体发生氧化还原反应而引起损耗的现象」＋「一般可分为化学腐蚀和电化学腐蚀」——概念/实质/分类三条均在现绑『金属的腐蚀』边界（区分化学腐蚀与电化学腐蚀）内，且与该节点别名《金属腐蚀的概念、实质与分类》逐字对应；靶区与现绑系近重复节点，保留。,
CHEMISTRY,金属腐蚀的类型,ext-che-5c8ab8324c-062,金属的腐蚀,,KEEP,「金属腐蚀的本质：金属原子失去电子变成金属阳离子，金属单质发生氧化反应」＋「金属腐蚀的类型：化学腐蚀与电化学腐蚀」——本质与两类腐蚀正落在现绑『金属的腐蚀』边界（边界原句“本条讲金属的腐蚀类型与机理”）；靶区『金属腐蚀的类型』与现绑同概念近重复，不宜逐条改绑。,
CHEMISTRY,金属腐蚀的类型,ext-che-68f6c34454-016,金属的腐蚀,,KEEP,「①化学腐蚀与电化学腐蚀——电化学腐蚀更普遍」＋「②以钢铁为例分为析氢腐蚀与吸氧腐蚀」＋「腐蚀快慢的一般规律：电解原理引起的腐蚀＞原电池原理引起的腐蚀」——类型与快慢都在现绑边界（探讨环境条件对腐蚀速率的影响）内，保留。,
CHEMISTRY,金属腐蚀的类型,ext-che-68f6c34454-017,金属的腐蚀,,KEEP,「不纯的金属或合金在潮湿的空气中腐蚀的速率远快于在干燥、隔绝空气条件下」——正文即环境条件对腐蚀速率的影响，与现绑节点别名《环境条件对金属腐蚀速率的影响》逐字对应，节点边界亦明写该短语，保留。,
CHEMISTRY,金属腐蚀的类型,ext-che-68f6c34454-018,金属的防护,,KEEP,「1．加防护层：在金属表面涂覆油漆、塑料…2．电化学防护：（1）牺牲阳极法…（2）外加电流法」——主体即牺牲阳极与外加电流，与现绑别名《金属腐蚀的两种防护方法》逐字对应；首句覆盖保护层另属『其他防护方法』，不改绑。,
CHEMISTRY,金属腐蚀的类型,ext-che-9f21b366d1-020,金属的腐蚀,,KEEP,「析氢腐蚀（以钢铁为例）…」＋「吸氧腐蚀（以钢铁为例）…是钢铁腐蚀的主要形式」——本质+两类腐蚀+钢铁的析氢吸氧，与现绑节点别名《金属腐蚀的本质、类型与钢铁的腐蚀》逐字对应，保留。,
CHEMISTRY,金属腐蚀的类型,ext-che-ae3f5c9d23-013,金属的腐蚀,,KEEP,「电化学腐蚀是不纯的金属与电解质溶液接触时形成原电池，较活泼的金属作负极被腐蚀」＋「铁锈的主要成分可表示为」——类型与钢铁腐蚀均在现绑边界内；靶区与现绑为同概念近重复，不宜逐条改绑。,
CHEMISTRY,金属腐蚀的类型,ext-che-ae82ac501b-015c,金属的腐蚀,,KEEP,「电解原理引起的腐蚀（电解池阳极）＞原电池原理引起的腐蚀（原电池负极）＞化学腐蚀＞有防护措施的腐蚀（电解池阴极、原电池正极及加有镀层的金属）」——快慢规律与现绑边界（环境条件对腐蚀速率的影响）一致，保留。,
CHEMISTRY,金属腐蚀的类型,ext-che-bdc3a2870b-026,金属的腐蚀,,KEEP,「化学腐蚀：金属与干燥气体或非电解质直接接触而发生氧化还原反应」「电化学腐蚀：不纯金属接触电解质溶液形成原电池」——正是现绑节点别名《金属腐蚀的本质与分类》的本义（本质+两类），保留原绑。,
CHEMISTRY,金属腐蚀的类型,ext-che-d70850b5c7-015,金属的腐蚀,,KEEP,「金属腐蚀的类型主要有两种分类角度：一是按介质分为化学腐蚀与电化学腐蚀；二是按正极反应分为析氢腐蚀与吸氧腐蚀」——与现绑节点别名《金属腐蚀的概念、本质与类型》逐字对应，保留。,
CHEMISTRY,金属腐蚀的类型,ext-che-d931f0e7db-019c,金属的腐蚀,,KEEP,「钢铁发生电化学腐蚀时，负极铁失去电子生成Fe2＋，而不是生成Fe3＋」「铜暴露在潮湿的空气中发生的是化学腐蚀而不是电化学腐蚀」——全条即现绑别名《金属腐蚀与防护的五个易错判断》的五项判断，保留。,
CHEMISTRY,钒及其重要化合物的性质,ext-che-15fe5e66f1-003,钠,,KEEP,「钠是银白色有金属光泽的固体，质地柔软、熔点低」「钠的制取是电解熔融NaCl；保存须密封并置于石蜡油或煤油中」——即现绑『钠』别名《钠的性质、制取、保存与用途》；靶区『钒及其重要化合物的性质』系稀有词机械命中，正文与钒无关。,
CHEMISTRY,钒及其重要化合物的性质,ext-che-23cc3489fa-003,硫单质,,KEEP,「与强碱反应：3S＋6NaOH→2Na2S＋Na2SO3＋3H2O」「实验室除试管内壁硫：物理法用CS2溶解，化学法用NaOH溶液溶解」——与现绑『硫单质』别名《硫与强氧化性酸、强碱的反应及除硫方法》逐字对应，保留。,
CHEMISTRY,钒及其重要化合物的性质,ext-che-23cc3489fa-017,浓硫酸与金属的反应规律,,KEEP,「除Au、Pt外绝大多数金属能与浓硫酸作用，还原产物为SO2」「常温下铁、铝遇冷浓硫酸钝化」「与非金属反应需加热(如C、S、P)」——前半为现绑核心（钝化与产物变化），后半非金属与还原性化合物更近节点『浓硫酸』的别名，两节点皆可承接，暂保留。,
CHEMISTRY,钒及其重要化合物的性质,ext-che-23cc3489fa-018b,亚硫酸及亚硫酸盐的性质,,KEEP,「取少量溶液加入CaCl2溶液生成白色沉淀，再加入稀盐酸，将产生的气体通入品红溶液，红色褪去则含SO32-」——正是现绑『亚硫酸及亚硫酸盐的性质』别名《亚硫酸根离子的检验》，保留。,
CHEMISTRY,钒及其重要化合物的性质,ext-che-59d225cbf6-004,铝的化学性质,,KEEP,「铝先与强碱溶液中的水反应生成H2和Al(OH)3，Al(OH)3再溶于NaOH生成Na[Al(OH)4]；反应中Al为还原剂、水为氧化剂」——与现绑『铝的化学性质』别名《铝与NaOH溶液反应的机理》逐字对应，保留。,
CHEMISTRY,钒及其重要化合物的性质,ext-che-59d225cbf6-014,一种重要的复盐-明矾,,KEEP,「Al3+恰好完全沉淀时…2KAl(SO4)2＋3Ba(OH)2===2Al(OH)3↓＋3BaSO4↓＋K2SO4」「SO4^2−完全沉淀时…」——即现绑『一种重要的复盐——明矾』边界所写“与氢氧化钡溶液不同配比下的反应”，保留。,
CHEMISTRY,钒及其重要化合物的性质,ext-che-5cfa9e1433-005,氧化铝-氢氧化铝两性的重要应用,,KEEP,「用过量NaOH溶液检验Al3+、鉴别AlCl3与MgCl2溶液、用互滴法鉴别AlCl3与NaOH」「除杂时Mg(Al)、Fe2O3(Al2O3)、Mg(OH)2[Al(OH)3]均可加足量NaOH后过滤」——与现绑『氧化铝、氢氧化铝两性的重要应用』边界的检验鉴别、分离除杂逐条对应。,
CHEMISTRY,钒及其重要化合物的性质,ext-che-6064148187-012,铝及其化合物之间的性质与应用,,KEEP,「常见图像类型包括可溶性铝盐溶液与NaOH溶液反应、偏铝酸盐溶液与盐酸反应、可溶性铝盐溶液与弱碱(氨水)反应」——图像类型清单；现绑别名含《氢氧化铝沉淀图像的三个秘诀》《铝相关混合液中反应先后顺序》，末句混合液逐滴加NaOH正对后者，保留。,
CHEMISTRY,钒及其重要化合物的性质,ext-che-64f2e7842b-004,金属的冶炼-金属矿物的开发利用,铁的制备和性质,REBIND,「设备为炼铁高炉，原料有铁矿石、焦炭、空气、石灰石」「还原剂的生成：C＋O2→CO2，CO2＋C→2CO」「炉渣的形成」——全程即高炉炼铁；包内同题《高炉炼铁的原理》现挂『铁的制备和性质』，其边界明写“涵盖工业炼铁的方法”。,
CHEMISTRY,钒及其重要化合物的性质,ext-che-71c7a426fb-018,氨的化学性质,氨,REBIND,「氨的结构为三角锥形」「极易溶于水，常温常压下1体积水约溶解700体积氨」「氨气溶于水时需防止倒吸」——全条只讲分子结构与物理性质，无化学性质内容；同题《氨的分子结构与物理性质》等 5 条现挂『氨』（边界含分子结构、物理性质）。,
CHEMISTRY,钒及其重要化合物的性质,ext-che-71c7a426fb-019,氨的化学性质,,KEEP,「蘸有浓盐酸的玻璃棒与蘸有浓氨水的玻璃棒靠近产生大量白烟(NH4Cl固体小颗粒)，可用于检验NH3」「氨的催化氧化4NH3＋5O2→4NO＋6H2O」——与现绑『氨的化学性质』别名《氨与酸反应及白烟检验》《氨的还原性与典型反应》对应。,
CHEMISTRY,钒及其重要化合物的性质,ext-che-71c7a426fb-022,铵盐及nh的检验,,KEEP,「取少量待测溶液于试管中，再加入浓的NaOH溶液并加热，产生能使湿润的红色石蕊试纸变蓝的气体」——正是现绑『铵盐及NH的检验』别名《铵根离子的检验方法》，保留。,
CHEMISTRY,钒及其重要化合物的性质,ext-che-76c7f008f4-008,氧化铝的性质与应用,,KEEP,「Al2O3是典型的两性氧化物，既能与酸反应又能与碱反应」「熔点很高，是优良耐火材料」「用途：制造耐火、耐高温器材，工业冶炼铝」——与现绑『氧化铝的性质与应用』别名《氧化铝的性质、用途与制备》对应，保留。,
CHEMISTRY,钒及其重要化合物的性质,ext-che-76c7f008f4-011,氢氧化铝的性质与制备,,KEEP,「Al(OH)3是典型的两性氢氧化物——与酸反应…与碱反应…受热分解」「吸附性强…可作净水剂；…可作胃酸中和剂」——与现绑『氢氧化铝的性质与制备』别名《氢氧化铝的两性与用途》对应，少量过量段亦在别名内。,
CHEMISTRY,钒及其重要化合物的性质,ext-che-76c7f008f4-017,铝及其化合物之间的性质与应用,,KEEP,「Al3+＋3NH3·H2O===Al(OH)3↓＋3NH4+」「双水解：Al3+与CO3^2−、HCO3−、S2−、HS−、ClO−等发生双水解」——三段均为 Al3+ 向 Al(OH)3 的转化/制取途径，正落现绑『铝及其化合物转化关系(二维图)』面；『含铝物质的制备和转化』与现绑边界同义，属节点合并问题。,
CHEMISTRY,钒及其重要化合物的性质,ext-che-76c7f008f4-018,一种重要的复盐-明矾,,KEEP,「化学式：KAl(SO4)2·12H2O」「电离方程式：KAl(SO4)2===K+＋Al3+＋2SO4^2−」「用途是Al3+水解产生Al(OH)3胶体，常用作净水剂」——组成、电离、净水与Ba(OH)2配比反应正对现绑明矾节点边界。,
CHEMISTRY,钒及其重要化合物的性质,ext-che-76c7f008f4-019,一种重要的复盐-明矾,,KEEP,「铵明矾 NH4Al(SO4)2·12H2O 与Ba(OH)2反应」「与NaOH反应分三段」——同为复盐与碱按配比/分段的反应，正对现绑边界所列『与氢氧化钡溶液不同配比下的反应』；主体为铵明矾而非钾明矾，保守保留。,
CHEMISTRY,钒及其重要化合物的性质,ext-che-7989157e15-003,硅,,KEEP,「晶体硅为灰黑色、有金属光泽、硬而脆的固体，是良好的半导体材料」「工业制法为SiO₂+2C高温Si+2CO↑，再经SiHCl₃提纯」——主体是硅单质存在、性质与制备；末段SiO2属化合物面，主体对口保留。,
CHEMISTRY,钒及其重要化合物的性质,ext-che-7b047ad8e8-037,钒及其重要化合物的性质,,KEEP,「五氧化二钒(V2O5)：可用作催化剂」「偏钒酸铵(NH4VO3)：是制备 V2O5 的重要物质」——正文即钒的重要化合物性质，现绑即靶区；审计『首句主语零词面』为口径误报，非错绑。,
CHEMISTRY,钒及其重要化合物的性质,ext-che-b038d738d4-002,钠与水及酸-碱-盐溶液的反应,,KEEP,「与水反应：2Na＋2H2O===2Na+＋2OH−＋H2↑；与盐酸、硫酸反应：2Na＋2H+===2Na+＋H2↑」「与盐溶液反应时先与水反应」——正是现绑节点名的反应面。,
CHEMISTRY,钒及其重要化合物的性质,ext-che-b038d738d4-002b,钠的制取及保存,,KEEP,「工业制取：2NaCl(熔融)→2Na＋Cl2↑」「少量钠保存在煤油中、大量钠保存在石蜡中」——制取与保存是现绑节点核心；末句用途（钠钾合金导热剂、高压钠灯）另属『钠的用途』，主体对口保留。,
CHEMISTRY,钒及其重要化合物的性质,ext-che-b038d738d4-003,钠与水及酸-碱-盐溶液的反应,,KEEP,「钠与含羟基有机物反应放出H2：2Na＋2CH3CH2OH→2CH3CH2ONa＋H2↑」「反应顺序规律：Na先与酸反应再与水反应（先酸后水）」——与乙醇对比及顺序规律在现绑边界（含乙醇剧烈度对比）内。,
CHEMISTRY,钒及其重要化合物的性质,ext-che-b038d738d4-004,过氧化钠的性质与探究,,KEEP,「遇KMnO4等强氧化剂时表现还原性（氧化产物为O2）；遇H2O、H+发生自身的氧化还原反应」「根本原因在于这些物质中都含有过氧键」——即从价态/结构分析Na2O2性质；Na2O2氧化还原材料在『过氧化钠』『na22』『na2o2的性质及应用』『性质与探究』四节点间分布，属节点合并问题。,
CHEMISTRY,钒及其重要化合物的性质,ext-che-b038d738d4-005,氢氧化钠的性质与制取,,KEEP,「NaOH俗名烧碱、火碱、苛性钠」「制取：实验室用Na2CO3＋Ca(OH)2===CaCO3↓＋2NaOH」——后半正对现绑节点名的性质与制取；前半Na2O2反应规律属另节点，双主题块各半，保守保留。,
CHEMISTRY,钒及其重要化合物的性质,ext-che-b038d738d4-010,na2co3-nahco3的应用,碳酸钠与碳酸氢钠的相互转化,REBIND,「热稳定性：Na2CO3性质稳定受热难分解；NaHCO3性质不稳定受热易分解」「相互转化：Na2CO3溶液中通入CO2生成NaHCO3」——主体是两盐性质比较与转化，现绑边界自注『限于应用列举，性质比较另见知识点』；包内同型《碳酸钠与碳酸氢钠的化学性质》现挂该节点。,
CHEMISTRY,钒及其重要化合物的性质,ext-che-b038d738d4-011,联合制碱法-侯氏制碱法,,KEEP,「反应原理：NH3＋NaCl＋CO2＋H2O===NaHCO3↓＋NH4Cl」「循环使用的物质是CO2和饱和食盐水；操作上先通氨气后通二氧化碳」——原料、原理与循环物质正对现绑节点边界。,
CHEMISTRY,钒及其重要化合物的性质,ext-che-b2f7df8b97-003,铝的化学性质,,KEEP,「铝先与强碱溶液中的水反应生成H2和Al(OH)3」「反应中Al为还原剂、水为氧化剂」——铝单质与强碱反应的两性一面，现绑节点别名正含『铝与NaOH溶液反应的机理』。,
CHEMISTRY,钒及其重要化合物的性质,ext-che-b2f7df8b97-004,氧化铝的性质与应用,,KEEP,「Al2O3＋6H+→2Al3+＋3H2O，Al2O3＋2OH-→2AlO2-＋H2O，是典型的两性氧化物」「用途：制造耐火耐高温器材、工业冶炼铝」——两性氧化物特征与用途正对现绑边界。,
CHEMISTRY,钒及其重要化合物的性质,ext-che-b2f7df8b97-005,氢氧化铝的性质与制备,,KEEP,「两性氢氧化物，Al(OH)3＋3H+→Al3+＋3H2O」「热稳定性差，2Al(OH)3→Al2O3＋3H2O」——两性与受热分解均在现绑『氢氧化铝的性质与制备』边界内。,
CHEMISTRY,钒及其重要化合物的性质,ext-che-b2f7df8b97-006,一种重要的复盐-明矾,,KEEP,「化学式为KAl(SO4)2·12H2O，属复盐」「净水原理：在水中生成氢氧化铝胶体」「Al3+恰好完全沉淀时」——组成、电离、净水与Ba(OH)2两配比反应全覆盖现绑边界。,
CHEMISTRY,钒及其重要化合物的性质,ext-che-b2f7df8b97-006b,AlCl3的结构与性质,,KEEP,「是一种共价型化合物」「都以AlCl3二聚分子形式存在」「形成配位键」——共价性、二聚与配位键正对现绑节点边界与别名。,
CHEMISTRY,钒及其重要化合物的性质,ext-che-b2f7df8b97-013,铝及其化合物之间的性质与应用,,KEEP,「制备Al(OH)3的最佳途径：向铝盐中加足量氨水」「分析离子反应顺序：向含有OH-、CO32-、AlO2-的溶液中逐滴加入稀盐酸至过量」——铝三角转化与顺序应用正对现绑边界（转化关系二维图）。,
CHEMISTRY,钒及其重要化合物的性质,ext-che-ce4f3431af-005,次氯酸和次氯酸盐,,KEEP,「HClO有强氧化性，可作自来水的杀菌消毒剂和漂白剂；HClO是弱酸」「漂白粉由Cl2与Ca(OH)2制得」——次氯酸性质与漂白粉两面均在现绑边界内。,
CHEMISTRY,铁,ext-che-5c62da9e03-321b,铁,铁的化学性质,REBIND,「与水蒸气：3Fe＋4H₂O(g)＝Fe₃O₄＋4H₂（高温）」「与少量稀硝酸：3Fe＋8H⁺＋2NO₃⁻＝3Fe²⁺＋2NO↑＋4H₂O」——全篇为铁单质参与的反应，正对『铁的化学性质』边界『铁单质参与的反应』；现绑『铁』边界只列存在形态/含量、核外排布与重要化合物。,
CHEMISTRY,铁,ext-che-6688d1895f-002,铁,,KEEP,「存在：铁在自然界中可以单质形态存在于陨铁中」「含量：铁元素在地壳中含量仅次于氧、硅和铝，居第四位」——存在形态与含量是现绑『铁』边界首项；末段物理性质为并列面，主体对口保留。,
CHEMISTRY,铁,ext-che-78beaac7a8-002,铁,,KEEP,「**存在形态**：铁在自然界中既有游离态（存在于陨石中）」「铁为 26 号元素，核外电子排布式为 $1s^22s^22p^63s^23p^63d^64s^2$」——存在形态、含量与核外电子排布均为现绑『铁』边界明列项。,
CHEMISTRY,铁,ext-che-ad9f8fb59a-004,铁,,KEEP,「①氧化物与盐酸：FeO＋2H＋=Fe2＋＋H2O」「③高温下氧化物都能被C、CO、Al还原为单质铁」「⑤Fe(OH)2制法」——氧化物与氢氧化物合讲，正落现绑『…及铁的重要化合物』总览面；专用节点各只覆盖其一半。,
CHEMISTRY,铁,ext-che-d41031ebf7-006,铁,,KEEP,「核外电子排布式为1s2 2s2 2p6 3s2 3p6 3d6 4s2」「价电子排布式为3d6 4s2」——正是现绑『铁』边界明列的核外电子排布面。,
CHEMISTRY,铁,ext-che-e30f876718-003,铁,,KEEP,「原子结构与存在：Fe的价层电子排布式为3d64s2，位于元素周期表第四周期第Ⅷ族」「化学性质：铁元素性质活泼，有较强的还原性」——结构/存在在现绑『铁』边界内，化学性质与易错为并列面，混合保留。,
CHEMISTRY,铁-铁的氧化物和氢氧化物的易错点,ext-che-10003de2c3-005,铁-铁的氧化物和氢氧化物的易错点,,KEEP,「Fe(OH)2 具有强还原性，与稀硝酸反应不是中和反应，而是氧化还原反应」「Fe(OH)3 与氢碘酸（HI）反应也不是中和反应」——正合该节点边界『氢氧化物与酸反应的辨析』。,
CHEMISTRY,铁三角-中的转化关系,ext-che-d41031ebf7-062,铁三角-中的转化关系,铁盐和亚铁盐的性质和检验易错点,REBIND,「亚铁盐溶液：加少量铁粉防止Fe2+被氧化，加少量相应的酸防止Fe2+水解」——全条讲含铁盐溶液的配制保存与制备，无一句转化关系式；包内同题材料『含铁盐溶液的配制保存与物质制备』现挂该节点，其边界明列涵盖配制保存。,slice-03
CHEMISTRY,铁与水蒸气反应的注意事项,chem-hj2-zhongliang-diding-fenxi-fa,铁与水蒸气反应的注意事项,定量测定型综合实验,REBIND,「重量分析法：将被测组分以单质或化合物形式分离后称量」「滴定分析法…分中和、氧化还原、络合、沉淀滴定四类」「气体体积法：测量生成气体体积定量分析」——即『定量测定型综合实验』边界所列三种方法。,
CHEMISTRY,铁的化学性质,chem-hj-tie-yufeijinshu-fanying,铁的化学性质,,KEEP,「与 Cl2：2Fe+3Cl2=2FeCl3（点燃，无论用量多少都生成 FeCl3）」——铁单质与非金属单质反应，属现挂节点面；上轮同条已裁 KEEP。,slice-04
CHEMISTRY,铁的化学性质,ext-che-02c28605ed-002,铁的化学性质,,KEEP,「铁具较强还原性：与盐酸、硫酸铜等弱氧化剂反应生成Fe2+，与Cl2、HNO3等强氧化剂反应生成Fe3+」——正对现挂节点『铁单质的化学性质』的变价规律面。,slice-04
CHEMISTRY,铁的化学性质,ext-che-5c62da9e03-072,铁的化学性质,,KEEP,「与盐酸、稀硫酸：Fe＋2H⁺＝Fe²⁺＋H₂↑，铁与非氧化性酸反应生成Fe²⁺」——铁单质与酸、盐溶液反应的方程式，属节点『铁单质参与的反应』。,slice-04
CHEMISTRY,铁的化学性质,ext-che-5c62da9e03-2059,铁的化学性质,,KEEP,「在高温下，铁能与水蒸气反应生成 Fe3O4 和 H2，化学方程式为 3Fe＋4H2O(g)=高温=Fe3O4＋4H2」——正文讲的就是铁单质参与的反应，正落在现绑节点边界『铁单质参与的反应』内；标题为节标题，不作否决依据。,slice-04
CHEMISTRY,铁的化学性质,ext-che-5c62da9e03-314b,铁的化学性质,fe2-与fe3-的相互转化,REBIND,「Fe³⁺被还原：2Fe³⁺＋H₂S＝2Fe²⁺＋S↓＋2H⁺」与「2Fe²⁺＋Cl₂＝2Fe³⁺＋2Cl⁻」——两组方程式就是 Fe2＋与 Fe3＋的相互转化，该节点现存《亚铁离子与铁离子的相互转化》等同类材料；现绑『铁的化学性质』边界明写『区别于铁的化合物性质』，正文无铁单质。,slice-04
CHEMISTRY,铁的化学性质,ext-che-5c62da9e03-316b,铁的化学性质,铁盐和亚铁盐的性质和检验易错点,REBIND,「Fe³⁺与碱：Fe³⁺＋3NH₃·H₂O＝Fe(OH)₃↓＋3NH₄⁺」与「Fe²⁺与碱：Fe²⁺＋2OH⁻＝Fe(OH)₂↓（白色）」——正文是铁盐、亚铁盐与碱及酸式盐反应的性质，正对候选节点名；现绑『铁的化学性质』只讲铁单质。,slice-04
CHEMISTRY,铁的化学性质,ext-che-64f2e7842b-003,铁的化学性质,,KEEP,「与非氧化性酸(稀盐酸、稀硫酸)反应生成Fe2+和H2」与「常温下铁遇冷的浓硝酸、浓硫酸钝化」——通篇是铁单质与酸、盐溶液的反应及钝化，属节点边界『铁单质参与的反应』。,slice-04
CHEMISTRY,铁的化学性质,ext-che-76d46e393c-031,铁的化学性质,,KEEP,「Fe与少量稀HNO3反应生成Fe2+：3Fe+2NO3-+8H+=3Fe2++2NO↑+4H2O」——讲铁单质与稀硝酸的用量—产物规律（铁过量最终得Fe2+），正是节点面。,slice-04
CHEMISTRY,铁的化学性质,ext-che-7b047ad8e8-005,铁的化学性质,,KEEP,「钝化：Fe 遇冷的浓硝酸、浓硫酸发生钝化，钝化属于化学变化」与「Fe 与过量稀硝酸反应生成 Fe3+，与少量稀硝酸反应生成 Fe2+」——钝化与用量两条均属铁单质易错，共存一条为铁离子延伸，整体保留。,slice-04
CHEMISTRY,铁的化学性质,ext-che-ad9f8fb59a-003,铁的化学性质,,KEEP,「铁与一般氧化剂（如S、HCl、FeCl3、CuSO4、I2等）反应时被氧化为Fe2＋」——讲铁单质与不同氧化剂反应时的价态判断，正是节点面。,slice-04
CHEMISTRY,铁的化学性质,ext-che-ef695f366a-001,铁的化学性质,,KEEP,「Fe的价电子排布为3d6 4s2，位于第4周期第Ⅷ族，还原性较强，失电子生成+2或+3价」——铁单质还原性在节点面内；后段铁的氧化物为并列面，混合但含本节点内容，保守保留。,slice-04
CHEMISTRY,铁的氢氧化物,ext-che-5c62da9e03-2064,铁的氢氧化物,,KEEP,「①颜色和溶解性：Fe(OH)2 为白色固体、难溶；Fe(OH)3 为红褐色固体、难溶」「④制备与转化：Fe2+＋2OH−＝Fe(OH)2↓」——两种铁氢氧化物的对比，落在现绑节点。,
CHEMISTRY,铁的氢氧化物,ext-che-78beaac7a8-005,铁的氢氧化物,,KEEP,「Fe(OH)2 是白色难溶固体」「Fe(OH)3 是红褐色难溶固体」「Fe(OH)2 在空气中被氧气氧化…最终变为红褐色」——性质与转化，属现绑『铁的氢氧化物』。,
CHEMISTRY,铁的氢氧化物,ext-che-7b047ad8e8-048,硒、碲及其化合物的性质,,KEEP,「H2Se、H2Te 水溶液的酸性强于 H2S」「Se、Te 分别在空气中燃烧生成 SeO2、TeO2」——正文全讲硒碲，与现绑『硒、碲及其化合物的性质』相符；靶区『铁的氢氧化物』仅由『的氢』二字机械命中。,
CHEMISTRY,铁的氢氧化物,ext-che-d41031ebf7-015,铁的氢氧化物,,KEEP,「颜色状态：Fe(OH)2为白色固体，Fe(OH)3为红褐色固体，两者都难溶于水」「受热分解：Fe(OH)3受热分解生成Fe2O3和水」——两种铁氢氧化物的对比，正合现绑节点。,
CHEMISTRY,铁的氢氧化物,ext-che-d46a1fe501-004b,铁的氢氧化物,,KEEP,「Fe(OH)2是白色沉淀，在空气中迅速被氧化」「Fe(OH)3是红褐色沉淀，较稳定，受热分解」「Fe(OH)2的制备要严格隔绝氧气」——性质与制备，符合节点边界。,
CHEMISTRY,铁的氢氧化物的稳定性,chem-enthalpy-of-combustion-definition,铁的氢氧化物的稳定性,燃烧热,REBIND,「在25℃、101 kPa下，1 mol纯物质完全燃烧生成稳定的氧化物所放出的热量为燃烧热」——正文即『燃烧热』定义；权威表所写『燃烧热-x1』已 MERGE 并入现存 slug『燃烧热』。,
CHEMISTRY,铁的氢氧化物的稳定性,chem-feoh2-oxidation-color-change,铁的氢氧化物的稳定性,,KEEP,「4Fe(OH)2+O2+2H2O=4Fe(OH)3」「现象：白色沉淀迅速变为灰绿色，最后变为红褐色」——正合节点『侧重氢氧化亚铁在空气中被氧化变色』。,
CHEMISTRY,铁的氢氧化物的稳定性,chem-preparation-five-property-control,铁的氢氧化物的稳定性,物质制备流程与条件控制,REBIND,「①根据物质的沸点、热稳定性，选择合适的反应温度」「②根据H2O2等的热不稳定性，选择合适的催化剂及控温（冷却）方式」——通篇是物质制备的条件控制，与铁氢氧化物无关。,
CHEMISTRY,铁的氢氧化物的稳定性,ext-che-c9252b0263-011,铁的氢氧化物的稳定性,,KEEP,「Fe²⁺ 与 OH⁻ 反应先生成白色 Fe(OH)2 沉淀」「Fe(OH)2 被空气中的 O2 迅速氧化为 Fe(OH)3」——正是节点所辖的氢氧化亚铁氧化变色与转化。,
CHEMISTRY,铁的氧化物,ext-che-d41031ebf7-013,铁的氧化物,,KEEP,「颜色状态：FeO为黑色粉末，Fe2O3为红棕色粉末…Fe3O4为黑色晶体且有磁性」「Fe3O4溶于酸同时生成Fe3+和Fe2+」——三种铁的氧化物比较，落在现绑节点。,
CHEMISTRY,铁盐,ext-che-500c33e244-010,铁盐,,KEEP,「Fe3+ 具有较强的氧化性」「含有 Fe3+ 的盐溶液遇到 KSCN 溶液时变成红色」「把其饱和溶液滴入沸水中可制备氢氧化铁胶体」——即节点边界的氧化性、特性与水解。,
CHEMISTRY,铁盐,ext-che-78beaac7a8-012,铁盐,,KEEP,「Fe3+ 处于铁的高价态，只表现氧化性」「Fe3+ 极易水解，只能存在于酸性较强的溶液中」「遇 KSCN 溶液变红色」——节点边界的氧化性、强烈水解与特性。,
CHEMISTRY,铁盐,ext-che-aaecb28e19-003,铁盐,,KEEP,「①实验室把饱和 FeCl3 溶液滴入沸水中制取氢氧化铁胶体」「③实验室配制氯化铁溶液时…以抑制水解」——Fe3+水解的应用，属现绑『铁盐』所含强烈水解。,
CHEMISTRY,铁盐和亚铁盐的性质和检验易错点,ext-che-d46a1fe501-013b,铁盐和亚铁盐的性质和检验易错点,,KEEP,「Fe2+具有还原性，与NO3-(H+)、ClO-…不能大量共存」「Fe3+与SCN-因发生络合反应不能大量共存」——节点边界明列『离子共存判断』。,
CHEMISTRY,铁盐和亚铁盐的性质和检验易错点,ext-che-d46a1fe501-014,铁盐和亚铁盐的性质和检验易错点,有关铁及其化合物的除杂,REBIND,「除Fe3+的步骤：…使溶液的pH调至3～4，使Fe3+水解生成Fe(OH)3沉淀而除去」「除去CuCl2溶液中的Fe2+，先加入H2O2…加入足量CuO」——调pH除铁与铜盐溶液除铁，正合『有关铁及其化合物的除杂』边界。,
CHEMISTRY,铁盐的性质及应用,ext-che-5c62da9e03-2082,铁盐的性质及应用,,KEEP,「利用 2Fe3+＋Cu＝2Fe2+＋Cu2+，把 FeCl3 溶液作为腐蚀液，将覆铜板上不需要的铜腐蚀」——节点边界的『铁盐腐蚀铜箔等实际用途』。,
CHEMISTRY,铁盐的性质及应用,ext-che-5c62da9e03-2088,铁盐的性质及应用,,KEEP,「Fe3+ 具有较强氧化性，可被还原为 Fe2+ 或 Fe：遇 Fe、Cu、I−、S2− 等生成 Fe2+」——即该节点所讲 Fe3+ 的氧化性。,
CHEMISTRY,铁盐的性质及应用,ext-che-73b7eaed81-003,铁盐的性质及应用,,KEEP,「Fe3+ 具有较强氧化性，能与 S2-、I-、HS-、SO3^2- 等…不能大量共存」「Fe3+ 可腐蚀印刷电路板上的铜箔」——节点边界的氧化性与离子共存。,
CHEMISTRY,铁盐的性质及应用,ext-che-ddb9d51475-012,铁盐的性质及应用,,KEEP,「Fe3+具较强氧化性，可氧化SO32−、I−等」「含有Fe3+的盐溶液遇到KSCN溶液时变成红色」「FeCl3易水解」——氧化性、显色与水解，属现绑节点。,
CHEMISTRY,铁盐的性质及应用,wusan-chem-b1c3-ferric-chloride-etching,铁盐的性质及应用,,KEEP,「电子工业常用 30% 的 FeCl₃ 溶液腐蚀敷在绝缘板上的铜箔，制造印刷电路板」——即节点边界的铁盐腐蚀铜箔用途。,
CHEMISTRY,铜及其化合物的性质,ext-che-2924184449-002,铜及其化合物的性质,,KEEP,「铜位于第4周期ⅠB族，是变价金属（+1、+2）」「冶炼：湿法炼铜」「高温炼铜」——铜单质性质与冶炼，落在现绑伞节点。,
CHEMISTRY,铜及其化合物的性质,ext-che-3487af30b2-001,铜及其化合物的性质,,KEEP,「Cu(OH)2受热分解为CuO，能与酸反应，也能被醛基还原生成Cu2O沉淀」「区别Cu与Cu2O可加稀硫酸，溶液变蓝者为Cu2O」——铜的化合物性质，属现绑节点范围。,
CHEMISTRY,铜及其化合物的性质,ext-che-6299d8c952-005,铜及其化合物的性质,,KEEP,「②＋1价铜在酸性条件下能发生歧化反应生成Cu和Cu2＋，利用这一原理可区别Cu和Cu2O」——逐字落在该节点边界第(2)条。,
CHEMISTRY,铜及其化合物的性质,ext-che-a4da4e924e-006b,铜及其化合物的性质,,KEEP,「Cu2O：砖红色固体，难溶于水。化学性质包括：与非氧化性酸（如稀硫酸）发生歧化反应」「CuO：黑色固体…具有氧化性」——铜的氧化物性质即铜的化合物面；现绑节点名下已存《氧化铜与氧化亚铜的性质》同题材料，且无专设铜氧化物节点可改绑。,
CHEMISTRY,铜及其化合物的性质,ext-che-c7ac79563c-005b,铜及其化合物的性质,,KEEP,「＋1价的铜在酸性条件下能发生歧化反应生成Cu和Cu2＋」「向红色物质中加入稀硫酸，若溶液由无色变成蓝色，则该红色物质为Cu2O」——与现绑边界(2)②逐字对应；同题《＋1价铜的歧化与Cu、Cu2O的鉴别》已在该节点。,
CHEMISTRY,铜及其化合物的性质,ext-che-c8f0c72345-022,铜及其化合物的性质,氢氧化铜,REBIND,「$\mathrm{Cu(OH)_2}$ 是蓝色难溶氢氧化物，它的溶解性有两面」——全条是 Cu(OH)2 自身性质；现绑边界只列 Cu 与 Cu2O、无水 CuSO4。,
CHEMISTRY,铜及其化合物的易错点,ext-che-3b8d34b524-005b,铜及其化合物的易错点,,KEEP,「氧化亚铜为砖红色固体，与稀硝酸等氧化性酸反应时…需按电子守恒配平；Cu2O不是两性氧化物」——性质与鉴别中的易错环节，正对现绑边界『梳理其性质与反应中的主要易错环节』。,
CHEMISTRY,铜及其化合物的易错点,ext-che-76d46e393c-064,铜及其化合物的易错点,,KEEP,「铜与氧化性弱的S反应生成+1价铜的化合物（Cu2S），不能写成CuS」——产物价态判断属现绑边界『主要易错环节』；亦可读入「单质铜的化学性质」（与Cl2/O2/S反应），现绑不算明显错，保守保留。,
CHEMISTRY,铜的冶炼,chem-hj-tong-de-cunzai-yelian,忽视溶液中水的存在,铜的冶炼,REBIND,「火法炼铜：2CuFeS2+4O2=Cu2S+3SO2+2FeO…电解精炼：粗铜（99.5%~99.7%）作阳极…得99.95%~99.98%的铜」——冶炼三线正是「铜的冶炼」；现绑『忽视溶液中水的存在』讲数溶剂水原子，与正文零交集。,
CHEMISTRY,铜的冶炼,chem-hj2-tong-kuangwu-paibu-dianzi,基态原子核外电子排布的表示方法,铜的冶炼,REBIND,「冶炼：湿法炼铜Fe+CuSO4=FeSO4+Cu；火法冶炼黄铜矿得粗铜再电解精炼」——矿石存在与冶炼属「铜的冶炼」；现绑『基态原子核外电子排布的表示方法』边界明限『表示方法本身』，本条只是陈述铜的排布。,
CHEMISTRY,铜的冶炼,ext-che-084a704b8f-003b,金属的冶炼-金属矿物的开发利用,铜的冶炼,REBIND,「火法炼铜：工业上用高温冶炼黄铜矿的方法获得粗铜…所得粗铜中铜的含量约为 99.5%～99.7%…需要进一步电解精炼」——全条铜的冶炼；专节点「铜的冶炼」边界正含粗铜电解精炼与阳极泥，现绑为泛冶炼节点。,
CHEMISTRY,铜的冶炼,ext-che-2924184449-003,铜的冶炼,,KEEP,「粗铜含Ag、Zn、Fe、Au等杂质，电解精炼可得到纯度99.95%～99.98%的铜。原理：粗铜作阳极…纯铜棒作阴极」——正对现绑边界『必须经电解精炼才得到精铜』；同题材料已在该节点。,
CHEMISTRY,铜的冶炼,ext-che-3b8d34b524-004,金属的冶炼-金属矿物的开发利用,铜的冶炼,REBIND,「湿法炼铜即铁置换铜…电解精炼铜：以粗铜作阳极、纯铜棒作阴极…比铜不活泼的银、金不溶解，以阳极泥形式沉降」——与「铜的冶炼」边界逐句相合；现绑「金属的冶炼」以电冶金原料选择易混点为主。,
CHEMISTRY,铜盐,chem-hj-f116-so2-yutieyan-yutongyan,钠与水及酸-碱-盐溶液的反应,二氧化硫,REBIND,「SO2 使品红褪色是化合漂白，加热可复原」「与卤素水溶液：SO2+X2+2H2O=H2SO4+2HX」——通篇是 SO2 的还原性与漂白，卤素、品红两条无铜铁；现绑『钠与水及酸-碱-盐溶液的反应』全文无钠。,
CHEMISTRY,铜盐,ext-che-6299d8c952-007,铜盐,铜及其化合物的性质,REBIND,「④鉴别红色物质Cu与Cu2O：加稀硫酸后溶液由无色变蓝色者为Cu2O」「⑤无水硫酸铜遇水变蓝，只用于检验水」——六条中④⑤正对现绑「铜盐」所无的该节点边界(2)②(3)；同题《铜及其化合物的应用》已在该节点。,
CHEMISTRY,铜盐,ext-che-76d46e393c-065,铜盐,,KEEP,「无水CuSO4遇水变蓝色（生成CuSO4·5H2O），可用于检验水」——无水硫酸铜是常见铜盐，其性质与用途正落现绑边界；Cu2O 半条亦可归「铜及其化合物的性质」，两节点重叠，保守保留。,
CHEMISTRY,铜盐,ext-che-aaecb28e19-006,有关铁及其化合物的除杂,,KEEP,「向混合溶液中加入 CuO、Cu(OH)2 或 Cu2(OH)2CO3…促进 Fe3＋ 的水解，把 Fe3＋ 转化为 Fe(OH)3 沉淀而除去」——正是现绑边界『梳理调pH除铁等主要方法与试剂选择』；审计按标题改指「铜盐」不成立。,
CHEMISTRY,铝土矿提纯的酸溶法,ext-che-089c778d20-017,从铝土矿提纯al2o3-碱溶法-的工艺流程,,KEEP,「碱溶步骤的离子方程式：Al2O3＋2OH⁻===2[Al(OH)4]⁻」「碳酸化步骤：[Al(OH)4]⁻＋CO2＋2H2O===Al(OH)3↓＋HCO3⁻」——全条碱溶法流程，正对现绑节点；审计指「铝土矿提纯的酸溶法」系共享词面误配。,
CHEMISTRY,铝土矿提纯的酸溶法,ext-che-1ced0078c6-027,从铝土矿提纯al2o3-碱溶法-的工艺流程,,KEEP,「酸化：AlO2－＋CO2＋2H2O===Al(OH)3↓＋HCO3－」「不用盐酸或H2SO4酸化：…Al(OH)3具有两性、可溶于强酸」——碱溶法试剂选择与缘由，正对现绑节点（碱溶除杂、沉淀与煅烧各环节）。,
CHEMISTRY,铝土矿提纯的酸溶法,ext-che-2a6b2482d9-004b,从铝土矿提纯al2o3-碱溶法-的工艺流程,,KEEP,「①向铝土矿中加入足量 NaOH 溶液，Al₂O₃ 溶解生成 NaAlO₂…②向滤液中通入过量 CO₂，使 AlO₂⁻ 转化为 Al(OH)₃ 沉淀」——碱溶法全流程，正落现绑「从铝土矿提纯Al2O3(碱溶法)的工艺流程」。,
CHEMISTRY,铝土矿提纯的酸溶法,ext-che-947add6b4a-022,从铝土矿提纯al2o3-碱溶法-的工艺流程,,KEEP,「碱溶法：铝土矿…加 NaOH 溶液时 Al2O3、SiO2 溶解…Fe2O3 不溶而过滤除去；再通入 CO2 酸化」——通篇碱溶法步骤与试剂缘由；审计建议的「酸溶法」只共享『铝土矿/溶法』词面。,
CHEMISTRY,铝土矿提纯的酸溶法,ext-che-947add6b4a-023,含铝物质的制备和转化,铝土矿提纯的酸溶法,REBIND,「酸溶法：先把铝土矿用盐酸（或硫酸）溶解…再加入过量 NaOH 溶液…向含铝滤液中通入 CO2 得 Al(OH)3 沉淀」——正对候选节点与其边界（沉铝/除杂/不用氨水）；现绑边界明写『与铝土矿提纯的具体流程相区别』。,
CHEMISTRY,铝土矿提纯的酸溶法,ext-che-f8a0fba5e9-024,从铝土矿提纯al2o3-碱溶法-的工艺流程,,KEEP,「①碱溶：Al2O3＋2OH－=2AlO2－＋H2O，SiO2＋2OH－=SiO32－＋H2O；②通足量CO2：AlO2－＋CO2＋2H2O=Al(OH)3↓＋HCO3－」——碱溶法关键反应与试剂理由，正对现绑节点。,
CHEMISTRY,铝热反应,chem-hj-lv-yushui-jie-suanyan-fanying,中学化学中常见的既能与盐酸反应-又能与naoh溶液反应的物质,铝的化学性质,REBIND,「NH4Cl 溶液中 NH4+ 水解显酸性，铝片表面产生大量气泡，气体是 H2」「铝制餐具不能长时间存放酸性或碱性食物」——铝与酸/碱及钝化面，正对「铝的化学性质」；现绑是罗列清单的节点，正文无清单。,
CHEMISTRY,铝热反应,chem-hj-lvre-fanying,氧化还原反应规律及其应用,铝热反应,REBIND,「原理：Fe2O3+2Al=2Fe+Al2O3（高温），放出大量热…野外焊接钢轨…不能与 MgO 反应」——全条铝热反应；现绑「氧化还原反应规律及其应用」边界只讲强弱/先后/价态规律，与正文零交集。,
CHEMISTRY,铝热反应,chem-hj-lvre-fanying-caozuo-yaodian,铝的化学性质,,KEEP,「内层纸漏斗底部剪个小孔使熔融物易于落下…蒸发皿盛沙防止…镁条燃烧制造高温引发氯酸钾分解」——铝热反应操作要点；现绑「铝的化学性质」边界明确含『以及铝热反应』，可框住本条，属节点重叠而非错绑。,
CHEMISTRY,铝热反应,ext-che-1ced0078c6-004,铝的制备和用途,,KEEP,「①铝的制备：电解熔融氧化铝…加入冰晶石(Na3AlF6)作助熔剂…②用途：纯铝用作导线，铝合金用于制造汽车、飞机」——制备与用途正对现绑边界；铝热反应与钝化两段另属他节点，混合材料保守保留。,
CHEMISTRY,铝热反应,ext-che-29b4143ea2-004,铝及其化合物之间的性质与应用,铝的化学性质,REBIND,「铝是活泼金属但抗腐蚀性能强，原因是常温下铝与O2反应生成一层致密的氧化物薄膜」「铝还能与碱溶液反应…2Al+2OH-+6H2O=2[Al(OH)4]-+3H2」——铝单质性质正对「铝的化学性质」；现绑边界限转化关系二维图。,
CHEMISTRY,铝热反应,ext-che-3c4c35875f-014,金属材料和金属的冶炼易错点,铝热反应,REBIND,原句「铝热反应不能用来大量冶炼铁、铜等金属，因为要考虑冶炼成本」「铝只能与金属活动性顺序中排在铝之后的金属的氧化物反应」几乎即靶区节点边界；同文材料 2924184449-017「铝热反应与特殊金属的冶炼」已挂该节点。,
CHEMISTRY,铝热反应,ext-che-6064148187-003b,铝的制备和用途,,KEEP,混编：「①工业制铝采用电解熔融Al2O3的方法…加入冰晶石作熔剂」「④纯铝用作导线」即现绑节点内容；②③铝热段与靶区池内 9ff550d63a-005（铝热剂、焊接钢轨）同题重复，同型材料 1ced0078c6-004 亦在现绑节点。,
CHEMISTRY,铝盐与碱反应的图像分析,ext-che-ded43bede2-013,配比型离子方程式的书写-少定多变法,,KEEP,原句「“定一法”书写酸式盐与碱反应的方程式：①根据相对量把少量物质定为1mol…③按“先中和后沉淀”的思路书写」＝现绑边界（酸式盐与碱、碳酸氢钙体系、计量比）；正文无铝盐、无图像，靶区匹配是「盐与」二字假阳性。,
CHEMISTRY,铬及其重要化合物的性质,ext-che-15fcabc7cf-031,化工流程题的分析模型,,KEEP,材料是「钒＋铬」两元素合板：原句「五氧化二钒（V2O5）：可用作催化剂」「铬的常见化合价：+6、+3、+2」；铬半段与现挂铬节点的 7b047ad8e8-038 几乎同文，单半段不足改绑，现绑别名即收此族。,
CHEMISTRY,铬及其重要化合物的性质,ext-che-5c62da9e03-085,铬及其重要化合物的性质,,KEEP,原句「Cr³⁺的性质：在酸性条件下稳定，只有强氧化剂才能把它氧化」「碱性溶液中CrO₂⁻可被H₂O₂氧化为CrO₄²⁻」＝现绑边界「Cr(Ⅲ)在酸性条件下难被氧化、碱性条件下易被氧化，判断产物要结合介质」。,
CHEMISTRY,锰及其化合物的性质,ext-che-5c62da9e03-085b,锰及其化合物的性质,,KEEP,原句「Mn²⁺的稳定性：在酸性溶液中稳定性强于碱性溶液；酸性条件下很难被氧化，只有强氧化剂才能将其氧化」＝现绑边界「Mn(Ⅱ)在酸性条件下难氧化、碱性条件下易氧化」；标题措辞不同不算错。,
CHEMISTRY,锰酸盐与高锰酸钾的氧化性规律,ext-che-5c62da9e03-086,锰酸盐与高锰酸钾的氧化性规律,,KEEP,原句「酸性介质：MnO₄⁻…本身被还原为Mn²⁺」「碱性、中性或弱酸性介质：MnO₄⁻…被还原为MnO₂」及「2KMnO₄＝K₂MnO₄＋MnO₂＋O₂↑（△）」＝现绑边界（还原产物随介质而异、KMnO₄受热易分解）。,
CHEMISTRY,镁及其化合物的难点释疑,ext-che-2a6b2482d9-018,镁及其化合物的难点释疑,,KEEP,原句「Mg(OH)₂的溶解度比MgCO₃更小，即更难溶，因此在水溶液中加热可使MgCO₃转化为Mg(OH)₂」＝现绑节点别名「氢氧化镁与碳酸镁的转化」，边界明写此为难点之一。,
CHEMISTRY,镁及其化合物的难点释疑,ext-che-653cb0b8e0-004,镁及其化合物的难点释疑,,KEEP,原句「误认为Mg能与冷水剧烈反应，实际仅与热水反应」「必须在HCl气流中加热以防MgCl2水解」等全为难点/易错辨析，正合现绑节点「范围以难点辨析为主」的定位。,
CHEMISTRY,镁及其化合物的难点释疑,ext-che-8200320f62-009c,镁及其化合物的难点释疑,,KEEP,正文即「六条疑难解析」：原句「3. 由于Mg(OH)₂的溶解度比MgCO₃小，碳酸镁水解生成氢氧化镁…故水垢的主要成分中含有Mg(OH)₂而非MgCO₃」，条条对现绑「难点释疑」。,
CHEMISTRY,镁及其化合物的难点释疑,ext-che-c16f7b5af8-011,镁及其化合物的难点释疑,,KEEP,原句「④由MgCl2·6H2O制取无水MgCl2必须在HCl气流中加热，以抑制MgCl2水解」「Mg3N2遇水剧烈反应…只能在干态下制取」＝难点辨析，与257-259同族材料一致挂此节点。,
CHEMISTRY,镁的化学性质,chem-fx-you-yu-neng-gou-zai-zhong-ran-shao-f17x09,镁的化学性质,,KEEP,正文「镁在CO2中燃烧」与「Mg能够在CO2中燃烧」正合现绑「镁的化学性质」边界（镁燃烧特点与灭火注意），后段铝与酸碱反应另属铝节点；独立复核推翻原 NONE（解绑会摘掉一条正绑材料）。,slice-04
CHEMISTRY,镁的化学性质,ext-che-29b4143ea2-004b,镁的化学性质,,KEEP,「镁在空气中燃烧除了与O2反应生成MgO外，还会与N2反应生成Mg3N2、与CO2反应生成C和MgO」——节点边界明列镁燃烧的特点与灭火注意事项。,slice-04
CHEMISTRY,镁的化学性质,ext-che-5c62da9e03-318c,镁的化学性质,,KEEP,「2Mg＋O₂＝2MgO（点燃）；3Mg＋N₂＝Mg₃N₂（点燃）；2Mg＋CO₂＝C＋2MgO（点燃）」为主体；钙化合物段无对应节点可指，混合但主体对口，保守保留。,slice-04
CHEMISTRY,镁的化学性质,ext-che-97a64ae5f0-025,镁的化学性质,,KEEP,「镁单质用于制造信号弹和焰火；镁合金用于制造火箭、导弹和飞机部件」——镁及其化合物的用途，节点别名含『镁及其化合物的性质与用途』。,slice-04
CHEMISTRY,镁的化学性质,ext-che-9ff550d63a-001,镁的化学性质,,KEEP,「镁着火不能用CO2灭火，与沸水反应生成Mg(OH)2和H2」——原子结构一句为前引，主体是镁单质与O2、N2、Cl2、CO2、水、酸的反应。,slice-04
CHEMISTRY,镁的化学性质,ext-che-aa594dae5a-002,镁的化学性质,,KEEP,「②与非金属：2Mg＋O2—→2MgO（耀眼白光）」与「④与 H2O：Mg＋2H2O—→Mg(OH)2＋H2↑」——六条均镁单质反应，末句用途为收尾，未改对象。,slice-04
CHEMISTRY,镁的重要化合物,chem-hj-tong-huahewu-yongtu,镁的重要化合物,铜及其化合物的性质,REBIND,正文全为铜化合物：原句「CuO：黑色难溶固体，可被H2、CO、Al还原为Cu」「Cu2O：砖红色…胆矾CuSO4·5H2O…碱式碳酸铜：绿色…波尔多液」，与现绑「镁的重要化合物」无一字相关；目标节点别名含「铜的重要化合物」。,
MATH,函数图象的翻折变换,ext-mat-099e7ba140-001,函数图象的变换,,KEEP,「平移：对自变量x整体左加右减」与「翻折：y＝|f(x)| 把x轴下方图象翻到上方」——正文平移、对称、伸缩、翻折四类并列，比『函数图象的翻折变换』宽；现绑『函数图象的变换』即四类变换节点，改指不成立。,slice-07
MATH,函数图象的翻折变换,ext-mat-836a6bd54f-002,函数图象的变换,,KEEP,「函数图象的变换有四类。」与「（4）翻折变换：把 $y=f(x)$ 的图象在 $x$ 轴下方的部分沿 $x$ 轴翻折上去」——四类齐备、比翻折节点宽，现绑『函数图象的变换』对口。,slice-07
MATH,函数图象的翻折变换,ext-mat-91e0c2ace8-016b,函数图象的翻折变换,,KEEP,「只需把 $f(x)$ 图象中 $f(x)<0$ 部分的图形沿 $x$ 轴翻折上来，并抹去原 $f(x)<0$ 部分的图形」——正是翻折节点本体面（两处绝对值翻折）。,slice-07
MATH,函数图象的翻折变换,math-hj-s210-graph-fold,函数的对称性,,KEEP,「1. $y=\lvert f(x)\rvert$：$x$ 轴下方部分沿 $x$ 轴翻折。」与「3. $y=f(2a-x)$ 与 $y=f(x)$ 关于直线 $x=a$ 对称。」——三条中两翻折一互对称、跨两节点，无单一明显归属，保守保留。,slice-07
MATH,函数图象的翻折变换,math-hj-tuxiang-duichen-shensuo-bianhuan,函数的对称性,,KEEP,「对称：$y=-f(x)$ 关于 $x$ 轴，$y=f(-x)$ 关于 $y$ 轴，$y=-f(-x)$ 关于原点」——三类变换并列、比翻折节点宽；含对称性内容，现绑『函数的对称性』不算明显错，保守保留。,slice-07
MATH,对勾函数,ext-mat-380795a552-019,对勾函数,,KEEP,「f(x)的最小值为f(√k)=2√k」——正文按 √k 是否落在给定区间内分三种情形讨论 f(x)=x+k/x 的最值，即对勾函数模型的区间最值，正对现绑且为本轮靶区的「对勾函数」；出处是 §1.4 基本不等式，标题措辞不作否决依据。,slice-07
MATH,对勾函数,ext-mat-47f6cc7b06-001c,解三角形中的最值与范围问题,,KEEP,「看到 $\sin B+\frac{k}{\sin B}$ 先想到基本不等式，但求的是取值范围而不是最值，所以要换元后用对勾函数的单调性逐段求值域」——这正是现绑「解三角形中的最值与范围问题」边界列出的第二类方法；对勾函数只是工具，改绑靶区不对口。,slice-07
MATH,对勾函数,ext-mat-a0656377b5-001,根据零点个数求参数的方法,,KEEP,「方程 $t+\frac{4}{t}=m$ 有两个不同的正实根，等价于对勾函数 $g(t)=t+\frac{4}{t}$（$t>0$）的图象与水平直线 $y=m$ 有两个交点」——正文是“已知方程根的个数求参数”的分离参数＋数形结合实例，属现绑节点；对勾函数只作值域工具，保守维持。,slice-07
MATH,对勾函数,ext-mat-c0a639908a-002,解三角形中的最值与范围问题,,KEEP,「要点：看到 $\sin B+\frac{k}{\sin B}$ 先想到基本不等式，但求的是取值范围而不是最值，所以要换元后用对勾函数的单调性逐段求值域」——全篇是解三角形范围题的边化角＋换元流程，属现绑「解三角形中的最值与范围问题」（别名含本材料标题）；靶区只是所用工具。,slice-07
MATH,对勾函数,math-fx-duigou-jianjin-jizhi,双曲线的渐近线,对勾函数,REBIND,「基本形 $y=x+\dfrac{a}{x}$（$a>0$）：奇函数；垂直渐近线 $x=0$，斜渐近线 $y=x$；极值点 $x=\pm\sqrt{a}$」——正文讲对勾函数的渐近线、极值点与系数符号，属「对勾函数」（别名“对勾函数的图象与性质”）；现绑「双曲线的渐近线」只借到“渐近线”一词。,slice-07
MATH,对勾函数,math-hj-s14-hook-function,三角函数的图象与性质,对勾函数,REBIND,「区间限制使等号取不到时，最值在区间端点取得」——配合首条 $y=x+\dfrac{a}{x}$（$a>0$）在 $x=\sqrt{a}$ 处取最小值 $2\sqrt{a}$，正文全篇是对勾函数的图象与最值，属靶区「对勾函数」；现绑「三角函数的图象与性质」与正文无关。,slice-07
MATH,对勾函数,math-mo-duigou-hanshu-tuxiang-yaosu,三角函数的图象与性质,对勾函数,REBIND,「在第一象限的极小值点由 $ax=\dfrac{b}{x}$ 解得 $x=\sqrt{\dfrac{b}{a}}$」——正文即对勾函数 $y=ax+b/x$ 的图象要素（渐近线与极值点），属靶区「对勾函数」；现绑「三角函数的图象与性质」与正文无关。,slice-07
MATH,斐波那契数列,ext-mat-11b718ab0f-023c,余数列周期性,,KEEP,「除以 2：余数列 1，1，0，… 的周期为 3；除以 3：余数列 1，1，2，0，2，2，1，0，… 的周期为 8；除以 4：… 的周期为 6」——与现绑「余数列周期性」边界三条逐一对应；斐波那契只是来源数列，不改变归属。,slice-08
MATH,斐波那契数列,ext-mat-f80078ac75-009b,余数列周期性,,KEEP,「被2除的余数列周期为3。被3除的余数列周期为8。被4除的余数列周期为6」——与现绑「余数列周期性」边界三条完全相同；标题里的“斐波那契数列”只是上游数列名，不是本材料的知识点。,slice-08
MATH,方程组法-主要解决已知与-的方程-求解析式,ext-mat-289deb9ecd-972,两条直线的位置关系,,KEEP,「方程组有一组解等价于两直线相交（一个公共点）；有无数组解等价于重合（无数个公共点）；无解等价于平行（零个公共点）」——正文即两直线交点与方程组解的关系，属现绑「两条直线的位置关系」；靶区「方程组法」指由 f(x) 与 f(−x) 求解析式，不是一回事。,slice-07
MATH,方程组法-主要解决已知与-的方程-求解析式,ext-mat-62744ff0cf-002b,两曲线的公切线问题,,KEEP,「在两条曲线上各设一个切点，由“斜率相等”与“切线是同一条直线”列两个方程」（摘要）——正文给出公切线的设点、消元模板与例题，属现绑「两曲线的公切线问题」；靶区「方程组法」是函数解析式的对称型方程组法，仅词面重合。,slice-07
MATH,方程组法-主要解决已知与-的方程-求解析式,ext-mat-988d1addfc-003,两条直线的位置关系,,KEEP,「点 $P$ 的坐标既满足直线 $l_1$ 的方程，也满足直线 $l_2$ 的方程，即点 $P$ 的坐标就是二元一次方程组的解」——正文即两直线交点与方程组解，属现绑「两条直线的位置关系」；靶区「方程组法」不对口。,slice-07
MATH,方程组法-主要解决已知与-的方程-求解析式,ext-mat-dd02e94fd0-005,弦中点与点差法,,KEEP,「选择原则：题中已给出中点坐标或弦的斜率时优先用点差法（运算量小）；条件零散、需要同时控制判别式时用方程组法更稳」——正文讲中点弦问题的两种解法，属现绑「弦中点与点差法」（别名“中点弦问题的两种解法”）；靶区仅词面重合。,slice-07
MATH,方程组法-主要解决已知与-的方程-求解析式,ext-mat-efcda6ad77-001,两条直线的位置关系,,KEEP,「方程组有唯一解时两直线相交，有唯一交点；方程组无解时两直线平行，没有交点；方程组有无穷多解时两直线重合」——正文即两直线交点与方程组解，属现绑「两条直线的位置关系」；靶区「方程组法」不对口。,slice-07
MATH,方程组法-主要解决已知与-的方程-求解析式,math-eccentricity-method-equation-system,用向量法求解直线与平面所成角的方法,圆锥曲线离心率的求法,REBIND,「由已知条件列方程组求出 a、c 的值，再用定义 e=c/a 求离心率」（摘要）——正文即“直接求出 a、c”的离心率求法，与「圆锥曲线离心率的求法」名下材料《求圆锥曲线离心率的两种方法》的方法一对口；现绑线面角节点完全无关。,slice-07
MATH,方程组法-主要解决已知与-的方程-求解析式,math-fx-jianshe-xiangliang-xitong-qiuxin,在棱长为的正四面体中-高-外接球半径-内切球半径,,KEEP,「解线性方程组得球心坐标，代回任一距离式得 $R^2$」——正文是建系求外接球半径的通法（球心坐标方程组）；现绑节点名虽残缺，别名与材料均属外接球/内切球半径（含本材料标题）；靶区不对口，保守维持。,slice-07
MATH,方程组法-主要解决已知与-的方程-求解析式,math-fx-liangzhixian-jiaodian-panding,空间位置关系的向量表示,两条直线的位置关系,REBIND,「斜率存在时也可用 $k_1=k_2$（平行）、$k_1k_2=-1$（垂直）辅助判断，前提是斜率都存在」——正文讲平面两直线位置关系与交点的方程组判定，属「两条直线的位置关系」（别名“两直线相交的判定与交点求解”）；现绑空间向量节点不对口。,slice-07
MATH,方程组法-主要解决已知与-的方程-求解析式,math-hj-jiaodian-yu-fangchengzu,数列与函数的关系,两条直线的位置关系,REBIND,「两直线的交点坐标是两方程联立方程组的唯一解；方程组无解对应平行，无穷多解对应重合」——正文两句即两直线交点与方程组解，属「两条直线的位置关系」（别名“直线交点与方程组解的关系”）；现绑「数列与函数的关系」完全不对口。,slice-07
MATH,等比数列的常用性质,ext-mat-289deb9ecd-1166,等比数列的常用性质,,KEEP,「$a_n=a_m·q^{n−m}$（m、n∈N*）表明已知等比数列中的一项 $a_m$ 及公比 $q$，可以求出等比数列中的任意一项 $a_n$」——通项公式的推广及由两项求公比，落在现绑「等比数列的常用性质」（别名“等比数列的公式与常用性质”）；另两近邻节点亦可比，保守维持。,slice-08
MATH,等比数列的常用性质,ext-mat-52d8db7afd-003,等比数列的常用性质,等比数列前项和的常用性质,REBIND,「当项数n为偶数时：S偶/S奇=q（偶数项之和等于奇数项之和乘以公比）」——奇偶项和关系属前n项和性质，与「等比数列前项和的常用性质」边界第(3)条及别名“等比数列奇偶项和的关系”对口；现绑节点边界五条不含前n项和。,slice-08
MATH,等比数列的常用性质,ext-mat-e849e54421-005,等比数列的常用性质,,KEEP,「若 m+n=p+q，则 a_m·a_n=a_p·a_q；特别地 2w=m+n 时 a_m·a_n=a_w²」——下标和相等的积相等、等距子列与运算性质，正对现绑且为本轮靶区的「等比数列的常用性质」。,slice-08
PHYSICS,三个自由点电荷平衡模型,phys-hj2-sange-ziyou-dianhehe-pingheng-moxing,模型特点,三个自由点电荷平衡模型,REBIND,原句「两同夹异（两侧电荷同号、中间异号）；两大夹小」「间距上中间电荷靠近小电荷（近小远大）」＝靶区节点范围；现绑「模型特点」实为动量模型的特点（边界为子弹打木块），正文无一句动量。,
PHYSICS,三个自由点电荷的平衡模型,ext-phy-83dd6313b9-002,库仑定律,三个自由点电荷的平衡模型,REBIND,原句「三个点电荷必须共线排列」「中间电荷与两侧电荷的电性相反，两侧电荷的电性相同（即“两同夹异”）」「对每个电荷分别列库仑力平衡方程」——正文即三个自由点电荷平衡模型本体；现绑「库仑定律」讲两电荷作用力。,
PHYSICS,二力不平衡的合成法,ext-phy-6137d43959-003,共点力平衡,,KEEP,原句「合成法：物体受三个共点力而平衡时，任意两个力的合力一定与第三个力等大反向」「正交分解法：…受到三个或三个以上力的作用而平衡时」＝共点力平衡的三力/多力解法，正合现绑节点；「二力不平衡」讲不平衡，故留。,
PHYSICS,全反力与摩擦角,ext-phy-86fa7c991c-028,自锁现象,全反力与摩擦角,REBIND,原句「θ<φ（即tanθ<μ）：重力的作用线落在摩擦角锥形区域内，物体可以平衡」——正文即摩擦角锥判据；靶区节点池内已有同文材料 9142eeb79f-023「用全反力角度分析物体在斜面上是否下滑」。,
PHYSICS,全反力与摩擦角,phys-hj3-total-reaction-force-friction-angle,共点力平衡,全反力与摩擦角,REBIND,原句「把支持力与摩擦力合成为一个“全反力”，四力平衡即化为三力平衡」「tanφ=μ」——正文即全反力与摩擦角方法本体；该节点池内已有同题材料 b6bd732b19-028、d48c41dd01-008。,
PHYSICS,共速连接体对合力的分配原理,ext-phy-ce9f317a5b-006,连接体问题,共速连接体对合力的分配原理,REBIND,原句「内力按“另一侧质量占总质量的比例”分配外力」「若外力 F 作用在质量为 m1 的物体上，则 m1 与 m2 之间的相互作用力为 FT=m2/(m1+m2)F」及适用范围（动摩擦因数相同）＝靶区节点边界。,
PHYSICS,共速连接体对合力的分配原理,ext-phy-f4cbb3b60b-004,连接体问题,共速连接体对合力的分配原理,REBIND,原句「两物体间的相互作用力为 FT=m2/(m1+m2)F」「成立条件：与有无摩擦无关，但若有摩擦，两物体与接触面间的动摩擦因数必须相同」＝靶区节点边界（前提加速度相同）。,
PHYSICS,共速连接体对合力的分配原理,phys-hj-045-force-sharing-protocol,连接体问题的分析易错-整体法与隔离法应用,共速连接体对合力的分配原理,REBIND,「外力 $F$ 作用于 $m_1$ 时，两物体间作用力 $F_T=m_2F/(m_1+m_2)$」——材料即共速连接体的力的分配；现绑节点讲整体法/隔离法选用。,
PHYSICS,共速连接体对合力的分配原理,phys-hj3-force-assignment-principle,连接体问题,共速连接体对合力的分配原理,REBIND,原句「一起加速运动的物体系统，若外力 F 作用于 m1，则 m1 和 m2 间相互作用力 FT=m2/(m1+m2)F」「对平面、斜面、竖直方向都成立」＝靶区节点边界。,
PHYSICS,力电综合平衡问题的解题思路,ext-phy-b9ef1327f8-015,带电粒子在电场中的平衡问题-受力分析,力电综合平衡问题的解题思路,REBIND,原句「力电综合的平衡问题与力学中的平衡问题思路一样，只是在原来受力的基础上多考虑静电力或安培力」「复合场…通常是匀速直线运动」＝靶区节点边界；池内已有同题材料 809cd933df-017。,
PHYSICS,力的分解,ext-phy-f9c8d091e9-004,力的分解,,KEEP,原句「3. 运动状态：物体具有加速度时，一般沿加速度方向及与加速度垂直的方向进行正交分解」与「分解是合成的逆运算，可以把分解转化为合成」——正是现绑节点「力的分解」的效果分解与正交分解两法及其选向依据；标题《分力方向的选定依据》只是小节名，非错绑。,slice-02
PHYSICS,力的分解,ext-phy-f9c8d091e9-004b,力的分解,,KEEP,摘要「把合力分解为两个分力时，分力的大小范围可按合力与反向分力的合成范围来求」＋原句「$|F-F_1|\le F_2\le F+F_1$」——讲分力取值范围，属「力的分解」自身要点；「力的分解的多解问题」讲的是解数判定，不同面，故留现绑。,slice-02
PHYSICS,力的合成实验的创新改进,ext-phy-239b5e35c7-012,实验基础知识,探究力的合成规律实验的三个相同与三个适当,REBIND,原句「夹角不宜太小，也不宜太大，以 60° 至 120° 之间为宜」「同一次实验中，使橡皮条拉长时小圆环的位置一定要相同」＝三个相同与三个适当（别名即「力的合成实验的操作要点」）；靶区「创新改进」无改进内容。,
PHYSICS,力的合成实验的创新改进,ext-phy-239b5e35c7-013,等效替代法,,KEEP,原句「比较 F 是否是以 F1 和 F2 为邻边所作的平行四边形的对角线」＋五类误差（调零/摩擦/结点/读数/作图）横跨「数据处理」与「误差」两个既有节点，无唯一目标；现绑「等效替代法」池内已有本实验材料 9142eeb79f-028 等。,
PHYSICS,力的合成实验的创新改进,ext-phy-bb9f538752-012,用力传感器或已知质量的钩码等代替弹簧测力计,力的合成实验的创新改进,REBIND,原句「用电子秤代替弹簧测力计显示拉力大小」「用橡皮筋测力计，或用“钩码测力计”替代弹簧测力计」——正文即力的合成实验的器材创新；靶区节点边界即写「电子秤替代」的易错点，池内已有 7800d6a4f4-018。,
PHYSICS,力的合成实验的创新改进,ext-phy-f2e0c679f9-012,杨氏双缝干涉,双缝干涉实验的创新方案,REBIND,「一是提高条纹亮度：利用凸透镜的聚光作用把光会聚到单缝上」「用光传感器与计算机结合，直接得到干涉图样的光强分布图」「用单缝与平面镜组成洛埃德镜装置」——三个方向即双缝干涉实验的创新方案，与该节点边界『创新只改变器材或数据处理方式』及已挂洛埃镜材料对口；现绑「杨氏双缝干涉」边界只讲原理与条纹条件。,
PHYSICS,动态平衡问题,ext-phy-06f80176e3-002,共点力的动态平衡,,KEEP,原句「动态平衡是指物体的受力状态缓慢发生变化，但在变化过程中每一个状态均可视为平衡状态」——正文即动态平衡的含义与解题流程，正落在现绑节点「共点力的动态平衡」；候选「动态平衡问题」是其同概念并列节点，改绑属节点级合并而非本条错绑，故保留。,slice-02
PHYSICS,动态平衡问题,ext-phy-06f80176e3-003,共点力的动态平衡,,KEEP,原句「图解法（矢量三角形法）：适用于物体只受三个力、其中一个力大小方向均不变、另一个力方向不变、第三个力大小方向均变化的情形」——讲的就是三力共点的动态平衡解法，与现绑节点相符；现有绑定不算明显错，保留。,slice-02
PHYSICS,动态平衡问题,ext-phy-06f80176e3-004,共点力的动态平衡,,KEEP,原句「三个力中一个力的大小和方向不变，另外两个力的大小和方向都在改变，但这两个力之间的夹角保持不变」——正弦定理法与辅助圆法描写的仍是共点力动态平衡；现绑节点同名同义，保留不改绑。,slice-02
PHYSICS,动态平衡问题,ext-phy-16bba6e0e1-001,共点力的动态平衡,,KEEP,「作出不同状态下的矢量三角形，由各边长度变化确定力的大小变化」——正文按恒定力个数分三类讲动态平衡的处理方法，正是现绑「共点力的动态平衡」主题；靶区「动态平衡问题」与之构成同一知识点的近重复节点，按保守口径维持。,slice-02
PHYSICS,动态平衡问题,ext-phy-16bba6e0e1-003,共点力的动态平衡,,KEEP,「①对研究对象进行受力分析；②画出状态变化过程中各个状态的受力平衡图；③构造矢量三角形」——动态平衡问题的分析流程，属现绑节点所讲的动态平衡；靶区「动态平衡问题」为近重复节点，保守维持。,slice-02
PHYSICS,动态平衡问题,ext-phy-18c0d3dd54-009,动态平衡问题,,KEEP,「通过控制某些物理量使物体的状态发生缓慢变化，而在此过程中物体始终处于一系列的平衡状态，这类问题叫动态平衡问题」——首句即节点自身的定义句式，正文讲的就是现绑且为本轮靶区的「动态平衡问题」。,slice-02
PHYSICS,动态平衡问题,ext-phy-206fb04353-010,共点力的动态平衡,,KEEP,「使用要点：先判断三个力中哪个是不变的力 再看方向是否改变 据此选定方法」——三力动态平衡的方法选择，属现绑「共点力的动态平衡」；靶区与之近重复，保守维持。,slice-02
PHYSICS,动态平衡问题,ext-phy-47fa574305-003,共点力的动态平衡,,KEEP,「若恒定力 F1 与方向不变的力 F2 不垂直，当第三个力 F3 与 F2 垂直时 F3 有最小值」——正文即「一力恒定、另一力方向不变」类动态平衡（现绑节点别名同此），维持现绑。,slice-02
PHYSICS,动态平衡问题,ext-phy-47fa574305-009,共点力的动态平衡,,KEEP,「恒力为圆的一条弦，恒力所对应角的顶点在圆上移动，可保持圆心角不变」——夹角不变类动态平衡的辅助圆与正弦定理处理，属现绑节点方法面；靶区近重复，保守维持。,slice-02
PHYSICS,动态平衡问题,ext-phy-500b9057a0-004,动态平衡问题,,KEEP,「图解法的使用条件：物体受到三个力，其中一个力大小和方向都不变，另一个力方向不变而大小变化」——动态平衡图解法的适用条件，正是现绑（=靶区）「动态平衡问题」的方法面。,slice-02
PHYSICS,动态平衡问题,ext-phy-500b9057a0-009,共点力的动态平衡,,KEEP,「根据物体的平衡条件得到因变量与自变量的关系表达式（通常要用到三角函数），最后根据自变量的变化确定因变量的变化」——动态平衡的解析法，属现绑「共点力的动态平衡」方法面；靶区近重复，保守维持。,slice-02
PHYSICS,动态平衡问题,ext-phy-500b9057a0-021,正弦定理与余弦定理的应用,,KEEP,「利用三角形法，根据正弦定理等数学知识可求得未知力，并可由角度的变化判断各力大小的增减」——落点是正弦定理在力三角形中的应用，现绑「正弦定理与余弦定理的应用」不算明显错；与靶区两读并存，按保守口径维持。,slice-02
PHYSICS,动态平衡问题,ext-phy-500b9057a0-025,矢量图解法,动态平衡问题,REBIND,「辅助圆法的使用条件：物体受到三个力，一个力大小和方向都不变，另外两个力大小、方向都在变化，但两个力的夹角不变」——正文即夹角不变类动态平衡的辅助圆法，靶区别名『辅助圆法解动态平衡』对口；现绑「矢量图解法」的边界（比例尺/顶点顺序）与正文不对口。,slice-02
PHYSICS,动态平衡问题,ext-phy-54c139638b-007,共点力的动态平衡,,KEEP,「基本思路：化动为静，静中求动，即把变化过程中的若干位置当作若干个静态平衡状态来处理」——动态平衡的含义与图解法/解析法总述，正是现绑「共点力的动态平衡」主题；靶区近重复，保守维持。,slice-02
PHYSICS,动态平衡问题,ext-phy-59dd10c06b-012,共点力的动态平衡,,KEEP,「图解法：特点是受三个力——一个力恒定、一个力方向不变、第三个力大小与方向均变化」——动态平衡的图解法与辅助圆法及选用判断，属现绑节点主题；靶区近重复，保守维持。,slice-02
PHYSICS,动态平衡问题,ext-phy-6137d43959-014,共点力的动态平衡,,KEEP,「平衡问题中的一部分力是变力（动态力），力的大小和方向缓慢变化，这类问题称为动态平衡」——首句即动态平衡的定义，正是现绑「共点力的动态平衡」的定义句；靶区近重复，保守维持。,slice-02
PHYSICS,动态平衡问题,ext-phy-6b9889167d-002,共点力的动态平衡,,KEEP,「动态平衡是指物体的受力状态缓慢发生变化，但在变化过程中每一个状态均可视为平衡状态」——含义、三大类情形与选用顺序，属现绑节点主题；靶区近重复，保守维持。,slice-02
PHYSICS,动态平衡问题,ext-phy-6b9889167d-003,共点力的动态平衡,,KEEP,「图解法：常用于求解三力平衡且有一个力是恒力、另一个力方向不变的问题」——动态平衡三法及适用条件，属现绑「共点力的动态平衡」；靶区近重复，保守维持。,slice-02
PHYSICS,动态平衡问题,ext-phy-6b9889167d-009,临界-极值问题,,KEEP,「常见临界条件：由静止到运动的临界是摩擦力达到最大静摩擦力；绳子恰好绷紧时拉力为零；刚好离开接触面时支持力为零」——与现绑「临界-极值问题」边界的四种典型临界条件逐条对得上；靶区「动态平衡问题」不对口，维持现绑。,slice-02
PHYSICS,动态平衡问题,ext-phy-6d8ca521d5-069,共点力的动态平衡,,KEEP,「以恒定的力为弦作其外接圆；根据两个变化的力在圆周上移动过程中对应矢量三角形边长长度的变化，判断力的大小变化」——辅助圆法的条件与解法，即现绑节点别名「动态平衡的辅助圆法」；靶区近重复，保守维持。,slice-02
PHYSICS,动态平衡问题,ext-phy-7fc0771aeb-002,动态平衡问题,,KEEP,「变化过程中每一个时刻都可以认为物体处于平衡状态」——定义、识别标志与处理方法，讲的正是现绑且为本轮靶区的「动态平衡问题」。,slice-02
PHYSICS,动态平衡问题,ext-phy-7fc0771aeb-003,共点力的动态平衡,,KEEP,「图解法用一力恒定一力方向不变，解析法用正交分解列函数式」——动态平衡四法总表（含矢量圆/正弦定理法），属现绑「共点力的动态平衡」方法总表；靶区近重复，保守维持。,slice-02
PHYSICS,动态平衡问题,ext-phy-7fc0771aeb-010,共点力的动态平衡,,KEEP,「适用情形：其中一个力大小、方向固定，另一个力方向固定，第三个力大小、方向均不固定」——矢量三角形法/相似三角形法/辅助圆法及判据，属现绑节点；靶区近重复，保守维持。,slice-02
PHYSICS,动态平衡问题,ext-phy-86fa7c991c-014,正弦定理与余弦定理的应用,动态平衡问题,REBIND,「识别受力特征：一个恒力，另外两个力方向之间的夹角始终不变」——正文讲夹角不变类动态平衡的正弦定理法与辅助圆法，靶区别名『辅助圆与正弦定理处理夹角不变类动态平衡』对口；现绑「正弦定理与余弦定理的应用」只覆盖其中一面。,slice-02
PHYSICS,动态平衡问题,ext-phy-8a5e67e8db-004,共点力的平衡临界极值问题-临界条件,,KEEP,「临界问题：当某物理量变化时会引起其他几个物理量的变化，使物体所处的平衡状态恰好出现或恰好不出现」——正文四节中三节是平衡中的临界/极值（现绑节点即此，其边界含最大静摩擦、弹力为零）；动态平衡只占首节，维持现绑。,slice-02
PHYSICS,动态平衡问题,ext-phy-8e423fa2e7-011,共点力的动态平衡,,KEEP,「化动为静、静中求动：把缓慢变化的过程看作一连串平衡状态，分析各力的变化趋势」——动态平衡四法总述，属现绑「共点力的动态平衡」；靶区近重复，保守维持。,slice-02
PHYSICS,动态平衡问题,ext-phy-a44fe2afc5-003,共点力的动态平衡,,KEEP,「① 动态平衡图解法：一力恒定、另一力方向不变时，用矢量三角形判断力的增减」——主体两节是动态平衡图解法与极值点（属现绑节点），仅末节讲带电体场力要点，维持现绑。,slice-02
PHYSICS,动态平衡问题,ext-phy-a44fe2afc5-018,共点力的动态平衡,,KEEP,「① 题目特点：物体在三个力作用下缓慢运动，其中一个力恒定，另一个力的方向恒定」——动态平衡图解法的题目特点与应用思路，属现绑「共点力的动态平衡」；靶区近重复，保守维持。,slice-02
PHYSICS,动态平衡问题,ext-phy-a44fe2afc5-021,共点力的动态平衡,,KEEP,「用恒力与变角的三角函数写出变力的表达式即平衡方程，再根据三角函数的变化判断力的变化」——全条是共点力动态平衡的解析解法，落在现挂节点『物体在共点力作用下…某些力的大小或方向随之改变』的定义面上；靶区与现挂为同概念并存节点，不作改绑。,slice-02
PHYSICS,动态平衡问题,ext-phy-b6bd732b19-030,共点力的动态平衡,,KEEP,「这种处于缓慢运动中、近似看作的平衡叫动态平衡」加矢量三角形操作——动态平衡定义与核心方法皆共点力动态平衡的本体内容；靶区节点与之同概念并存，维持现挂。,slice-02
PHYSICS,动态平衡问题,ext-phy-b6bd732b19-030b,共点力的动态平衡,,KEEP,「除重力外，剩下的两个力中有一个力始终是水平方向的、其大小变化」——横不转模型是三力共点力动态平衡的模型分支，现挂节点可框住本条。,slice-02
PHYSICS,动态平衡问题,ext-phy-b6bd732b19-031,共点力的动态平衡,,KEEP,「重力不变、倾斜力方向不变时，转动的力与倾斜力垂直时最小」——斜不转模型即三力动态平衡的模型分支，属现挂节点内容。,slice-02
PHYSICS,动态平衡问题,ext-phy-b6bd732b19-033,共点力的动态平衡,,KEEP,「除重力外的两个力夹角不变时，其中一个力水平时另一个力最大」——定角转模型是三力动态平衡模型，现挂节点可框住。,slice-02
PHYSICS,动态平衡问题,ext-phy-b7f7769a5d-002,共点力的动态平衡,,KEEP,「动态平衡是指物体的受力状态缓慢发生变化，但在变化过程中，每一个状态均可视为平衡状态」——定义加五种常用方法即现挂节点本体。,slice-02
PHYSICS,动态平衡问题,ext-phy-b85d6e94ac-012,共点力的动态平衡,,KEEP,「按一力恒定、另一力方向不变等特征，选用解析法、图解法、相似三角形法、正弦定理法或外接圆法」——方法选型总表属现挂节点的方法面。,slice-02
PHYSICS,动态平衡问题,ext-phy-b85d6e94ac-018,动态平衡问题,,KEEP,「把一个端点沿杆缓慢上下移动时，两段绳的夹角不变，绳中张力不变」——缓慢移动下的张力结论属动态平衡面；装置另可读作活结（『活结与死结模型』）两读并存，保守维持现挂，列存疑。,slice-02
PHYSICS,动态平衡问题,ext-phy-be563d8767-010,共点力的动态平衡,,KEEP,「四力平衡中若有两个力为恒力，为简便可用这两个力的合力代替它们，转化为三力平衡」——四力及多力动态平衡的处理路径，属现挂节点的延伸面。,slice-02
PHYSICS,动态平衡问题,ext-phy-d7ae747433-003,动态平衡问题,,KEEP,「一个力恒定、另外两个力的方向同时变化，当所作矢量三角形与空间的某个几何三角形总相似时用此法」——相似三角形法即现挂节点方法清单成员；上轮同条已裁 KEEP。,slice-02
PHYSICS,动态平衡问题,ext-phy-da15454ce9-001,共点力的动态平衡,,KEEP,「根据物体的平衡条件列式，得到因变量与自变量的关系表达式，通常要用到三角函数表示各力的方向」——解析法三步是共点力动态平衡的解法面。,slice-02
PHYSICS,动态平衡问题,ext-phy-da15454ce9-002,共点力的动态平衡,,KEEP,「把三个力首尾相接画成矢量三角形，其中大小方向都不变的力作为定边」——图解法适用条件与做法，属现挂节点的方法面。,slice-02
PHYSICS,动态平衡问题,ext-phy-e71c7c1308-002,共点力的动态平衡,,KEEP,「动态矢量三角形法：适用于三个力中一个力大小方向均不变（通常为重力）、另一个力方向不变而大小变化」——按三力变化特点选法，是共点力动态平衡的方法总表。,slice-02
PHYSICS,动态平衡问题,ext-phy-e71c7c1308-003,共点力的平衡临界极值问题-临界条件,,KEEP,「由静止到运动时摩擦力达到最大静摩擦力；绳子恰好绷紧时拉力 F=0；刚好离开接触面时支持力 FN=0」——正是现挂节点边界所列临界状态标志条件；靶区不含临界条件，不改绑。,slice-02
PHYSICS,动态平衡问题,ext-phy-e71c7c1308-004,共点力的平衡临界极值问题-临界条件,,KEEP,「根据物体的平衡条件写出物理量之间的函数关系（或画出函数图像），用数学方法求极值」——平衡中极值解法属现挂节点『临界与极值问题的处理』范围。,slice-02
PHYSICS,动态平衡问题,phys-duoli-dongtai-pingheng-zhengjiao,共点力的动态平衡,,KEEP,「在物体受四个或四个以上力的作用而处于动态平衡的问题中，经常需要用正交分解法结合平衡条件列方程」——四力以上动态平衡的正交分解处理，属现挂节点。,slice-02
PHYSICS,动态平衡问题,phys-gap-saturated-vapor-pressure,正弦式交变电流的变化规律-线圈在中性面位置时开始计时,饱和汽,REBIND,「密闭容器中蒸发与液化同时进行，当蒸气分子数不再增多（蒸气密度稳定）时达到动态平衡，此时的蒸气叫饱和汽」——全条讲热学饱和汽与饱和汽压，与现挂的交变电流节点无关；包内同题材料现挂『饱和汽』节点，正对。,slice-02
PHYSICS,动态平衡问题,phys-hj2-liangliang-yuan-fa-zhengxian-dingli,动态平衡问题,,KEEP,「作出不同状态的矢量三角形，两力夹角不变可构成动态圆，恒力为圆的一条弦」——夹角不变类动态平衡的矢量圆法；上轮同条已裁 KEEP。,slice-02
PHYSICS,动态平衡问题,phys-mo-dyn-equilibrium-n,共点力的平衡临界极值问题-临界条件,,KEEP,「动态平衡问题方法选取：图解法：适用于“一力恒定，另一力方向不变”」——首条讲临界极值的极限法、后三条讲动态平衡方法选取，两读并存；现挂节点已收『临界与极值问题综述』类综述材料，保守维持。,slice-02
PHYSICS,受力分析多力漏力-受力分析方法,ext-phy-18c0d3dd54-005,受力分析多力漏力-受力分析方法,,KEEP,「把指定的研究对象在特定情景中所受的所有外力找出来并画出受力图，就是受力分析」「按顺序找力：先场力后接触力」「只画性质力不画效果力」——正文即受力分析的一般步骤与防多防漏，正对现绑节点边界『本条给出受力分析的一般步骤与原则』。,
PHYSICS,受力分析多力漏力-受力分析方法,ext-phy-b8a5ff7e81-002b,受力分析多力漏力-受力分析方法,,KEEP,「假设法：先假设该力存在，分析它存在时对物体运动状态的影响，看是否与题设的运动状态相符」「状态法…判断该力是否存在」——正文是受力分析中判断某个力是否存在的方法，正落在现绑节点『归纳漏力或多画力等易错点』的范畴。,
PHYSICS,合力范围,ext-phy-9142eeb79f-002b,合力范围,,KEEP,「三力平衡的通法：任意两个力的合力必与第三个力等大反向」「由平衡条件得 F2＝√((mg)²＋F风²)，因此 F1＜F2」——正文正用矢量合成比较三力平衡中各力大小，与现绑「合力范围」边界末句『并能用矢量合成比较三力平衡中各力的大小』逐字对应。,
PHYSICS,合力范围,phys-fx-coplanar-force-composition,合成与分解法则-平行四边形法则,,KEEP,「作图法或计算法（解三角形）合成」「两个共点力：|F1－F2|≤F≤F1＋F2，夹角越大合力越小」「三力合成可先合两个再与第三个合成」——合成法则与合力范围两面兼有；靶区「合力范围」只占中段，现绑节点名『平行四边形法则』正对首句，保守维持。,
PHYSICS,合力范围,phys-kb-force-composition-range,合成与分解法则-平行四边形法则,,KEEP,「平行四边形定则：两分力为邻边，对角线表示合力」「同向时最大为 F1＋F2；反向时最小为 |F1－F2|；垂直时为 √(F1²＋F2²)；两等大分力夹角 120 度时合力等于分力」——首句即现绑节点名，其余是靶区「合力范围」；两面各半，保守维持。,
PHYSICS,四种基本相互作用-引力相互作用-电磁相互作用-强相互作用和弱相互作用,ext-phy-e14aad82a5-1546,四种基本相互作用-引力相互作用-电磁相互作用-强相互作用和弱相互作用,常见基本粒子及其分类,REBIND,「规范玻色子：传递各种相互作用的粒子」「希格斯玻色子：由希格斯场的量子激发，基本粒子因与希格斯场耦合而获得质量」——出自『第五章 5 粒子的分类及宇宙演化』，同源同章的反粒子／轻子／粒子分类块都在「常见基本粒子及其分类」，该节点已挂《基本粒子家族：夸克、轻子、规范玻色子、希格斯玻色子》。,
PHYSICS,四种基本相互作用-引力相互作用-电磁相互作用-强相互作用和弱相互作用,phys-hj2-li-gainian-jiben-xingzhi,四种基本相互作用-引力相互作用-电磁相互作用-强相互作用和弱相互作用,力的概念,REBIND,「定义：力是物体对物体的作用；三要素为大小、方向、作用点」「性质：物质性（不能脱离物体存在）、相互性（施力物体同时是受力物体）」——四条里三条是力的概念与性质，仅末条列举四种相互作用名称；同名材料《力的概念与基本性质》已挂「力的概念」。,
PHYSICS,圆周运动中与弹力有关的临界条件,ext-phy-17730881c9-005,圆周运动临界问题的解题思路,,KEEP,「让角速度或线速度从小逐渐增大，逐一分析各力的变化，找出最先到达临界的那一个力」「在临界状态写出该力的边界条件…再结合向心力公式求解」——正文即临界问题的解题程序，正对现绑「圆周运动临界问题的解题思路」边界『多临界问题要判断先后』。,
PHYSICS,圆周运动中与弹力有关的临界条件,ext-phy-40c49b3ca6-001b,圆周运动常见的临界状态,,KEEP,「一类是两个接触物体分离的临界，条件是物体间的弹力恰好为零」「另一类是绳上拉力的临界，条件是绳恰好拉直且无弹力，或绳上拉力恰好为最大承受力」——弹力恰好为零与绳子断裂正落在现绑「圆周运动常见的临界状态」边界第（1）（3）条。,
PHYSICS,圆周运动中与弹力有关的临界条件,ext-phy-e342c3c922-003,圆周运动常见的临界状态,,KEEP,「分离瞬间两物体仍具有相同的速度和加速度，只是相互作用的弹力为零；绳恰好拉直时拉力为零，绳刚要断裂时拉力等于最大承受力」——与现绑「圆周运动常见的临界状态」边界（弹力恰好为0／绳子恰好断裂）同轴，保守保留。,
PHYSICS,平衡条件-根本条件-作用在物体上的所有共点力的合力为零-即-f_合-0,ext-phy-0fda856887-027,探究加速度与力质量关系的实验创新,,KEEP,「挂上托盘和砝码，改变木板的倾角，使质量为 M 的小车拖着纸带沿木板匀速下滑」「取下托盘和砝码并测出其总质量 m…可知小车所受合力为 mg」——正文是该实验的原理创新（现绑节点别名『本实验原理创新的典型做法』），靶区「平衡条件」只借到词面。,
PHYSICS,平衡条件-根本条件-作用在物体上的所有共点力的合力为零-即-f_合-0,ext-phy-4872940cf0-006,共点力平衡,,KEEP,「平衡状态：物体保持静止或做匀速直线运动」「平衡条件：作用在物体上的所有共点力的合力为零，即 F合＝0」「三个共点力的合力为零…组成一个封闭三角形」——条件与两个推论正对现绑「共点力平衡」边界『条件（合力为零）与两个推论』。,
PHYSICS,平衡条件-根本条件-作用在物体上的所有共点力的合力为零-即-f_合-0,ext-phy-59dd10c06b-010,共点力平衡,,KEEP,「平衡条件是合力为零…」「常用方法：合成法…正交分解法…矢量三角形法」「多研究对象的处理顺序：先整体分析…再隔离」——平衡条件与三种常用方法都在现绑「共点力平衡」边界与别名『三力及多力平衡的三种方法』内。,
PHYSICS,平衡条件-根本条件-作用在物体上的所有共点力的合力为零-即-f_合-0,ext-phy-809cd933df-005,共点力平衡,,KEEP,「共点力：作用在物体的同一点，或作用线相交于一点的几个力」「共点力作用下物体的平衡条件：物体所受的合外力为零，即 ΣF＝0」——正是现绑「共点力平衡」边界所指的条件（合力为零）。,
PHYSICS,平衡条件-根本条件-作用在物体上的所有共点力的合力为零-即-f_合-0,ext-phy-89a5424f26-002,共点力平衡,,KEEP,「在共点力作用下物体平衡的条件是合力为零」「当物体受三个力平衡时…依次首尾相连会构成一个矢量三角形，表示合力为零」——合力为零与矢量三角形推论都在现绑「共点力平衡」边界『条件与两个推论』内。,
PHYSICS,平衡条件-根本条件-作用在物体上的所有共点力的合力为零-即-f_合-0,ext-phy-8e423fa2e7-002,共点力平衡,,KEEP,「平衡条件的推论：二力平衡…三力平衡…多力平衡：其中任何一个力与其余几个力的合力大小相等、方向相反」——推论逐条对应现绑「共点力平衡」边界『与两个推论』；靶区「平衡条件」是同概念窄节点。,
PHYSICS,平衡条件-根本条件-作用在物体上的所有共点力的合力为零-即-f_合-0,ext-phy-b55bb3fdba-002,共点力平衡,,KEEP,「平衡状态：物体保持静止或做匀速直线运动的状态」「平衡条件：物体所受共点力的合力为零，即F合＝0」——共点力的平衡状态与平衡条件，正对现绑「共点力平衡」边界首句。,
PHYSICS,平衡条件-根本条件-作用在物体上的所有共点力的合力为零-即-f_合-0,ext-phy-b9ef1327f8-005,共点力平衡,,KEEP,「物体保持静止或匀速直线运动状态，也就是加速度等于零的状态。物体处于平衡状态的实质是所受的合外力为零」「平衡条件写成两组分量式 ΣFx＝0、ΣFy＝0」——条件与分量式都在现绑「共点力平衡」边界内。,
PHYSICS,平衡条件-根本条件-作用在物体上的所有共点力的合力为零-即-f_合-0,ext-phy-c308ac34b5-004,共点力平衡,,KEEP,「平衡条件：合力为零，正交分解形式为 Fx＝0、Fy＝0」「若物体受 n 个力处于平衡状态，则其中任意一个力与其余 n－1 个力的合力大小相等、方向相反」——条件与推论即现绑「共点力平衡」边界所指。,
PHYSICS,平衡条件-根本条件-作用在物体上的所有共点力的合力为零-即-f_合-0,ext-phy-c8d7f6c61f-001b,共点力平衡,,KEEP,「平衡条件是合力为零…两个常用推论…其中任意一个力与其余 n－1 个力的合力大小相等、方向相反」「先确定物体处于平衡状态…建立平衡方程」——条件、推论与求解思路都落在现绑「共点力平衡」。,
PHYSICS,平衡条件-根本条件-作用在物体上的所有共点力的合力为零-即-f_合-0,ext-phy-e4b3b251e9-015,共点力平衡,,KEEP,「共点力作用下物体的平衡条件…所受合外力为零，ΣF＝0 或 ΣFx＝0、ΣFy＝0」「推论一：非平行的三个力作用于物体而平衡，则这三个力一定共点」——条件与推论正对现绑「共点力平衡」边界。,
PHYSICS,平衡条件-根本条件-作用在物体上的所有共点力的合力为零-即-f_合-0,phys-hj3-force-composition-range,平衡条件-根本条件-作用在物体上的所有共点力的合力为零-即-f_合-0,合力范围,REBIND,「两个共点力：|F1－F2|≤F≤F1＋F2。三个共点力：同方向时合力最大…若最大的力的大小在另外两力合力范围内，最小值为零」——全篇是合力的最大值与最小值，属「合力范围」（别名含『合力的最大值与最小值』）；现绑「平衡条件」讲列平衡方程，正文未提。,
PHYSICS,平衡条件-根本条件-作用在物体上的所有共点力的合力为零-即-f_合-0,phys-spring-natural-length-max-speed,平衡条件-根本条件-作用在物体上的所有共点力的合力为零-即-f_合-0,,KEEP,「如果系统内每个物体除弹簧弹力外所受合力为 0，则当弹簧为自然长度（弹力为零）时，系统内弹簧某一端的物体具有最大速度」——讲的是合力为零处速度最大；现绑「平衡条件」只共享『合力为零』，另有「弹簧振子模型」边界含同义句，两可故保留。,
PHYSICS,库仑力作用下的平衡问题,ext-phy-8e2be4d749-005,用动力学观点分析,,KEEP,「当点电荷受到的合力不为零时，应用牛顿第二定律进行运动分析和计算」「由于 F＝kq1q2/r² 随距离变化，加速度一般是变量」——正文是库仑力下的变速问题即用动力学观点分析；靶区「库仑力作用下的平衡问题」讲平衡，与正文相反。,
PHYSICS,库仑力作用下的平衡问题,ext-phy-aa1d70748f-002b,共点力平衡,库仑力作用下的平衡问题,REBIND,「解决库仑力作用下平衡问题的方法步骤」并强调「与纯力学问题相比只是多了一个静电力」——全篇是静电力参与下的平衡；『库仑力作用下的平衡问题』已收 12 条同类材料（含三个自由点电荷平衡），现绑『共点力平衡』为纯力学通用条。,
PHYSICS,库仑力作用下的平衡问题,ext-phy-d625775dcf-022b,带电粒子在电场中的运动,带电粒子在电场中的圆周运动,REBIND,「等量同种电荷形成电场作用下的匀速圆周运动」与「异种电荷形成电场作用下的类双星运动」两情形逐句对应『带电粒子在电场中的圆周运动』边界（类双星角速度相同、半径不同）；该节点已有同题材料，现绑为加速/类平抛节点。,
PHYSICS,弹力有无的判断方法,phys-fx-normal-force-existence-judge,波的干涉中振动加强点和减弱点的判断方法,弹力有无的判断方法,REBIND,「条件法：接触且发生弹性形变」「状态法：由共点力平衡或牛顿第二定律确定弹力是否存在及大小」——通篇是弹力有无的三种判断法；现绑『波的干涉中振动加强点和减弱点的判断方法』是机械波节点，与正文零交集。,
PHYSICS,弹力有无的判断方法,phys-hj2-tanli-wuyou-panduan-sifa,波的干涉中振动加强点和减弱点的判断方法,弹力有无的判断方法,REBIND,「条件法：接触且发生弹性形变则存在弹力」「替换法：用海绵、轻弹簧等易形变物体替换硬接触物，看能否维持原状态」——四种判断法全讲弹力有无；现绑『波的干涉中振动加强点和减弱点的判断方法』为机械波节点。,
PHYSICS,弹力的三类模型,ext-phy-5f58b144df-002,电磁感应中的单棒模型,,KEEP,「安培力是变力（随电流、速度变化），可通过微元法拆分运动过程」＋单棒切割/双棒同向/单棒穿磁场三类均属电磁感应动量问题；现绑『电磁感应中的单棒模型』含动量定理与单棒分类，保留；『弹力的三类模型』系“三类模型”词面误命。,
PHYSICS,弹力的三类模型,ext-phy-7849f072e7-002,瞬时性突变类问题-轻绳-轻弹簧,,KEEP,「绳的弹力可以突变，弹簧的弹力不能突变，这是分析瞬时加速度问题的出发点」＋剪断典型分析，正是现绑『瞬时性突变类问题-轻绳-轻弹簧』（瞬时问题、绳子剪断）；与『弹力的三类模型』重叠属节点级问题。,
PHYSICS,弹力的三类模型,ext-phy-e96c3ec184-015,圆周运动的经典模型和应用,,KEEP,「飞车走壁、飞机水平转弯、火车转弯三种模型中，向心力都由重力与接触面弹力（或机翼的升力与重力）的合力提供」——水平面圆周运动模型；现绑『圆周运动的经典模型和应用』别名含火车转弯、飞机盘旋诸篇，保留。,
PHYSICS,弹力的三类模型,phys-hj3-rope-rod-spring-model-compare,瞬时性突变类问题-轻绳-轻弹簧,弹力的三类模型,REBIND,「轻绳：只能拉伸形变，弹力沿绳指向绳收缩方向」与「弹力大小不能突变（只能渐变）」——逐条与『弹力的三类模型』唯一材料《轻绳、轻杆、轻弹簧的弹力对比》同文；现绑『瞬时性突变类问题』正文无瞬时/剪断情景。,
PHYSICS,弹力的大小,ext-phy-21f2aa2fbf-001,弹力的大小,,KEEP,「非弹簧类弹力要根据运动状态和其他受力情况，利用平衡条件或牛顿第二定律综合确定」在现绑『弹力的大小』边界内；前半「弹力有无的判断方法」属他节点，复合块无唯一更优节点，保守保留。,
PHYSICS,弹力的方向,phys-hj2-sigan-huogan-moxing,弹力的方向,,KEEP,「杆的弹力可沿杆也可不沿杆，可与杆成任意角度，由物体的平衡条件或运动状态判断」「带铰链的轻杆（活杆）只能沿杆方向施力」——正是『弹力的方向』；别名为绑定材料标题重建，仅弱线索。,
PHYSICS,弹簧竖直悬挂实验的操作与读数要点,ext-phy-19ebd9d953-011,弹簧竖直悬挂实验的操作与读数要点,,KEEP,「F-x 图像中图线为一条过原点的直线」＋「弹簧的原长应该竖直悬挂在铁架台上测量，以消除弹簧自身重力对测量结果的影响」——末句在现绑『弹簧竖直悬挂实验的操作与读数要点』边界内；图像差异与『探究结果-胡克定律-x为形变量』重叠。,
PHYSICS,悬绳模型,ext-phy-123b6a21f8-012,悬绳模型,晾衣架模型,REBIND,「晾晒衣服的绳子轻且光滑…两侧绳的张力相等」与「由几何关系可把 sinθ 与绳的总长 L、两杆之间的水平距离 d 联系起来」——与『晾衣架模型』材料《晾衣架模型的绳张力规律》同文；现绑『悬绳模型』边界讲动量守恒。,
PHYSICS,悬绳模型,ext-phy-41da651af0-013,绳球模型-杆球模型两类经典模型中的临界条件-情景分析,,KEEP,「绳只能提供拉力、不能提供支持力」「能通过最高点的临界条件：重力恰好提供向心力」——竖直面绳模型临界，正是现绑『竖直面内绳球与杆球模型的临界条件』；『悬绳模型』边界为动量/机械能损失，属词面误命。,
PHYSICS,悬绳模型,ext-phy-9142eeb79f-007b,共点力平衡,,KEEP,「三力平衡时三个力共点，两绳拉力作用线的交点一定通过灯的重心」——正是现绑『共点力平衡』边界「含三力平衡时作用线交于一点」；『悬绳模型』不涉本内容。,
PHYSICS,悬绳模型,ext-phy-b6bd732b19-070,绳球模型-杆球模型两类经典模型中的临界条件-情景分析,,KEEP,「只能对小球提供指向圆心的拉力，不能提供背离圆心的支持力」「最低点：绳的拉力向上、重力向下，合力提供向心力」——竖直圆绳模型受力与临界，与现绑同题（别名有《竖直圆绳模型的受力与临界》）。,
PHYSICS,悬绳模型,ext-phy-ba4da2fae8-004,瞬时性突变类问题-轻绳-轻弹簧,,KEEP,「绳子的弹力可以发生突变，即瞬时产生、瞬时改变、瞬时消失」——正合现绑『瞬时性突变类问题-轻绳-轻弹簧』主题；材料只讲轻绳单一模型，不入三类模型对比节点。,
PHYSICS,悬绳模型,ext-phy-cba25a2f20-016,竖直面内圆周运动问题的解题思路,,KEEP,「轻绳模型：恰好通过最高点时弹力为零，由重力提供向心力」「轻杆模型：恰好通过最高点的速度 v＝0」——竖直面绳/杆临界，现绑『竖直面内圆周运动问题的解题思路』与之同族，材料在该族两节点间往返（见 node_findings）。,
PHYSICS,悬绳模型,ext-phy-d977f9e513-017,绳球模型-杆球模型两类经典模型中的临界条件-情景分析,,KEEP,「轻绳模型：最高点弹力只能向下，动力学方程为mg＋F弹＝mv²/r」——逐句对应现绑『竖直面内绳球与杆球模型的临界条件』边界（绳最高点临界、杆双向）；『悬绳模型』为动量节点。,
PHYSICS,悬绳模型,ext-phy-e14aad82a5-695,绳球模型-杆球模型两类经典模型中的临界条件-情景分析,,KEEP,「安全通过最高点的临界条件：轻绳模型仅由重力提供向心力」「轻杆模型只需物体能运动到最高点即可」——轻绳/轻杆临界条件对比，正是现绑节点主题（别名含本篇题名）。,
PHYSICS,悬绳模型,ext-phy-e5ee8c65f6-013,绳球模型-杆球模型两类经典模型中的临界条件-情景分析,,KEEP,「轻绳模型：最高点满足 FT+mg=mv²/r，恰好通过最高点时轻绳的拉力为 0；轻杆模型…弹力等于小球的重力」——与现绑『竖直面内绳球与杆球模型的临界条件』边界一致。,
PHYSICS,悬绳模型,phys-hanging-rope-model,滑块-小球-弹簧模型,悬绳模型,REBIND,「系统水平方向动量守恒」「系统机械能守恒」「小球和物块共速时，小球运动到最高点」——与『悬绳模型』材料《悬绳模型的特点与处理要点》同文；现绑『滑块-小球-弹簧模型』正文无弹簧，属误绑。,
PHYSICS,悬绳模型,phys-hj2-shengmoxing-ganmoxing-duibi,常见的速度分解模型,绳球模型-杆球模型两类经典模型中的临界条件-情景分析,REBIND,「轻“绳”模型（水流星、内侧轨道）：无支撑」「轻“杆”模型（管道、连杆）：有支撑」——竖直圆周绳/杆模型对比，正合『绳球模型-杆球模型两类经典模型中的临界条件-情景分析』（别名『竖直面内绳球与杆球模型对比』）；现绑『常见的速度分解模型』讲速度分解。,
PHYSICS,悬绳模型,phys-sheng-moxing-bu-neng-guo-zui-gao-dian,绳球模型-杆球模型两类经典模型中的临界条件-情景分析,,KEEP,「不能过最高点时…在到达最高点前小球已经脱离圆轨道做斜抛运动」——绳模型未过最高点的结果，属现绑『竖直面内绳球与杆球模型的临界条件』的临界情形；『脱轨条件与类型』亦覆盖此句，保守保留。,
PHYSICS,探究两个互成角度的力的合成规律实验的误差与改进,ext-phy-59dd10c06b-016b,探究两个互成角度的力的合成规律实验的误差与改进,,KEEP,「误差分析：弹簧测力计使用前没调零」「方案一：使用汇力圆环，每次将汇力圆环拉至定位圆」——正是现绑『探究两个互成角度的力的合成规律实验的误差与改进』。,
PHYSICS,探究两个互成角度的力的合成规律实验的误差与改进,ext-phy-6d8ca521d5-091,探究两个互成角度的力的合成规律实验的误差与改进,,KEEP,「弹簧测力计使用前没调零、使用中弹簧与外壳之间或指针与外壳之间有摩擦」等五类来源——现绑『探究两个互成角度的力的合成规律实验的误差与改进』别名即《力的合成实验误差的五类来源》。,
PHYSICS,探究互成角度力的合成规律实验,ext-phy-19ebd9d953-023,探究互成角度力的合成规律实验,,KEEP,「用铅笔和刻度尺从结点 O 沿两条细绳方向画直线」「两次拉橡皮条的作用效果必须相同，即结点位置必须相同」——正文即本实验的作图示与等效要求，正落现绑节点边界（同一标度、结点位置相同）；标题只是措辞不同。,
PHYSICS,探究互成角度力的合成规律实验,ext-phy-59dd10c06b-016,等效替代法,探究互成角度力的合成规律实验,REBIND,「这是两次作用效果相同的唯一判据」「按力的图示的要求作出平行四边形，注意同一标度」——正文是该实验的原理、步骤与数据处理，主体是实验本体，不是跨实验的通用「等效替代法」。,
PHYSICS,探究互成角度力的合成规律实验,ext-phy-6d8ca521d5-090,探究互成角度力的合成规律实验,,KEEP,「在同一次实验中，橡皮条拉长时结点到达的位置一定要相同」「夹角不宜太小也不宜太大，以 60°~120° 为宜」——四条即本实验的器材/位置/角度/标度注意事项，正合现绑节点边界。,
PHYSICS,探究互成角度力的合成规律实验,ext-phy-9142eeb79f-028,等效替代法,探究互成角度力的合成规律实验,REBIND,「按给定标度画出 F₁、F₂ 和 F 的图示」「本实验的核心思想是等效替代」——正文是器材、步骤与误差来源全流程，属该实验本体；现绑「等效替代法」是跨实验的通用方法节点。,
PHYSICS,探究互成角度力的合成规律实验,ext-phy-d50d629284-011,力的合成,探究互成角度力的合成规律实验,REBIND,「示数相同：使用弹簧测力计前，先观察指针是否指在零刻度处」「使橡皮条拉长时小圆环的位置一定要相同」——五条全是本实验的操作注意事项；现绑「力的合成」是矢量加法概念节点，接不住。,
PHYSICS,探究互成角度力的合成规律实验,phys-hj3-parallelogram-rule-exp,合成与分解法则-平行四边形法则,探究互成角度力的合成规律实验,REBIND,「同一次实验两次拉长橡皮条结点位置必须不变（等效替代思想）」「两分力夹角以 60°～100° 为宜」——标题即实验名、正文是该实验的原理/操作/误差；现绑「合成与分解法则：平行四边形法则」边界是运动的合成与分解，不合。,
PHYSICS,探究力的合成规律实验的三个相同与三个适当,ext-phy-e47d881ac6-005,探究力的合成规律实验的三个相同与三个适当,,KEEP,「弹簧测力计使用前要先观察指针是否指零」「形变应尽量大一些；细绳套应适当长一些」——校零/位置/标度三相同与夹角/形变/绳长三适当，正合节点名；现绑即本族最贴节点。,
PHYSICS,整体法与隔离法在受力分析中的应用,ext-phy-9142eeb79f-016,整体法与隔离法在受力分析中的应用,共点力平衡的常用方法,REBIND,「题型4 共点力平衡问题 题型图解，四种常用方法」「④正弦定理法与辅助圆法——受力特点为 1 个恒力、另外 2 个力夹角不变」——四种方法里整体/隔离只占其一，主体是共点力平衡的求解方法，现绑「整体法与隔离法在受力分析中的应用」名不副实。,
PHYSICS,整体法与隔离法在受力分析中的应用,ext-phy-9142eeb79f-020b,整体法与隔离法在受力分析中的应用,,KEEP,「以三个半球和光滑球为整体（整体法）」「再隔离一个半球，水平方向有」——整题即整体法+隔离法的解题示范，属例题型材料，绑定不误。,
PHYSICS,整体法与隔离法在受力分析中的应用,ext-phy-9142eeb79f-024,整体法与隔离法在受力分析中的应用,,KEEP,「隔离一个滑块，它受到的摩擦力等于杆的推力沿水平方向的分量」「求地面支持力用整体法最简便」——正文是隔离法+整体法的解题示范（例题），绑定不误。,
PHYSICS,整体法与隔离法在受力分析中的应用,ext-phy-9678b25116-002,整体法与隔离法在受力分析中的应用,,KEEP,「求系统内力（如绳的张力 物体间的摩擦力）：先用整体法求系统的共性物理量」「整体法分析：对系统受力分析 列整体方程求共性物理量」——力学场景与解题步骤两条即本节点的方法；「转换法」是资料包主题，包内无更贴节点。,
PHYSICS,整体法与隔离法在受力分析中的应用,ext-phy-a071efdd62-008,连接体问题的分析易错-整体法与隔离法应用,,KEEP,「若连接体内的物体具有共同加速度，可以把它们看成一个整体」「一般先用整体法求出加速度，再隔离某一物体求相互作用力」——逐句合现绑节点边界（连接体先整体后隔离求内力），不移。,
PHYSICS,整体法与隔离法在受力分析中的应用,ext-phy-b9ef1327f8-013,整体法与隔离法在受力分析中的应用,,KEEP,「分析两个或两个以上物体间的相互作用时，一般采用整体法与隔离法」「要交替使用这两种方法」——第一技巧即现绑节点；第二技巧「转换研究对象」是相邻技巧，不足以判错绑。,
PHYSICS,整体法与隔离法在受力分析中的应用,ext-phy-ccee6544ee-028,整体法与隔离法在受力分析中的应用,,KEEP,「一般采用整体法与隔离法进行分析」「有时需要先隔离再整体，交替使用」——与现绑节点同轴（多物体平衡中整体/隔离的选用），不移。,
PHYSICS,整体法与隔离法在受力分析中的应用,ext-phy-de9921c433-058b,连接体间内力的求解,连接体问题的分析易错-整体法与隔离法应用,REBIND,「当连接体内（即系统内）各物体的加速度大小相同时」「当求系统内物体间相互作用的内力时」——正文是连接体中整体/隔离的选取规则；现绑「连接体间内力的求解」边界只讲内力易错，覆盖不全。,
PHYSICS,整体法与隔离法在受力分析中的应用,phys-hj2-shouli-fenxi-sizhong-fangfa,整体法与隔离法在受力分析中的应用,,KEEP,「整体法：将加速度相同的几个相互关联物体作为一个整体分析」「隔离法：把研究对象从系统中分离出来单独分析」——四种受力分析方法里整体/隔离两种即现绑节点；假设法/动力学分析属相邻技巧，不足以判错绑。,
PHYSICS,方向-总是竖直向下-竖直向下是和水平面垂直-不一定和接触面垂直-也不一定指向地心,phys-fx-satellite-orbit-planes,方向-总是竖直向下-竖直向下是和水平面垂直-不一定和接触面垂直-也不一定指向地心,人造卫星的轨道分类与运行参数,REBIND,「轨道分类：赤道轨道（含同步卫星）、极地轨道、一般轨道」「万有引力指向地心，故圆轨道圆心必为地心」——正文是卫星轨道分类与地心几何；现绑「重力的方向」纯错绑（别名挂「地心」是污染）。,
PHYSICS,核心规律-受力分析-力的合成与分解-共点力的平衡,phys-hj-026-force-composition-error,核心规律-受力分析-力的合成与分解-共点力的平衡,探究两个互成角度的力的合成规律实验的误差与改进,REBIND,「读数时视线正对刻度减小偶然误差」「可减小作图误差」——正文是该实验的误差与减小办法，正合「误差与改进」节点；现绑「核心规律」是合并残留的桶节点（边界只有「一、受力分析」）。,
PHYSICS,核心规律-受力分析-力的合成与分解-共点力的平衡,phys-hj-137-three-charge-equilibrium,核心规律-受力分析-力的合成与分解-共点力的平衡,三个自由点电荷的平衡模型,REBIND,「位置规律为两同夹一异、两大夹一小」「每个点电荷所受另外两个电荷的合力为零」——正文全是该模型结论，且属静电场（桶节点只覆盖力学第三章）；同章另有近重复节点「三个自由点电荷平衡模型」。,
PHYSICS,核心规律-受力分析-力的合成与分解-共点力的平衡,phys-hj2-duoli-zhengjiao-fenjie-qiughe,核心规律-受力分析-力的合成与分解-共点力的平衡,正交分解法,REBIND,「静力学中让尽量多的力落在坐标轴上（少分解、易分解）」「动力学中沿加速度方向和垂直加速度方向建轴」——正文即正交分解求合力的方法与建系原则；现绑「核心规律」桶节点接不住。,
PHYSICS,核心规律-受力分析-力的合成与分解-共点力的平衡,phys-hj2-gongdianli-pingheng-jiie-fangfa,核心规律-受力分析-力的合成与分解-共点力的平衡,共点力平衡的常用方法,REBIND,「合成法：一个力与其余力的合力等大反向，适用于非共线三力平衡」「矢量三角形法：三力构成闭合三角形」——正文是共点力平衡求解方法及适用场景，正合「共点力平衡的常用方法」。,
PHYSICS,核心规律-受力分析-力的合成与分解-共点力的平衡,phys-hj2-teshu-gongdianli-hecheng,核心规律-受力分析-力的合成与分解-共点力的平衡,力的合成,REBIND,「合力方向沿两力夹角平分线」「合力大小等于分力，方向沿角平分线」——正文是共点力合成的特殊角结论，正合「力的合成」（合力求法与夹角关系）；现绑「核心规律」桶节点不合。,
PHYSICS,核心规律-受力分析-力的合成与分解-共点力的平衡,phys-hj3-special-force-composition,核心规律-受力分析-力的合成与分解-共点力的平衡,力的合成,REBIND,「合力沿角平分线方向」「合力大小等于分力大小」——同为几种特殊共点力合成结果，属「力的合成」；现绑「核心规律」桶节点不合。,
PHYSICS,核心规律-受力分析-力的合成与分解-共点力的平衡,phys-hj3-static-equilibrium-three-methods,核心规律-受力分析-力的合成与分解-共点力的平衡,共点力平衡的常用方法,REBIND,「合成法：物体受三个共点力平衡，任意两个力的合力一定与第三个力大小相等、方向相反」「物体受三个或三个以上共点力平衡时」——正文是平衡三法的适用条件，正合「共点力平衡的常用方法」。,
PHYSICS,核心规律-受力分析-力的合成与分解-共点力的平衡,phys-mo-l06-force-composition-e,核心规律-受力分析-力的合成与分解-共点力的平衡,力的合成,REBIND,「误区：认为两个力的合力一定比其分力大」「正确：互成角度的两个力的合力与分力间一定构成封闭的三角形」——四条辨析里三条在合力与分力关系，正合「力的合成」；现绑「核心规律」桶节点不合。,
PHYSICS,核心规律-受力分析-力的合成与分解-共点力的平衡,phys-mo-l06-force-composition-n,核心规律-受力分析-力的合成与分解-共点力的平衡,,KEEP,「正交分解法求合力在建立直接坐标系时尽可能多的让力落在坐标轴上」＋「力的分解结果有无数种可能，一般按照实际作用效果分解」——正交分解求合力与效果分解都落在现绑节点 slug「受力分析-力的合成与分解-共点力的平衡」的三块之一（力的合成与分解）之内；节点名「核心规律」与定位式边界是节点形状问题，不是本条错绑。,
PHYSICS,核心规律-受力分析-力的合成与分解-共点力的平衡,phys-mo-l07-equilibrium-e,核心规律-受力分析-力的合成与分解-共点力的平衡,,KEEP,「下滑力是重力的分力，不能重复画」＋「认为速度为零即处于平衡状态——平衡要求合力为零」——前者是受力分析的不重画分力，后者是共点力平衡的合力为零条件，均落在现绑节点 slug 覆盖的「受力分析…共点力的平衡」范围内。,
PHYSICS,核心规律-受力分析-力的合成与分解-共点力的平衡,phys-mo-l07-equilibrium-n,核心规律-受力分析-力的合成与分解-共点力的平衡,,KEEP,「只分析研究对象受到的力，不分析它对外界的力」「惯性不是力，不要把物体的惯性当力」「只分析性质力，不分析效果力」——三条都是受力分析原则，正落现绑节点 slug 首段「受力分析」。,
PHYSICS,测量动摩擦因数的实验方法,phys-fx-mu-measure-basic-principle,由测定加速度延伸为测定动摩擦因数,测量动摩擦因数的实验方法,REBIND,「弹簧测力计水平匀速拉动物体，拉力等于滑动摩擦力」「力传感器拉静止物体可得拉力-时间图像，读出静摩擦力范围与滑动摩擦力」——平衡法与传感器直接测滑动摩擦力再算 μ，与靶区别名「用平衡法测定动摩擦因数的方案一」「用弹簧测力计测定动摩擦因数的方案二与方案三」逐字对口；现绑节点只讲由纸带测加速度延伸。,
PHYSICS,滑动摩擦-静摩擦-大小可能突增,ext-phy-2992bd4196-010,滑动摩擦-静摩擦-大小可能突增,,KEEP,「做减速运动的物体突然停止滑行」＋「滑动摩擦力突变为静摩擦力，其大小由此时的平衡条件决定」——动—静突变的场景与判断，正实现绑节点同名主题「滑动摩擦 → 静摩擦」。,
PHYSICS,滑动摩擦-静摩擦-大小可能突增,ext-phy-f88d1938f5-014,滑动摩擦-静摩擦-大小可能突增,,KEEP,「做减速运动的物体突然停止相对滑行时，物体将不再受滑动摩擦力作用，滑动摩擦力突变为静摩擦力」＋「可能比原来的滑动摩擦力大，也可能小」——动—静突变的时刻与大小变化，正对现绑节点主题。,
PHYSICS,相似三角形-动态三角形-拉密定理等方法解决临界极值问题,ext-phy-9142eeb79f-003c,相似三角形-动态三角形-拉密定理等方法解决临界极值问题,,KEEP,「由其他力的取值范围（如弹力不小于零、摩擦力不超过最大静摩擦力）确定临界条件」——正文是共点力平衡取最大拉力的临界极值问题，落在现绑节点 slug「…等方法解决临界极值问题」面内；正文未用三种几何方法，两读并存（见 uncertain）。,
PHYSICS,相似三角形-动态三角形-拉密定理等方法解决临界极值问题,ext-phy-c8f34b4a1e-008,相似三角形-动态三角形-拉密定理等方法解决临界极值问题,,KEEP,「以恒力的两个端点为弦的两个端点作圆，使矢量三角形的第三个顶点落在圆上，即可保证两变力夹角不变」——三力平衡辅助圆作图法，属现绑节点矢量三角形/外接圆方法族（其别名已收「用矢量三角形的外接圆分析动态平衡」）。,
PHYSICS,相似三角形-动态三角形-拉密定理等方法解决临界极值问题,ext-phy-c8f34b4a1e-009,相似三角形-动态三角形-拉密定理等方法解决临界极值问题,,KEEP,「利用直径所对的圆周角为直角满足初始夹角条件」「按场景规则构造辅助圆」——辅助圆法第二种规则与四步流程，仍是现绑节点三力平衡几何方法族的操作要点。,
PHYSICS,相似三角形-动态三角形-拉密定理等方法解决临界极值问题,phys-fx-three-force-equilibrium-methods,合成与分解法则-平行四边形法则,,KEEP,「合成法：任意两力的合力与第三力等大反向」「相似三角形法：力的矢量三角形与空间几何三角形相似，用比例求力」——三力平衡解法归纳，前两条即现绑「合成与分解法则」内容；四条解法分散在多个方法族节点，无法唯一改绑（见 uncertain）。,
PHYSICS,相似三角形-动态三角形-拉密定理等方法解决临界极值问题,phys-hj2-pianzhuan-daping-yanshangxian,相似三角形-动态三角形-拉密定理等方法解决临界极值问题,带电粒子在匀强电场中偏转的两个分运动,REBIND,「速度反向延长线与初速度延长线的交点在水平位移的中点」「打屏位置：屏上偏移 $y=y_1+Dtanθ=y_1+y_2$」——电场偏转的两个重要结论与打屏位置计算；现绑「三力平衡的三角形法与拉密定理」与正文零交集，权威表 material_bindings.csv 已裁定同向。,
PHYSICS,绳连接与杆连接系统,ext-phy-311ac2aa8a-055,多物体系统的机械能守恒,,KEEP,「杆对物体的作用力不一定沿杆方向，杆能对物体做功，单个物体机械能不一定守恒」「只有重力和系统内绳的拉力做功、其他力不做功时，系统机械能才守恒」——正对现绑节点边界「绳、杆的拉力对单个物体做功…单独使用守恒式通常不成立」。,
PHYSICS,胡克定律,ext-phy-1a8acded92-013,探究结果-胡克定律-x为形变量,,KEEP,「公式中 x 是弹簧的形变量，不是弹簧的长度」「直线的斜率表示弹簧的劲度系数 k」——两条都合现绑节点边界（x 为形变量、弹力-形变量图像斜率即劲度系数）；与靶区「胡克定律」属同族近重复节点，材料在两处来回搬（见 node findings）。,
PHYSICS,胡克定律,ext-phy-5737269c83-017,气体实验定律,,KEEP,「盖—吕萨克定律：一定质量的某种气体，在压强不变的情况下，其体积与热力学温度成正比」——正是现绑节点边界原句「等压的盖—吕萨克定律」；靶区「胡克定律」靠别名「盖-吕萨克定律（等压变化）」污染命中，属词面误配。,
PHYSICS,胡克定律,ext-phy-59dd10c06b-002,胡克定律,,KEEP,「串联后弹簧的等效劲度系数比其中任意一根都小」「并联后弹簧的等效劲度系数比其中任意一根都大」——正是现绑节点边界明列的「弹簧串联、并联的等效劲度系数」。,
PHYSICS,胡克定律,ext-phy-81ec357d7d-002,胡克定律,,KEEP,「弹簧下端悬挂钩码，平衡时弹簧产生的弹力与钩码的重力大小相等」「图线为过原点的直线时，弹力与伸长量成正比，图线斜率表示弹簧的劲度系数」——探究胡克定律的实验原理，落点在现绑节点所辖弹簧类材料族（见 node findings）。,
PHYSICS,胡克定律,ext-phy-81ec357d7d-003,胡克定律,,KEEP,「用刻度尺测出弹簧自然伸长时的长度 $l_0$，即弹簧原长」「算出伸长量 $x_1=l_1-l_0$」——按胡克定律测伸长量并作图的操作步骤，与现绑节点的弹簧-形变量材料族同题。,
PHYSICS,胡克定律,ext-phy-81ec357d7d-006,胡克定律,,KEEP,「不要超过弹簧的弹性限度」「严格区分弹簧总长度与弹簧伸长量」——弹性限度与 x 为形变量都是胡克定律的成立前提与要点。,
PHYSICS,胡克定律,ext-phy-8a92a5c86e-002,胡克定律,,KEEP,「平衡时弹簧产生的弹力与所挂钩码的重力大小相等，因此可以用钩码的重力来量度弹簧的弹力」「保证不超过弹簧的弹性限度」——同为胡克定律（弹性限度内 F 与 x 成正比）的实验原理材料。,
PHYSICS,胡克定律,ext-phy-8a92a5c86e-005,胡克定律,,KEEP,「以弹簧的弹力 $F$ 为纵轴、弹簧的伸长量 $x$ 为横轴描点」「直线的斜率表示弹簧的劲度系数 $k$，即 $F=kx$」——数据处理求出的就是胡克定律的劲度系数与正比关系。,
PHYSICS,胡克定律,ext-phy-9142eeb79f-001,胡克定律,,KEEP,「取走一个盘子使整体重力减少 mg，三根弹簧的总弹力也减少 mg，由胡克定律的三根弹簧等效关系得 $mg=3k\Delta x$」——正对现绑节点边界明列的「用整体法分析弹簧悬挂托盘与盘子的平衡问题」。,
PHYSICS,胡克定律,ext-phy-97806d1368-001,胡克定律,,KEEP,「平衡时弹簧产生的弹力与钩码总重力大小相等，因此可以用钩码的重力表示弹簧的弹力」「由所得图线探究弹力大小与伸长量之间的关系」——同族实验原理材料，属现绑节点所辖。,
PHYSICS,胡克定律,ext-phy-97806d1368-005,胡克定律,,KEEP,「将弹簧水平放置或穿过一根水平光滑的直杆，在水平方向做实验，可以消除弹簧自重的影响」——测劲度系数的实验创新，原理仍是胡克定律 F=kx（现绑节点别名已收同名材料）。,
PHYSICS,胡克定律,ext-phy-9e8c1b71f4-006,胡克定律,,KEEP,「不要超过弹簧的弹性限度」「超过后胡克定律不再成立」「只有在分析了点的分布和走向以后，才决定用直线来连接这些点」——胡克定律实验的注意事项。,
PHYSICS,胡克定律,ext-phy-e14aad82a5-064,胡克定律,,KEEP,「串联：几根弹簧串联时 1/k总=1/k1+1/k2+…+1/kn，等效劲度系数比任一根都小」——正是现绑节点边界明列的弹簧串联、并联等效劲度系数。,
PHYSICS,轻弹簧连接系统的机械能守恒,ext-phy-738c15e5d1-016,滑块-小球-弹簧模型,,KEEP,原句「动量守恒：两个物体与弹簧相互作用的过程中，若系统所受外力的矢量和为零，则系统动量守恒」＋「除弹簧弹力以外的内力不做功，系统机械能守恒」——两条守恒正是现绑「滑块（小球）—弹簧模型」边界(1)(2)；靶区只涉机械能一项，不作改绑。,
PHYSICS,轻弹簧连接系统的机械能守恒,ext-phy-738c15e5d1-017,滑块-小球-弹簧模型,,KEEP,原句「状态一：弹簧最短（或最长）时两物体瞬时速度相等，弹性势能最大；此时系统动量守恒 m1v0=(m1+m2)v共」——关键状态与动量守恒正合现绑节点边界(3)「弹簧压缩至最短时…两物体速度相同…弹性势能最大」；靶区未含动量守恒。,
PHYSICS,轻弹簧连接系统的机械能守恒,ext-phy-8c409e35f1-005b,含弹簧变力做功问题的解题思路,轻弹簧连接系统的机械能守恒,REBIND,原句「若系统除重力、弹簧弹力以外的其他力不做功，系统机械能守恒」＋「弹簧两端的物体把弹簧拉伸至最长（或压缩至最短）时，两端物体具有相同的速度，此时弹性势能最大」——正对靶区别名「含弹簧系统的机械能守恒条件与弹性势能特点」；现绑节点讲平均力法，正文未涉变力做功解法。,
PHYSICS,轻弹簧连接系统的机械能守恒,ext-phy-b5ebfaba41-019,多物体系统机械能守恒的情景,,KEEP,原句「明确两物体的速度大小相等，还是沿绳方向的分速度大小相等（关联速度情景）」＋「对于单个物体…机械能不守恒；但对于绳连接的系统，机械能则可能守恒」——正合现绑节点边界「关联速度…沿绳或杆方向分解」「单个物体不守恒、系统守恒」；靶区讲弹簧，不对口。,
PHYSICS,轻弹簧连接系统的机械能守恒,ext-phy-b5ebfaba41-020,多物体系统机械能守恒的情景,,KEEP,原句「平动时两物体的线速度相等，转动时两物体的角速度相等」＋「杆能对物体做功，单个物体的机械能不守恒」——正是现绑节点别名「速率相等情景」「角速度相等情景」；靶区为弹簧连接系统，不对口。,
PHYSICS,轻杆的形变与弹力方向特点,ext-phy-47424f3a0e-027,瞬时性突变类问题-轻绳-轻弹簧,,KEEP,原句「刚性绳、杆和接触面连接：…故弹力可以立即改变或消失」「弹簧、橡皮绳和蹦床连接：…其弹力的大小不能突变」——两类连接在瞬时问题中的弹力突变正是现绑「瞬时性突变类问题——轻绳、轻弹簧」；靶区所讲杆的弹力方向未涉及。,
PHYSICS,连接体对合力的分配原则,ext-phy-2ce66db90e-004,同条件同加速度轻绳连接体动力学的计算问题,,KEEP,原句「力的质量正比例分配原则法：一起加速运动的问题中，物体间的相互作用力按质量正比例分配」＋「与…何种连接物（轻绳、轻杆、轻弹簧）无关」——与现绑节点边界几乎同文；靶区「连接体对合力的分配原则」是同一原则的另一节点。,
PHYSICS,降维法处理三维空间平衡,ext-phy-9142eeb79f-010,降维法处理三维空间平衡,,KEEP,原句「这些力无法在一个平面内画出，因此需要从侧视和俯视两个角度观察并进行受力分析」＋「空间力系先分解到两个互相垂直的平面…再在各自平面内按共点力平衡处理」——正是现绑「降维法处理三维空间平衡」的降维法本体。,
PHYSICS,静摩擦-滑动摩擦-大小突减,ext-phy-2992bd4196-006,静摩擦-滑动摩擦-大小突减,,KEEP,原句「物体在静摩擦力和其他力共同作用下处于相对静止状态。当其他力变化时，如果物体不能保持相对静止状态，则物体受到的静摩擦力将突变为滑动摩擦力」——正对现绑节点「静摩擦→滑动摩擦(大小突减)」的场景与突变描述。,
PHYSICS,静摩擦-滑动摩擦-大小突减,ext-phy-f88d1938f5-013,静摩擦-滑动摩擦-大小突减,,KEEP,原句「静摩擦力将突变成滑动摩擦力，突变点常常为静摩擦力达到最大值时」＋「摩擦力换成 $F_f=\mu F_N$，一般大小会突然减小」——正合现绑节点「静摩擦→滑动摩擦(大小突减)」的突变点与大小突减描述。,
PHYSICS,静摩擦力与滑动摩擦力的比较,ext-phy-3440c11bb0-007,摩擦力做功与能量关系分析技巧,,KEEP,原句「一对静摩擦力所做功的代数和总等于零，总的机械能保持不变」＋「一对滑动摩擦力做功的代数和总是负值，其绝对值等于…产生的热量」——正是现绑「摩擦力做功与能量关系分析技巧」的摩擦生热内容；靶区节点不讲做功与能量。,
PHYSICS,静摩擦力与滑动摩擦力的比较,ext-phy-59dd10c06b-004b,静摩擦力与滑动摩擦力的比较,,KEEP,原句「起初木块没有发生滑动，所受摩擦力为静摩擦力，由力的平衡条件得 $F_f=G\sin\theta$」＋「当木块开始滑动后摩擦力变为滑动摩擦力 $f=\mu G\cos\theta$」——静、滑动摩擦力大小随倾角的变化属现绑节点所辖大小比较，无更贴近节点。,
PHYSICS,静摩擦力与滑动摩擦力的比较,ext-phy-5debe39f08-012,摩擦力做功与能量关系分析技巧,,KEEP,原句「① 静摩擦力做功：只有机械能从一个物体转移到另一个物体，而没有机械能转化为其他形式的能。② 滑动摩擦力做功：…一部分机械能转化为内能」——正是现绑节点别名「静摩擦力与滑动摩擦力做功的能量转化区别」；靶区不讲做功与能量。,
PHYSICS,静摩擦力与滑动摩擦力的比较,ext-phy-72961c9cc6-003b,摩擦力做功与能量关系分析技巧,,KEEP,原句「摩擦力做功特性：静摩擦力可以做正功、负功，也可以不做功；滑动摩擦力做功与路程相关」——正是现绑节点别名「静摩擦力与滑动摩擦力的做功特点」；靶区「静摩擦力与滑动摩擦力的比较」边界为摩擦力有无与判断方法，不含做功特点。,
PHYSICS,静摩擦力与滑动摩擦力的比较,phys-hj-012-friction-static-to-kinetic,静摩擦力与滑动摩擦力的比较,摩擦力的突变类问题,REBIND,原句「物体原处于静止，当其他力变化使其不能保持静止时，静摩擦力突变为滑动摩擦力，大小变为 $μF_N$」——静↔滑动摩擦力的突变，正对「摩擦力的突变类问题」的「类型（静摩擦↔滑动摩擦）…发生转换」；现绑节点只讲两种摩擦力本身，无突变。,
PHYSICS,静摩擦力与滑动摩擦力的比较,phys-hj-013-friction-kinetic-to-static,静摩擦力与滑动摩擦力的比较,摩擦力的突变类问题,REBIND,原句「做减速运动的物体突然停止滑动时，滑动摩擦力突变为静摩擦力或为零，其大小方向由该瞬间外力条件决定」——属「摩擦力的突变类问题」的分类一（静摩擦力与滑动摩擦力之间的突变）；现绑「静摩擦力与滑动摩擦力的比较」不含突变。,
PHYSICS,静摩擦力有无及方向的判断方法,ext-phy-59dd10c06b-004,静摩擦力有无及方向的判断方法,,KEEP,原句「2.假设法：假设物体间接触面光滑（即不存在静摩擦力），分析物体间是否发生相对滑动」＋条件法、状态法、转换对象法共四法——正是同名现绑节点「静摩擦力有无及方向的判断方法」。,
PHYSICS,静摩擦力有无及方向的判断方法,ext-phy-6d8ca521d5-020,静摩擦力有无及方向的判断方法,,KEEP,原句「② 假设法：先假设接触面光滑（或假设没有静摩擦力），看物体能否保持原有运动状态」＋「④ 转换对象法：…再根据牛顿第三定律确定另一物体所受静摩擦力的方向」——四种方法正对同名现绑节点。,
PHYSICS,静摩擦力有无及方向的判断方法,phys-fx-static-friction-judge-methods,传播方向和振动方向的判断-图像理解,静摩擦力有无及方向的判断方法,REBIND,原句「1. 假设法：假设接触面光滑，看相对滑动趋势方向。2. 状态法：由平衡条件或牛顿第二定律反推静摩擦力。3. 转换法…」——通篇是静摩擦力有无与方向的判断方法；现绑「传播方向和振动方向的判断——图像理解」是机械波内容，显系错绑。,
PHYSICS,静摩擦力有无及方向的判断方法,phys-hj3-friction-judge-three-ways,传播方向和振动方向的判断-图像理解,静摩擦力有无及方向的判断方法,REBIND,原句「假设法：假设接触面光滑（或无摩擦），看物体相对运动趋势方向，从而确定静摩擦力方向」＋状态法、转换法——正对靶区节点；现绑「传播方向和振动方向的判断——图像理解」讲机械波，跨章错绑。,
