subject,slug,name,kind,boundary,volume,chapter,theme,source_locator
BIOLOGY,生态系统,生态系统,CONCEPT,空间范围可以是一滴水、一片森林，也可以是整个生物圈；判据是生物群落与其非生物环境相互作用形成统一整体，只有生物、没有环境（如离体培养的细胞）不算生态系统。,生物学选择性必修2,第三章 生态系统及其稳定性,生态系统的结构,人教版高中教材（2019）
BIOLOGY,生物圈,生物圈,CONCEPT,生物圈是地球上最大的生态系统，包括大气圈的底部、水圈的全部和岩石圈的表面；它不等于地球上所有生物的总和，必须连带非生物环境。,生物学选择性必修2,第三章 生态系统及其稳定性,生态系统的结构,人教版高中教材（2019）
BIOLOGY,非生物的物质和能量,非生物的物质和能量,CONCEPT,指光、热、水、空气、无机盐等；它是生态系统的组成成分而不是生物群落的一部分，能量流动与物质循环的起点都在这一成分上。,生物学选择性必修2,第三章 生态系统及其稳定性,生态系统的结构,人教版高中教材（2019）
BIOLOGY,生产者,生产者,CONCEPT,判据是能否把无机物合成有机物（自养），不是长得像不像植物；蓝细菌、硝化细菌都是生产者，菟丝子虽然是植物却属消费者。,生物学选择性必修2,第三章 生态系统及其稳定性,生态系统的结构,人教版高中教材（2019）
BIOLOGY,消费者,消费者,CONCEPT,判据是异养且直接或间接以生产者为食；寄生生物（寄生细菌、菟丝子等）属消费者，不属分解者，这是最常混的一处。,生物学选择性必修2,第三章 生态系统及其稳定性,生态系统的结构,人教版高中教材（2019）
BIOLOGY,分解者,分解者,CONCEPT,判据是腐生并把有机物分解成无机物；蚯蚓、蜣螂等腐食性动物属分解者而不属消费者，这是最常见的判错点。,生物学选择性必修2,第三章 生态系统及其稳定性,生态系统的结构,人教版高中教材（2019）
BIOLOGY,生物群落,生物群落,CONCEPT,指一定区域内全部生物（生产者、消费者、分解者的总和），必须包含全部种群而不是数量最多的那几种；与非生物环境合起来才是生态系统。,生物学选择性必修2,第三章 生态系统及其稳定性,生态系统的结构,人教版高中教材（2019）
BIOLOGY,营养级,营养级,CONCEPT,营养级指处于同一营养层次的全部生物的总和，不是个体、也不一定是一个种群；分解者不占任何营养级。,生物学选择性必修2,第三章 生态系统及其稳定性,生态系统的结构,人教版高中教材（2019）
BIOLOGY,同化量,同化量,CONCEPT,同化量等于摄入量减去粪便量；上一营养级的粪便量计入下一营养级的摄入量而不是同化量，这是能量计算最常见的错点。,生物学选择性必修2,第三章 生态系统及其稳定性,生态系统的能量流动,人教版高中教材（2019）
BIOLOGY,摄入量,摄入量,CONCEPT,摄入量等于同化量与粪便量之和，只对消费者和分解者使用；生产者没有摄入量，其同化量就是固定的总能量。,生物学选择性必修2,第三章 生态系统及其稳定性,生态系统的能量流动,人教版高中教材（2019）
BIOLOGY,能量传递效率,能量传递效率,CONCEPT,指相邻两个营养级之间同化量的比值，分母是上一营养级的同化量而不是摄入量；一成到两成是相邻营养级的经验范围，不能套用到非相邻营养级。,生物学选择性必修2,第三章 生态系统及其稳定性,生态系统的能量流动,人教版高中教材（2019）
BIOLOGY,生态金字塔,生态金字塔,REPRESENTATION,能量金字塔一定是正金字塔形；数量金字塔与生物量金字塔在特定条件下可能倒置，判断前先确认是哪一种金字塔。,生物学选择性必修2,第三章 生态系统及其稳定性,生态系统的能量流动,人教版高中教材（2019）
BIOLOGY,碳循环,碳循环,CONCEPT,碳在生物群落内部以含碳有机物形式传递，在生物群落与非生物环境之间以二氧化碳形式循环；碳循环具有全球性，不能只看局部。,生物学选择性必修2,第三章 生态系统及其稳定性,生态系统的物质循环,人教版高中教材（2019）
BIOLOGY,生物富集,生物富集,CONCEPT,指有害物质沿食物链逐级积累、营养级越高浓度越高的现象，方向与能量流动的逐级递减相反；只针对难降解的有害物质，不是所有物质。,生物学选择性必修2,第三章 生态系统及其稳定性,生态系统的物质循环,人教版高中教材（2019）
BIOLOGY,生态平衡,生态平衡,CONCEPT,指生态系统的结构与功能处于相对稳定状态，是动态平衡而不是静止不变；判断看一段时间内的整体趋势，不看某一时刻的数值。,生物学选择性必修2,第三章 生态系统及其稳定性,生态系统的稳定性,人教版高中教材（2019）
BIOLOGY,抵抗力稳定性,抵抗力稳定性,CONCEPT,指抵抗外界干扰、使自身结构与功能保持原状的能力；它与恢复力稳定性通常呈负相关，比较两个生态系统时不能只看其中一项。,生物学选择性必修2,第三章 生态系统及其稳定性,生态系统的稳定性,人教版高中教材（2019）
BIOLOGY,恢复力稳定性,恢复力稳定性,CONCEPT,指受到外界干扰破坏后恢复到原状的能力，通常用恢复所需时间衡量；恢复的对象是结构与功能，恢复得快不等于恢复得完整。,生物学选择性必修2,第三章 生态系统及其稳定性,生态系统的稳定性,人教版高中教材（2019）
