subject,slug,reason,drop_materials
CHEMISTRY,正误判断-正确的打-错误的打-x1,纯题干残渣，跨章3份,
CHEMISTRY,正误判断-正确的打-错误的打-x2,纯题干残渣，跨章3份,
CHEMISTRY,正误判断-正确的打-错误的打,纯题干残渣，跨章3份,
MATH,已知的定义域为-求的定义域-其实质是的取值范围为-求的取值范围,整句话当名称,
MATH,已知的定义域-求的定义域-要先按-2-求出的定义域,整句话当名称,
MATH,零次幂的底数不能为零-即中,公式被剥离,
MATH,2025-安徽蚌埠-三模-已知-则,高考题干残句,
MATH,2023-山西-模拟预测-已知-且-则,高考题干残句,
MATH,2025-黑龙江吉林-模拟预测-已知-则的值为,高考题干残句,
MATH,2024-天津红桥-二模-在中-内角-的对边分别为-已知-且,高考题干残句,
MATH,已知函数,题干/答案标记,
MATH,在中-角a-的对边分别为-且,公式被剥离,
MATH,2023-天津-一模-在中-内角-的对边分别为-已知,高考题干残句,
MATH,2025-天津南开-一模-在中-内角的对边分别为-且,高考题干残句,
MATH,累乘法-适用于an-1-f-n-an-可变形为-f-n,整句话当名称,
MATH,2025-江苏苏州-三模-已知数列满足-则,高考题干残句,
MATH,2025-海南海口-模拟预测-若数列满足-已知-则,高考题干残句,
MATH,2025-福建福州-模拟预测-记为正整数-的最大公约数-正整数数列满足,高考题干残句,
MATH,已知数列-求证,题干/答案标记,
MATH,2025-四川成都-一模-在等差数列中-则,高考题干残句,
MATH,2025-广东广州-三模-已知等差数列的前n项和为-则,高考题干残句,
MATH,α-γ-β-γ-α-β-l-l-γ-客观题可用,整句话当名称,
PHYSICS,基本规律,通用名词无主语,
PHYSICS,解题的思路,通用名词无主语,
PHYSICS,产生条件,通用名词无主语,
PHYSICS,基本概念,通用名词无主语,
PHYSICS,关键物理量,通用名词无主语,
PHYSICS,应用场景,通用名词无主语,
PHYSICS,两个质量均为m的木块a-b用恰好伸直的轻绳相连-放在水平圆盘上,整句话当名称,
PHYSICS,解题关键,通用名词无主语,
PHYSICS,地下-在天体内部距离中心r处-r-r-加速度为g-r,整句话当名称,
PHYSICS,位移-速度和加速度,只有标题冒号,
PHYSICS,规律,通用名词无主语,
PHYSICS,偏振光-在垂直于光的传播方向的平面上-只沿着某个特定的方向振动的光,整句话当名称,
PHYSICS,结构,通用名词无主语,
PHYSICS,解题方法-x1,通用名词无主语,
PHYSICS,危害-互感现象能发生在任何两个相互靠近的电路之间-互感现象有时会影响电路的工作,整句话当名称,
PHYSICS,应用-1-涡流热效应的应用-如真空冶炼炉-2-涡流磁效应的应用-如探雷器,整句话当名称,
PHYSICS,特点-x1,通用名词无主语,
PHYSICS,匝数比不变的分析思路,只有标题冒号,
PHYSICS,不要漏掉大气压强-同时又要尽可能平衡掉某些大气的压力,整句话当名称,
PHYSICS,电子束衍射实验-戴维孙-g-p-汤姆孙-证实电子的波动性,整句话当名称,
PHYSICS,以基本的力学模型为载体-依托运动学规律和力学定律设计实验,题干/答案标记,
CHEMISTRY,请把下列物质的序号填写到下图的横线上,题干/答案标记,
CHEMISTRY,用fe-oh-3胶体进行下列实验,题干/答案标记,
CHEMISTRY,从溶液改变角度分析产生的误差-用-偏大-偏小-或-无影响-填空,整句话当名称,
CHEMISTRY,从溶质改变角度分析产生的误差-用-偏大-偏小-或-无影响-填空,整句话当名称,
CHEMISTRY,设为阿伏加德罗常数的值-下列说法正确的是,题干/答案标记,
CHEMISTRY,物质的量是高中化学常用的物理量-请完成以下有关计算,整句话当名称,
CHEMISTRY,写出符合下列情况的离子方程式,题干/答案标记,
CHEMISTRY,能正确表示下列反应的离子方程式为,题干/答案标记,
CHEMISTRY,根据要求回答下列问题,题干/答案标记,
CHEMISTRY,电子工业常用30-的fecl3溶液腐蚀敷在绝缘板上的铜箔-制造印刷电路板,整句话当名称,
CHEMISTRY,铁与水蒸气反应实验改进前后的装置如图所示,题干/答案标记,
CHEMISTRY,关于氢氧燃料电池说法正确的是,题干/答案标记,
CHEMISTRY,如图-回答下列问题,题干/答案标记,
CHEMISTRY,根据信息回答下列问题,题干/答案标记,
CHEMISTRY,确定下列指定元素的原子序数,题干/答案标记,
CHEMISTRY,根据元素周期律比较下列各组性质-用-或-填空,题干/答案标记,
CHEMISTRY,在下列反应中硫元素只表现氧化性的是,题干/答案标记,
CHEMISTRY,通过此次实验活动-你认为物质分离和提纯原则应该有哪些,整句话当名称,
CHEMISTRY,某同学在一张ph试纸上滴几滴新制氯水-现象如图-下列有关该实验的说法中正确的是,题干/答案标记,
CHEMISTRY,下图是检验某无色气体a是so2和co2的混合气体的装置图-按要求回答下列问题,题干/答案标记,
CHEMISTRY,由下列实验事实得出的结论正确的是,题干/答案标记,
CHEMISTRY,硅是地壳中储量仅次于氧的元素-在自然界中主要以和硅酸盐的形式存在,整句话当名称,
CHEMISTRY,依据图示关系-请回答,只有标题冒号,
CHEMISTRY,试比较下列各组δh的大小,题干/答案标记,
CHEMISTRY,标准状态下-下列物质气态时的相对能量如下表,题干/答案标记,
CHEMISTRY,依据事实-写出下列反应的热化学方程式,题干/答案标记,
CHEMISTRY,对于反应n2-g-3h2-g-2nh3-g,整句话当名称,
CHEMISTRY,2025-北京卷-为研究三价铁配合物性质进行如下实验-忽略溶液体积变化,题干/答案标记,
CHEMISTRY,北京冬奥会期间使用氢燃料清洁能源汽车-其氢氧燃料电池工作示意图如图所示,题干/答案标记,
CHEMISTRY,已知反应-feo-s-co-g-fe-s-co2-g-δh-0,题干/答案标记,
CHEMISTRY,已知-co-g-2h2-g-ch3oh-g-δh,题干/答案标记,
CHEMISTRY,氢能是极具发展潜力的清洁能源-以氢燃料为代表的燃料电池有良好的应用前景,整句话当名称,
CHEMISTRY,1-指出下列粒子的空间结构,题干/答案标记,
CHEMISTRY,填写下表,题干/答案标记,
CHEMISTRY,已知几种共价键的键能如下,题干/答案标记,
CHEMISTRY,析图关键-关注曲线变化趋势-采取-定一议二-法,整句话当名称,
CHEMISTRY,观察下列有机物-并按碳骨架把它们分类-完成填空,题干/答案标记,
CHEMISTRY,写出下列官能团名称,题干/答案标记,
CHEMISTRY,1-按要求完成下列填空,题干/答案标记,
CHEMISTRY,1-下列物质中属于乙烯的同系物的是________-填序号-下同,题干/答案标记,
CHEMISTRY,1-中含氧官能团名称是________,题干/答案标记,
CHEMISTRY,用系统命名法给下列有机物命名,题干/答案标记,
CHEMISTRY,写出下列有机物的名称,题干/答案标记,
CHEMISTRY,某有机物结构为-回答下列问题,题干/答案标记,
CHEMISTRY,在e-的同分异构体中-同时满足下列条件的总数为_____种,题干/答案标记,
CHEMISTRY,以溴乙烷为原料制备1-2-二溴乙烷-下列方案中最合理的是,题干/答案标记,
CHEMISTRY,2025-天津-一模-化合物z是合成连翘酯苷类似物的重要中间体-其合成路线如下,高考题干残句,
CHEMISTRY,甲基丁香酚g-可用作食用香精-某小组设计的制备甲基丁香酚的流程如下,公式被剥离,
CHEMISTRY,在b-的同分异构体中-同时满足下列条件的共有____种-不考虑立体异构,题干/答案标记,
CHEMISTRY,高聚物g是一种合成纤维-由a与e为原料制备j和g的一种合成路线如下,整句话当名称,
CHEMISTRY,2025-北京卷-一种受体拮抗剂中间体p合成路线如下,高考题干残句,
CHEMISTRY,化合物g可用于药用多肽的结构修饰-其人工合成路线如下,整句话当名称,
CHEMISTRY,已知g-q-x-y-z均为含氯元素的化合物-在一定条件下有下列转化关系-未配平,题干/答案标记,
CHEMISTRY,配平下列化学方程式,题干/答案标记,
CHEMISTRY,配平下列氧化还原反应方程式,题干/答案标记,
CHEMISTRY,现有下列三个氧化还原反应,题干/答案标记,
CHEMISTRY,分别测定不同浓度溶液-溶液和溶液的电导率数值-测定结果的数据处理如下表,题干/答案标记,
CHEMISTRY,1-在一定温度下-有a-盐酸b-硫酸c-醋酸三种酸,整句话当名称,
CHEMISTRY,在相同浓度-相同温度下-与强电解质溶液做导电性对比实验,整句话当名称,
CHEMISTRY,室温下-进行如下实验,题干/答案标记,
CHEMISTRY,黑色的水溶性很差-已知-平衡常数-下列有关说法错误的是,题干/答案标记,
CHEMISTRY,下表是几种弱酸常温下的电离平衡常数,题干/答案标记,
CHEMISTRY,25-时-和的沉淀溶解平衡曲线如图-代表或-所示-下列说法不正确的是,题干/答案标记,
CHEMISTRY,水电离出的c-h-或c-oh-的相关计算-25,整句话当名称,
CHEMISTRY,常温下-下列有关电解质溶液的说法正确的是,题干/答案标记,
CHEMISTRY,室温时-关于1ml盐酸的说法不正确的是,题干/答案标记,
CHEMISTRY,规律,通用名词无主语,
CHEMISTRY,0-1-mol-l-1的nahso3溶液ph-7-各离子浓度的关系,整句话当名称,
CHEMISTRY,分别对稀溶液进行下列操作-一定可使增大的是,题干/答案标记,
CHEMISTRY,劳动创造美好生活-下列关于劳动项目的做法或对应化学知识的描述错误的是,题干/答案标记,
CHEMISTRY,常温下-下列操作能抑制水的电离-并使溶液的ph小于7的是,题干/答案标记,
CHEMISTRY,特点,通用名词无主语,
CHEMISTRY,高分子材料在疫情防控和新冠肺炎治疗中起到了重要的作用-下列说法正确的是,题干/答案标记,
CHEMISTRY,c919大型飞机的主结构材料大量使用了铝锂合金-铝锂合金的优点是,题干/答案标记,
CHEMISTRY,由工业废渣-主要含fe-si-al等的氧化物-制取聚合硫酸铁铝净水剂的流程如下,整句话当名称,
CHEMISTRY,al3-al-oh-3-alo-al-oh-4-之间的转化,整句话当名称,
MATH,2024-天津-一模-在中-角-的对边分别为-已知,题干壳：材料已归位真节点,
MATH,2024-四川宜宾-一模-已知函数-在锐角中-内角的对边分别为-且,题干壳：材料已归位真节点,
MATH,2025-新疆喀什-模拟预测-已知数列中-则,题干壳：材料已归位真节点,
MATH,2025-四川广安-模拟预测-已知数列满足-则使得成立的最小自然数为,题干壳：材料已归位真节点,
MATH,2025-江苏-模拟预测-函数满足-且-设-则的前项的和为,题干壳：材料已归位真节点,
MATH,2025-山西-三模-已知数列的通项公式为-则下列说法正确的是,题干壳：材料已归位真节点,
MATH,2025-广东佛山-三模-已知数列满足-且是关于的方程的两个根,题干壳：材料已归位真节点,
MATH,2025-云南昭通-模拟预测-已知数列是等差数列-且-数列的前项和为-且,题干壳：材料已归位真节点,
CHEMISTRY,已知nabh4与水反应的化学方程式为nabh4-2h2o-nabo2-4h2,题干壳：材料已全部归位真节点,
CHEMISTRY,某同学用na2co3和nahco3溶液进行如图所示实验-下列说法不正确的是,题干壳：材料已全部归位真节点,
CHEMISTRY,某兴趣小组利用电解装置-探究-铁作阳极-时发生反应的多样性-实验过程如图,题干壳：材料已全部归位真节点,
CHEMISTRY,用如图所示装置-夹持仪器省略-制备氢氧化亚铁,题干壳：材料已全部归位真节点,
CHEMISTRY,完成下列反应的离子方程式,题干壳：材料已全部归位真节点,
CHEMISTRY,某反应的反应过程与能量关系如图所示,题干壳：材料已全部归位真节点,
CHEMISTRY,在不同温度下的沉淀溶解平衡曲线如图所示-下列说法不正确的是,题干壳：材料已全部归位真节点,
CHEMISTRY,下列合成高分子化合物的反应及类型均正确的是,题干壳：材料已全部归位真节点,
CHEMISTRY,柠檬酸是一种重要的有机酸-存在于柠檬-柑橘-菠萝等水果中-其结构简式如图所示,题干壳：材料已全部归位真节点,
CHEMISTRY,1-某催化转化过程如图所示,题干壳：材料已全部归位真节点,
CHEMISTRY,下列分子晶体中-关于熔-沸点高低的叙述正确的是,题干壳：材料已全部归位真节点,
CHEMISTRY,c-o-na-al-si-s-cl是常见的几种元素-请回答下列问题,题干壳：材料已全部归位真节点,
CHEMISTRY,含铁化合物的应用研究是科学研究的前沿之一-回答下列问题,题干壳：材料已全部归位真节点,
CHEMISTRY,对于以下反应-从反应开始进行到达到平衡后-保持温度-体积不变-按要求回答下列问题,题干壳：材料已全部归位真节点,
CHEMISTRY,2024-湖南卷-恒压下-向某密闭容器中充入一定量的和-发生如下反应,题干壳：材料已全部归位真节点,
CHEMISTRY,碳酸亚乙烯酯是锂离子电池低温电解液的重要添加剂-其分子结构如图,题干壳：材料已全部归位真节点,
CHEMISTRY,丙酮-是最简单的酮-常用作有机溶剂-关于丙酮的说法正确的是,题干壳：材料已全部归位真节点,
CHEMISTRY,如图所示是检验某无色气体a是so2和co2的混合气体的装置-按要求回答下列问题,题干壳：材料已全部归位真节点,
CHEMISTRY,下列离子在未知溶液中的检验方法正确的是,题干壳：材料已全部归位真节点,
CHEMISTRY,粗铜的电解精炼示意图如图所示,题干壳：材料已全部归位真节点,
CHEMISTRY,已知某100-ml溶液中含有的部分离子的浓度大小如表所示,题干壳：材料已全部归位真节点,
CHEMISTRY,已知反应-4co-2no2n2-4co2在不同条件下的化学反应速率如下,题干壳：材料已全部归位真节点,
CHEMISTRY,关于中和反应反应热的测定实验-请回答下列问题,题干壳：材料已全部归位真节点,
CHEMISTRY,写出下列原子-或离子-核外电子排布的表示方法,题干壳：材料已全部归位真节点,
CHEMISTRY,下列有关离子的鉴别方法不正确的是,题干壳：材料已全部归位真节点,
CHEMISTRY,根据以下热化学方程式-δh1和δh2的大小比较错误的是,题干壳：材料已全部归位真节点,
CHEMISTRY,2025-北京昌平-二模-催化加氢直接合成二甲醚过程中有以下2个反应,题干壳：材料已全部归位真节点,
CHEMISTRY,常温下-过量固体溶于水的ph随时间变化的关系如图所示,题干壳：材料已全部归位真节点,
CHEMISTRY,通过对比物理变化和化学变化的不同-回答下列问题,题干壳：材料已全部归位真节点,
CHEMISTRY,硅单质及其化合物应用范围很广-请回答下列问题,题干壳：材料已全部归位真节点,
CHEMISTRY,写出下列燃烧元素对应的稳定产物及状态,题干壳：材料已全部归位真节点,
CHEMISTRY,已知锂电池的正极反应物和产物-写出其正极反应,题干壳：材料已全部归位真节点,
CHEMISTRY,2025-江苏卷-甘油水蒸气重整获得过程中的主要反应,题干壳：材料已全部归位真节点,
CHEMISTRY,常温下-用溶液滴定溶液过程中的变化如下图所示-下列说法错误的是,题干壳：材料已全部归位真节点,
CHEMISTRY,有机物a是一种重要的化工原料-其结构简式如图所示,题干壳：材料已全部归位真节点,
CHEMISTRY,在酸性条件下-黄铁矿-fes2-其中s为-1价-催化氧化的反应转化如图所示,题干壳：材料已全部归位真节点,
CHEMISTRY,以混有sio2的mgco3为原料制备氧化镁的实验流程如图,题干壳：材料已全部归位真节点,
CHEMISTRY,写出下列物质转化涉及的化学方程式,题干壳：材料已全部归位真节点,
CHEMISTRY,部分含铜物质的分类与相应铜元素的化合价关系如图所示-下列说法正确的是,题干壳：材料已全部归位真节点,
CHEMISTRY,实验室制备溴苯的反应装置如图所示-下列关于实验操作或叙述错误的是,题干壳：材料已全部归位真节点,
CHEMISTRY,已知-①环己烯可以通过1-3-丁二烯与乙烯发生环化加成反应得到,题干壳：材料已全部归位真节点,
CHEMISTRY,一种由cu-in-te组成的晶体属四方晶系-晶胞参数如图所示,题干壳：材料已全部归位真节点,
CHEMISTRY,碘-紫黑色固体-微溶于水-及其化合物广泛用于医药-染料等方面-回答下列问题,题干壳：材料已全部归位真节点,
CHEMISTRY,写出下列物质的电子式,题干壳：材料已全部归位真节点,
CHEMISTRY,某离子晶体的晶胞结构如图所示-x位于立方体的顶点-y位于立方体的中心,题干壳：材料已全部归位真节点,
CHEMISTRY,下列指定反应的离子方程式正确的是,题干壳：材料已全部归位真节点,
CHEMISTRY,硅及其化合物的应用范围很广-下列说法正确的是,题干壳：材料已全部归位真节点,
CHEMISTRY,如图是通过热化学循环在较低温度下由水或硫化氢分解制备氢气的反应系统原理,题干壳：材料已全部归位真节点,
CHEMISTRY,含碳元素的物质是化学世界中最庞大的家族-请填写下列空格,题干壳：材料已全部归位真节点,
CHEMISTRY,下列关于有机物的分离-提纯方法-正确的是,题干壳：材料已全部归位真节点,
CHEMISTRY,有关晶体的结构如图所示-下列说法不正确的是,题干壳：材料已全部归位真节点,
CHEMISTRY,2025-湖北卷-化合物g是某药物的关键原料-合成路线如下,题干壳：材料已归位差量法节点,
CHEMISTRY,某溶液中可能含有下列阴离子-so-so-co-cl,纯题干/指令节点，材料亦为残片（代理分流+主会话复核）,yes
CHEMISTRY,举例说明下列反应在一定条件下可以实现,纯题干/指令节点，材料亦为残片（代理分流+主会话复核）,yes
CHEMISTRY,判断下列实验过程是否正确,纯题干/指令节点，材料亦为残片（代理分流+主会话复核）,yes
CHEMISTRY,2024-经典习题改编-按要求正确书写相关离子方程式,纯题干/指令节点，材料亦为残片（代理分流+主会话复核）,yes
CHEMISTRY,1-写出分子式为c5h12的烷烃的结构简式,题干抽取残片：边界是'(2)写出所有分子式为C4H8的烃的结构简式：'，唯一材料《氰[(CN)2]…》也是题干（用户批准连带材料删除·2026-09-19）,yes
MATH,常见组合函数的图象,建点后块过薄/图未提取，写不出材料——按建点闭环规则撤回,
PHYSICS,物理选择题的常用解题方法与技巧,建点后块过薄/图未提取，写不出材料——按建点闭环规则撤回,
CHEMISTRY,卤素的提取,建点后块过薄/图未提取，写不出材料——按建点闭环规则撤回,
CHEMISTRY,微型工业流程选择题解题策略,建点后块过薄/图未提取，写不出材料——按建点闭环规则撤回,
CHEMISTRY,碳元素在自然界中的循环,建点后块过薄/图未提取，写不出材料——按建点闭环规则撤回,
CHEMISTRY,碳酸与碳酸盐,建点后块过薄/图未提取，写不出材料——按建点闭环规则撤回,
CHEMISTRY,能量图像分析,建点后块过薄/图未提取，写不出材料——按建点闭环规则撤回,
BIOLOGY,胚芽鞘生长情况的判断方法,建点后块过薄/图未提取，写不出材料——按建点闭环规则撤回,
CHEMISTRY,菠菜常用作补铁食品之一-为探究其中铁元素的价态-现进行如下实验,空壳节点：3 条材料经 round2 绑定裁定全部判为误绑并已改绑至专指节点（氧化性-还原性强弱比较易错点／定性探究题的形式与基本环节／定性探究实验题的解题策略），改后为零材料；slug 为题干预告残片、节点内无菠菜/铁价态内容（round2 报告「疑为空壳节点，建议核其存废」），无前置引用。按批次 3「零材料节点保持 0」门删除。（改绑执行轮 2026-10-03）,
