subject,survivor_slug,merged_slug,reason,drop_prereq
BIOLOGY,dna是主要的遗传物质,dna是主要的遗传物质-x1,同章同名去重副本 DNA是主要的遗传物质,
BIOLOGY,人类遗传病,人类遗传病-x1,同章同名去重副本 人类遗传病,
BIOLOGY,人类遗传病,人类遗传病-x2,同章同名去重副本 人类遗传病,
BIOLOGY,伴性遗传的特点及应用,伴性遗传的特点及应用-x1,同章同名去重副本 伴性遗传,
BIOLOGY,免疫失调,免疫失调-x1,同章同名去重副本 免疫失调,
BIOLOGY,其他植物激素,其他植物激素-x1,同章同名去重副本 其他植物激素,
BIOLOGY,动物细胞的吸水和失水,动物细胞的吸水和失水-x1,同章同名去重副本 动物细胞工程,
BIOLOGY,受精作用,受精作用-x1,同章同名去重副本 减数分裂和受精作用,
BIOLOGY,基因位于染色体上的实验证据,基因位于染色体上的实验证据-x1,同章同名去重副本 遗传的细胞基础,
BIOLOGY,基因型-表型的推断,基因型-表型的推断-x1,同章同名去重副本 遗传的基本规律,
BIOLOGY,孟德尔两对相对性状的杂交实验,孟德尔两对相对性状的杂交实验-x1,同章同名去重副本 孟德尔的豌豆杂交实验（一,
BIOLOGY,实验-探究酵母菌细胞呼吸的方式,实验-探究酵母菌细胞呼吸的方式-x1,同章同名去重副本 细胞呼吸的原理和应用,
BIOLOGY,实验-检测生物组织中的糖类-脂肪和蛋白质,实验-检测生物组织中的糖类-脂肪和蛋白质-x1,同章同名去重副本 细胞与生命活动,
BIOLOGY,成熟植物细胞的吸水和失水,成熟植物细胞的吸水和失水-x1,同章同名去重副本 植物细胞工程,
BIOLOGY,核酸是由核苷酸连接而成的长链,核酸是由核苷酸连接而成的长链-x1,同章同名去重副本 核酸是遗传信息的携带者,
BIOLOGY,物质出入细胞的方式,物质出入细胞的方式-x1,同章同名去重副本 物质的输入与输出,
BIOLOGY,特异性免疫,特异性免疫-x1,同章同名去重副本 特异性免疫,
BIOLOGY,生物多样性,生物多样性-x1,同章同名去重副本 生物多样性及其保护,
BIOLOGY,生物大分子以碳链为骨架,生物大分子以碳链为骨架-x1,同章同名去重副本 细胞的分子组成,
BIOLOGY,用高倍显微镜观察叶绿体和细胞质的流动,用高倍显微镜观察叶绿体和细胞质的流动-x1,同章同名去重副本 细胞与生命活动,
BIOLOGY,病毒,病毒-x1,同章同名去重副本 细胞与生命活动,
BIOLOGY,细胞中的水,细胞中的水-x1,同章同名去重副本 细胞中的元素和化合物,
BIOLOGY,细胞中的糖类,细胞中的糖类-x1,同章同名去重副本 细胞中的元素和化合物,
BIOLOGY,细胞呼吸的影响因素及应用,细胞呼吸的影响因素及应用-x1,同章同名去重副本 细胞呼吸的原理和应用,
BIOLOGY,细胞器的结构和功能,细胞器的结构和功能-x1,同章同名去重副本 细胞器之间的分工合作,
BIOLOGY,细胞核的结构和功能,细胞核的结构和功能-x1,同章同名去重副本 细胞核的结构和功能,
BIOLOGY,细胞的生物膜系统,细胞的生物膜系统-x1,同章同名去重副本 细胞的多样性和统一性,
BIOLOGY,群落的结构,群落的结构-x1,同章同名去重副本 群落的结构,
BIOLOGY,蛋白质的功能,蛋白质的功能-x1,同章同名去重副本 蛋白质是生命活动的主要承,
BIOLOGY,豌豆用作遗传实验的材料,豌豆用作遗传实验的材料-x1,同章同名去重副本 遗传的基本规律,
CHEMISTRY,共价键,共价键-x2,同章同名去重副本 共价键,
CHEMISTRY,共价键,共价键-x1,同章同名去重副本 共价键,
CHEMISTRY,化学反应速率,化学反应速率-x1,同章同名去重副本 化学反应的速率与限度,
CHEMISTRY,化学平衡状态,化学平衡状态-x1,同章同名去重副本 化学平衡,
CHEMISTRY,化学平衡的移动,化学平衡的移动-x1,同章同名去重副本 化学平衡,
CHEMISTRY,化学键,化学键-x1,同章同名去重副本 化学键,
CHEMISTRY,原子结构,原子结构-x1,同章同名去重副本 原子结构与元素周期表,
CHEMISTRY,原电池,原电池-x1,同章同名去重副本 原电池,
CHEMISTRY,氧化还原反应,氧化还原反应-x1,同章同名去重副本 氧化还原反应,
CHEMISTRY,沉淀溶解平衡,沉淀溶解平衡-x1,同章同名去重副本 沉淀溶解平衡,
CHEMISTRY,物质的量浓度,物质的量浓度-x1,同章同名去重副本 物质的量,
CHEMISTRY,绿色化学,绿色化学-x1,同章同名去重副本 环境保护与绿色化学,
PHYSICS,受迫振动,受迫振动-x1,同章同名去重副本 6 受迫振动 共振,
PHYSICS,向心加速度,向心加速度-x1,同章同名去重副本 3 向心加速度,
PHYSICS,波的干涉,波的干涉-x1,同章同名去重副本 4 波的干涉,
PHYSICS,电磁感应中的线框模型,电磁感应中的线框模型-x1,同章同名去重副本 3 电磁感应现象及应用,
BIOLOGY,细胞呼吸的影响因素及应用,细胞呼吸的影响因素及其应用,跨章近重复同名概念（影响因素的应用/及其应用）,
BIOLOGY,无氧呼吸,无氧呼吸-x1,跨章同名同概念,
BIOLOGY,无氧呼吸,无氧呼吸-x2,跨章同名同概念,
BIOLOGY,有氧呼吸,有氧呼吸-x1,跨章同名同概念,
BIOLOGY,有氧呼吸,有氧呼吸-x2,跨章同名同概念,
BIOLOGY,原核细胞和真核细胞,原核细胞和真核细胞-x1,跨章同名同概念,
BIOLOGY,有丝分裂,有丝分裂-x1,跨章同名同概念,
BIOLOGY,染色体变异-x1,染色体变异,跨章同名同概念,
CHEMISTRY,平衡常数-x1,平衡常数,跨章同名同概念,
CHEMISTRY,气体摩尔体积,气体摩尔体积-x1,跨章同名同概念,
CHEMISTRY,溶度积,溶度积-x1,跨章同名同概念,
CHEMISTRY,烷烃的命名,烷烃的命名-x1,跨章同名同概念,
CHEMISTRY,燃烧热,燃烧热-x1,跨章同名同概念,
CHEMISTRY,电离能,电离能-x1,跨章同名同概念,
CHEMISTRY,电负性,电负性-x1,跨章同名同概念,
CHEMISTRY,盖斯定律,盖斯定律-x1,跨章同名同概念,
CHEMISTRY,键参数,键参数-x1,跨章同名同概念,
MATH,二面角,二面角-x1,跨章同名同概念,
PHYSICS,机械波,机械波-x1,跨章同名同概念,
PHYSICS,两种运动状态-x1,两种运动状态,跨章同名同概念,
PHYSICS,倾斜传送带,倾斜传送带-x1,跨章同名同概念,
PHYSICS,力学对象和电学对象的相互联系-x1,力学对象和电学对象的相互联系,跨章同名同概念,
PHYSICS,图像法在处理实验数据方面的应用,图像法在处理实验数据方面的应用-x1,跨章同名同概念,
PHYSICS,求解电能的思路-x1,求解电能的思路,跨章同名同概念,
BIOLOGY,细胞器的结构和功能,细胞器,I-08 归位后会聚重复对,细胞呼吸的影响因素及应用
BIOLOGY,细胞核的结构和功能,细胞核,I-08 归位后会聚重复对,
BIOLOGY,细胞膜的结构和功能,细胞膜,I-08 归位后会聚重复对,
BIOLOGY,细胞膜成分和结构的探究历程,对细胞膜的探究历程,I-08 归位后会聚重复对,
BIOLOGY,细胞的生物膜系统,生物膜系统及其功能,I-08 归位后会聚重复对,细胞的死亡
BIOLOGY,膜的流动镶嵌模型,流动镶嵌模型,I-08 归位后会聚重复对,
MATH,等差数列的常用性质,在等差数列-an-中-当m-n时-d-为公差公式-利用这个公式很容易求出公差,KEEP 分流：与既有节点同物,
MATH,等差数列前项和的常用性质,若s奇表示奇数项的和-s偶表示偶数项的和-公差为d,KEEP 分流：与既有节点同物,
PHYSICS,力的分解,力的分解-x1,KEEP 分流：与既有节点同物,
PHYSICS,向心力,向心力-x1,KEEP 分流：与既有节点同物,
PHYSICS,动量定理,定义-物体在一个过程中所受合外力的冲量等于该物体在这个过程中动量的变化量,KEEP 分流：与既有节点同物,
PHYSICS,产生感应电流的条件,产生条件-穿过回路的磁通量发生改变-与电路是否闭合无关,KEEP 分流：与既有节点同物,
PHYSICS,自感,定义-一个线圈中的电流变化时-它所产生的变化的磁场在它本身激发出感应电动势的现象,KEEP 分流：与既有节点同物,
PHYSICS,热力学第一定律,内容-一个热力学系统的内能变化量等于外界向它传递的热量与外界对它所做的功的和,KEEP 分流：与既有节点同物,
CHEMISTRY,物质的量-阿伏加德罗常数,02-1022个na-的物质的量为,KEEP 分流：与既有节点同物,
CHEMISTRY,过氧化钠,na2o2是一种常见的过氧化物-具有强氧化性和漂白性,KEEP 分流：与既有节点同物,
CHEMISTRY,元素金属性强弱的判断,下列事实不能说明元素的金属性或非金属性相对强弱的是,KEEP 分流：与既有节点同物,
CHEMISTRY,微粒半径大小比较,比较下列微粒半径的大小-用-或-填空,KEEP 分流：与既有节点同物,
CHEMISTRY,热化学方程式,请写出298-k-101-kpa时-下列反应的热化学方程式,KEEP 分流：与既有节点同物,
CHEMISTRY,化学键与物质的类别,下列各组物质中化学键的类型和化合物的类型都相同的是,KEEP 分流：与既有节点同物,
CHEMISTRY,中心原子杂化类型的判断,判断下列物质中心原子的杂化方式,KEEP 分流：与既有节点同物,
CHEMISTRY,键角大小的比较,1-比较下列分子或离子中的键角大小-填-或,KEEP 分流：与既有节点同物,
CHEMISTRY,范德华力,下列物质的性质变化与范德华力有关的是,KEEP 分流：与既有节点同物,
CHEMISTRY,中心原子杂化类型的判断,下列离子的中心原子的杂化方式与其他三种不同的是,KEEP 分流：与既有节点同物,
CHEMISTRY,影响化学反应速率的因素,下列措施可以增大化学反应速率的是________-填序号,KEEP 分流：与既有节点同物,
CHEMISTRY,聚合反应,聚苯乙烯是一类重要的高分子材料-可通过苯乙烯聚合制得,KEEP 分流：与既有节点同物,
CHEMISTRY,依据官能团分类,按官能团的不同可以对有机物进行分类-请指出下列有机物所属的类别,KEEP 分流：与既有节点同物,
CHEMISTRY,有机化合物的共面共线的判断,下列有机物分子中所有原子一定在同一平面内的是,KEEP 分流：与既有节点同物,
CHEMISTRY,有机合成路线的推断方法,有机物g-是一种调香香精-也可用作抗氧化剂-工业合成路线之一如下,KEEP 分流：与既有节点同物,
CHEMISTRY,溶液的酸碱性,1-判断下列溶液的酸碱性-用-酸性-碱性-中性-或-不确定-填空,KEEP 分流：与既有节点同物,
CHEMISTRY,盐类水解离子方程式的书写,书写盐类水解离子方程式的注意事项,KEEP 分流：与既有节点同物,
CHEMISTRY,有关醛的定量计算,1-mol某醛和足量的银氨溶液反应-析出432-g-ag-则该醛不可能为,KEEP 分流：与既有节点同物,
MATH,数列的递推公式,递推数列,同物重复：别名取证改绑后「递推数列」零材料，与「数列的递推公式」同义,
MATH,数列的公共项问题,数列中的公共项问题,同物重复：材料标题与前者同名，后者改绑后零材料,
PHYSICS,运动的合成与分解,运动分解-核心思想,同物重复：「运动分解（核心思想）」的边界正文讲的就是运动的合成与分解,
PHYSICS,路端电压与外电阻的关系,路端电压,同物重复：前者是后者的展开命名,
PHYSICS,法拉第电磁感应定律,表达式-e-n-n为线圈匝数,残渣节点：名字是被截断的公式（E＝n），边界内容是法拉第定律,
PHYSICS,半衰期,规律的用途-利用天然放射性元素的半衰期可以估测岩石-化石和文物的年代,残渣节点：名字是截断句，边界讲半衰期公式的三点注意,
PHYSICS,原子核的组成-原子核是由质子和中子组成的-原子核的电荷数等于核内的质子数,原子核,同物重复：「原子核」材料改绑后零材料，与「原子核的组成」同义,
CHEMISTRY,燃料电池,制作简单的燃料电池,同物重复：前者是后者的展开命名,
CHEMISTRY,影响化学反应速率的因素,主要因素,"残渣节点：名字只有""主要因素""，边界讲影响速率的因素",
PHYSICS,重力,定义-由于地球吸引而使物体受到的力叫做重力,知识点的属性条目被提成独立节点（定义：/表达式：/应用：），并入主节点（fix_bad_names 定稿·2026-09-19 移植）,
PHYSICS,重力,大小-g-mg-可用弹簧测力计测量,知识点的属性条目被提成独立节点（定义：/表达式：/应用：），并入主节点（fix_bad_names 定稿·2026-09-19 移植）,
PHYSICS,安培力,定义-通电导线在磁场中受到的力叫安培力,知识点的属性条目被提成独立节点（定义：/表达式：/应用：），并入主节点（fix_bad_names 定稿·2026-09-19 移植）,
PHYSICS,曲线运动,概念-物体运动轨迹是曲线的运动,知识点的属性条目被提成独立节点（定义：/表达式：/应用：），并入主节点（fix_bad_names 定稿·2026-09-19 移植）,
PHYSICS,动量定理,表达式-i-p2-p1或ft-mv2-mv1,知识点的属性条目被提成独立节点（定义：/表达式：/应用：），并入主节点（fix_bad_names 定稿·2026-09-19 移植）,
PHYSICS,热力学第一定律,表达式-δu-q-w,知识点的属性条目被提成独立节点（定义：/表达式：/应用：），并入主节点（fix_bad_names 定稿·2026-09-19 移植）,
PHYSICS,涡流,应用-交流感应电动机,知识点的属性条目被提成独立节点（定义：/表达式：/应用：），并入主节点（fix_bad_names 定稿·2026-09-19 移植）,
CHEMISTRY,硝酸,久置的浓硝酸呈黄色-如何除去-怎样保存浓硝酸,知识点的属性条目被提成独立节点（定义：/表达式：/应用：），并入主节点（fix_bad_names 定稿·2026-09-19 移植）,
PHYSICS,动能,理解,知识点的属性条目被提成独立节点（定义：/表达式：/应用：），并入主节点（原边界讲动能的瞬时性、相对性、标量性与正负，与节点「动能」是同一件事）（fix_bad_names 定稿·2026-09-19 移植）,
MATH,三角形解的个数判断,三角形解的个数问题,近重复节点：错绑嫌疑改绑后该节点已无材料，其同名节点承担全部内容（2026-09-19 错绑审计）。,
MATH,分式不等式的解法,分式不等式及其解法,近重复节点：错绑嫌疑改绑后该节点已无材料，其同名节点承担全部内容（2026-09-19 错绑审计）。,
MATH,倒序相加法,逆序相加法求数列的前n项和,同题近重复：两侧适用条件与操作逐字同构；全库 11 条材料都用「倒序相加法」行文；「逆序相加法」非通行叫法（第 13 片子代理裁定）,
MATH,平面向量与三角形的垂心,三角形垂心的向量特征,同一考点：一侧给正切刻画并点明数量积为零是求垂心位置的主要工具，另一侧的材料正是该工具的应用；四心家族命名一致（外心/重心/内心都把「三角形X的向量特征」收作别名）（第 13 片裁定）,
PHYSICS,库仑力作用下的平衡问题,库仑力作用下的平衡,错绑改绑后被抽空的近重复节点：两节点同主题、边界同指一个知识点，材料已全部落在专指节点（2026-09-19 错绑审计·主循环裁定）,
PHYSICS,游标卡尺的构造与读数,游标卡尺的读数,错绑改绑后被抽空的近重复节点：两节点同主题、边界同指一个知识点，材料已全部落在专指节点（2026-09-19 错绑审计·主循环裁定）,
PHYSICS,电表的改装,小量程电流表-表头,错绑改绑后被抽空的近重复节点：两节点同主题、边界同指一个知识点，材料已全部落在专指节点（2026-09-19 错绑审计·主循环裁定）,
CHEMISTRY,水电离出的离子浓度的计算,水电离出的c(H+)（或c(OH-)）的计算,错绑改绑后被抽空的近重复节点：两节点同主题、边界同指一个知识点，材料已全部落在专指节点（2026-09-19 错绑审计·主循环裁定）,
CHEMISTRY,试纸的类型与使用方法,试纸的使用方法,错绑改绑后被抽空的近重复节点：两节点同主题、边界同指一个知识点，材料已全部落在专指节点（2026-09-19 错绑审计·主循环裁定）,
CHEMISTRY,装置气密性的检查方法,装置气密性检查方法,错绑改绑后被抽空的近重复节点：两节点同主题、边界同指一个知识点，材料已全部落在专指节点（2026-09-19 错绑审计·主循环裁定）,
CHEMISTRY,水电离出的离子浓度的计算,溶质为碱的溶液-h-全部来自水的电离,残渣节点：名字是整句带句号；块池入库腾位时该节点唯一材料按内容改绑到专指节点，改后为零材料（2026-10-01）,
CHEMISTRY,化学用语中的六式,六种表示物质变化的方程式,残渣节点：名字是材料标题；块池入库腾位时该节点唯一材料按内容改绑到专指节点，改后为零材料（2026-10-01）,
