subject,point_slug,prereq_slug,verdict,reason
MATH,函数的概念,函数的对称性,inverted,对称性是函数性质，实际概念是前提
MATH,函数的定义域,函数的奇偶性,inverted,奇偶性要求定义域对称，实际定义域在先
MATH,函数的值域,函数的三要素,inverted,三要素是定义域值域对应之总结，实际值域在先
MATH,函数的对应关系,函数的定义域,unrelated,定义并列要素，同时引入无先后
MATH,函数的单调性,函数的单调区间,inverted,单调区间由单调性派生，实际单调性在先
MATH,函数的奇偶性,函数的周期性,unrelated,平行函数性质
MATH,函数的周期性,函数的单调性,unrelated,平行性质无前置关系
MATH,函数的对称性,函数的对应关系,unrelated,中间隔函数概念，无直接前置
MATH,函数的相关概念,函数的概念,valid,相关概念以函数概念为基础
MATH,函数的三要素,函数定义域的常见类型,inverted,常见类型是定义域应用，实际三要素在先
MATH,相等函数与分段函数,直线的方程,unrelated,直线方程在不同册无关
MATH,单调函数的定义,利用函数的单调性求参数,inverted,求参数是定义的应用，实际定义在先
MATH,函数的单调区间,函数的值域,unrelated,平行概念无前置关系
MATH,函数单调性的性质,函数值域的求法,inverted,求值域用到单调性，实际单调性在先
MATH,函数奇偶性的几个重要结论,函数单调性的性质,unrelated,奇偶性与单调性平行
MATH,周期函数的定义,同角三角函数的基本关系,unrelated,不同章节无关
MATH,关于线对称,关于点对称,unrelated,平行对称概念
MATH,关于点对称,全称量词与全称量词命题,unrelated,逻辑用语与函数对称无关
MATH,函数值域的求法,关于线对称,unrelated,无前置关系
MATH,为奇函数,两角和与差的公式,unrelated,三角公式与奇偶性无关
MATH,抽象函数的性质综合,抛物线的焦点与准线,unrelated,圆锥曲线与抽象函数无关
MATH,函数定义域的常见类型,函数奇偶性的几个重要结论,unrelated,互非对方前提
MATH,分段函数的常见类型及解法,函数零点的求和问题,unrelated,平行专题无关
MATH,利用函数的单调性求参数,利用充分必要条件求参数,unrelated,平行求参数技巧
MATH,指数幂的运算性质,指数型复合函数的单调性问题,unrelated,中间隔指数函数，无直接前置
MATH,对数与对数运算,对数,valid,对数运算建立在对数概念上
MATH,幂函数的性质,幂函数的图象与性质,unrelated,同一概念不同侧面
MATH,指数函数及其性质,指数函数,valid,性质建立于指数函数概念
MATH,指数函数的常用技巧,指数函数的图象与性质应用,unrelated,平行应用技巧
MATH,对数函数的概念,对数函数的图象与性质应用,inverted,应用建立于概念，实际概念在先
MATH,对数函数图象的常用结论,对数函数,valid,图象结论建立于对数函数概念
MATH,函数零点的定义,函数零点存在定理,inverted,存在定理以零点定义为基础
MATH,函数零点存在定理,函数的相关概念,unrelated,中间隔零点定义，无直接前置
MATH,二分法,二倍角公式,unrelated,三角公式与二分法无关
MATH,二次函数在闭区间上的最值问题,二分法,unrelated,不同专题无关
MATH,指数型复合函数的单调性问题,指数型复合函数的值域问题,unrelated,平行应用问题
MATH,指数型复合函数的值域问题,指数函数的常用技巧,unrelated,平行应用无直接前置
MATH,嵌套函数的零点问题,对零点存在定理理解不准确致错,unrelated,易错辨析非前置
MATH,函数零点的求和问题,函数零点的定义,valid,零点求和以零点定义为基础
MATH,对零点存在定理理解不准确致错,对数运算中的几个运算技巧,unrelated,对数运算与零点定理无关
MATH,指数幂运算的一般原则,指数幂的运算性质,valid,运算原则建立于运算性质
MATH,对数混合运算的一般原则,对数函数的概念,unrelated,对数运算先于对数函数
MATH,对数运算中的几个运算技巧,对数运算,valid,运算技巧建立于对数运算法则
MATH,幂函数的图象与性质,幂函数,valid,图象与性质建立于幂函数定义
MATH,指数函数的图象与性质应用,指数函数及其性质,valid,应用建立于图象与性质
MATH,对数函数的图象与性质应用,对数函数图象的常用结论,valid,图象识别应用建立于图象结论
MATH,指数,抽象函数的性质综合,unrelated,不同章节无关
MATH,指数函数,指数不等式,inverted,不等式建立于指数函数，实际函数在先
MATH,对数,存在量词与存在量词命题,unrelated,逻辑用语与对数无关
MATH,对数函数,对数与对数运算,valid,对数函数建立于对数概念
MATH,换底公式,指数幂运算的一般原则,unrelated,换底公式由对数定义推得
MATH,对数运算,对数混合运算的一般原则,inverted,混合运算原则建立在运算法则上
MATH,指数不等式,指数,unrelated,中间隔指数函数，无直接前置
MATH,任意角与弧度制,二次函数在闭区间上的最值问题,unrelated,不同章节无关
MATH,三角函数的定义,三角函数的图象与性质,inverted,图象与性质建立于定义
MATH,同角三角函数的基本关系,双曲线的离心率,unrelated,圆锥曲线与三角无关
MATH,诱导公式,解三角形的实际应用,unrelated,解三角形在后无关
MATH,三角函数的图象与性质,三角函数的值域与最值,inverted,值域最值由图象得出，实际图象在先
MATH,正弦函数,正切函数,unrelated,正弦正切平行
MATH,余弦函数,任意角与弧度制,unrelated,中间隔三角函数定义，无直接前置
MATH,正切函数,椭圆的离心率,unrelated,三角函数与圆锥曲线不同章无关
MATH,三角函数的值域与最值,一元二次不等式,unrelated,值域主要依赖三角函数性质非其前提
MATH,三角恒等变换,三角形面积公式,unrelated,面积公式是解三角形后置工具非前提
MATH,两角和与差的公式,两条直线的位置关系,unrelated,直线位置关系与和差公式无关
MATH,二倍角公式,为奇函数,unrelated,奇偶性与二倍角公式无关
MATH,正弦定理,正弦函数,valid,正弦定理依赖正弦函数概念与性质
MATH,余弦定理,余弦函数,valid,余弦定理依赖余弦函数概念与性质
MATH,三角形面积公式,三角函数的定义,valid,三角形面积公式由三角函数定义导出
MATH,边角互化,诱导公式,valid,边角互化角度运算依赖诱导公式
MATH,解三角形的实际应用,绝对值不等式,unrelated,绝对值不等式与解三角形应用无关
MATH,不等式的基本性质,不等式恒成立,inverted,不等式基本性质是恒成立问题的前提
MATH,一元二次不等式,venn图在集合运算中的应用,unrelated,韦恩图是集合工具与二次不等式无关
MATH,基本不等式,圆锥曲线的综合问题,unrelated,圆锥曲线与基本不等式无关
MATH,不等式恒成立,三角恒等变换,unrelated,恒成立问题与三角恒等变换无关
MATH,绝对值不等式,相等函数与分段函数,unrelated,分段函数与绝对值不等式无关
MATH,作差法,作差法-作商法,inverted,一般作差法是对数作差作商比较的基础
MATH,集合运算中的常用二级结论,边角互化,unrelated,集合二级结论与边角互化无关
MATH,充要条件,充分条件与必要条件的判断,inverted,先有充要条件概念后有判断方法
MATH,全称量词与全称量词命题,充要条件,unrelated,量词命题与充要条件为平行逻辑专题
MATH,存在量词与存在量词命题,子集的个数问题,unrelated,存在量词命题与子集个数问题无关
MATH,利用充分必要条件求参数,分段函数的常见类型及解法,unrelated,分段函数与充分必要求参数无关
MATH,忽视-漏-空集致错,忽视集合元素的互异性致错,unrelated,两种平行的集合易错点
MATH,忽视集合元素的互异性致错,幂函数的性质,unrelated,幂函数性质与集合互异性无关
MATH,子集的个数问题,基本不等式,unrelated,子集个数与基本不等式无关
MATH,充分条件与必要条件的判断,作差法,unrelated,作差法在后续章节非判断前提
MATH,数列的概念,数列的有关概念,unrelated,同概念不同侧面
MATH,等差数列,空间距离的求法,unrelated,空间距离与等差数列无关
MATH,等差数列的通项,等差数列的有关概念,valid,等差数列通项公式由定义推导
MATH,等差数列的前n项和,等差数列含绝对值问题,inverted,含绝对值问题依赖前n项和公式
MATH,等比数列,等差数列的通项,unrelated,等比数列与等差数列平行学习
MATH,等比数列的通项,等比数列的有关概念,valid,等比数列通项公式由定义推导
MATH,等比数列的前n项和,等比数列前项和的常用性质,inverted,前n项和性质由求和公式导出
MATH,数列求和,投影向量,unrelated,投影向量与数列求和无关
MATH,数学归纳法,数列的概念,valid,数学归纳法是数列章证明工具依赖数列概念
MATH,数列的有关概念,数列的单调性与最值问题,inverted,单调性与最值问题是数列概念的应用
MATH,等差数列的有关概念,等差数列的常用性质,inverted,等差数列常用性质由定义推导
MATH,等差数列的常用性质,等差数列的前n项和,inverted,求和逆序相加法用到通项性质
MATH,等差数列前项和的常用性质,等差数列前n项和最值问题,unrelated,和的性质与和最值为平行应用
MATH,等比数列的有关概念,等比数列的常用性质,inverted,等比数列常用性质由定义推导
MATH,等比数列的常用性质,等比数列的前n项和,unrelated,通项性质与求和公式平行互非前提
MATH,等比数列前项和的常用性质,等比数列,valid,前n项和性质依赖等比数列概念
MATH,数列的单调性与最值问题,数列求和,unrelated,单调性与最值同求和为平行技巧
MATH,等差数列前n项和最值问题,等差数列前n项和性质的应用,unrelated,和最值与和性质应用为平行问题
MATH,等差数列含绝对值问题,等差数列前项和的常用性质,unrelated,含绝对值需求和公式而非和性质
MATH,等差数列与等比数列新背景问题,等差数列,valid,新背景问题需先掌握等差数列
MATH,混淆数列与函数致错,求解等比数列基本量的策略,unrelated,概念性易错与基本量策略无关
MATH,忽视对公比q的讨论致错,忽略建系的条件而出错,unrelated,不同章节的平行易错点
MATH,求解等差数列基本量的策略,求解几何体外接球的半径的思路,unrelated,外接球与等差数列基本量无关
MATH,等差数列前n项和性质的应用,等差数列与等比数列新背景问题,unrelated,新背景问题是综合应用非性质前提
MATH,求解等比数列基本量的策略,求解等差数列基本量的策略,unrelated,等差等比五量策略平行
MATH,数列的递推公式,倒序相加法,unrelated,递推公式与逆序相加法平行
MATH,特征根法与不动点法,点到直线的距离,unrelated,点到直线距离与不动点法无关
MATH,分组转化法,分层随机抽样,unrelated,分层抽样与分组转化法无关
MATH,求和问题,正态分布,unrelated,正态分布与数列求和无关
MATH,余数列周期性,二项分布,unrelated,二项分布与余数列周期性无关
MATH,由求时忽略对-检验致错,独立性检验,unrelated,独立性检验是统计方法非数列前提
MATH,裂项相消求和时遗漏剩余项致错,表面积与体积,unrelated,表面积体积与裂项相消无关
MATH,累加法与累乘法求数列通项,简单随机抽样,unrelated,简单随机抽样与累加累乘无关
MATH,构造法求数列通项,极值点偏移问题,unrelated,极值点偏移与构造法无关
MATH,取倒数法求数列通项,动点问题没有取舍,unrelated,动点取舍与取倒数法无关
MATH,倒序相加法,过定点的多切线问题,unrelated,切线问题与数列求和法跨章无依赖
MATH,裂项相消法中常见的裂项技巧,裂项相消求和时遗漏剩余项致错,inverted,易错点依赖裂项技巧的使用，方向反
MATH,导数的概念,导数的几何意义,inverted,几何意义建立在导数概念之上，方向反
MATH,导数的几何意义,导数与零点,unrelated,零点是平行应用，非几何意义前置
MATH,基本初等函数的导数,回归分析,unrelated,回归分析属统计章，与导数无关
MATH,导数的运算法则,导数的概念,valid,学运算法则须先掌握导数概念
MATH,复合函数的导数,处理空间几何体体积的基本思路,unrelated,立体几何体积与导数无关
MATH,函数的单调性与导数,几何体展开图最短距离问题,unrelated,展开图属立体几何，与导数无关
MATH,函数的极值,函数的最值,inverted,最值由极值与单调性推出，方向反
MATH,函数的最值,函数的单调性与导数,valid,求最值依赖单调性与极值分析
MATH,导数与不等式,对折叠与展开问题认识不清致误,unrelated,折叠属立体易错，与导数无关
MATH,导数与零点,导数与函数零点问题,unrelated,同一概念两名，不同侧面
MATH,过定点的多切线问题,超几何分布,unrelated,超几何分布属概率，与切线无关
MATH,含参函数的单调性讨论,向量的模与夹角,unrelated,向量夹角与导数单调性讨论无关
MATH,导数与函数零点问题,导数与不等式,unrelated,零点与不等式为平行应用，互不依赖
MATH,函数的隐零点问题,函数的极值,valid,隐零点需极值点处导数为零
MATH,极值点偏移问题,条件概率,unrelated,条件概率属概率章，与极值无关
MATH,曲线-在-某点处的切线问题,数学归纳法,unrelated,数学归纳法与切线问题无关
MATH,曲线-过-某点的切线问题,曲线-在-某点处的切线问题,valid,过点切线以在点切线方法为基础
MATH,两曲线的公切线问题,不规则几何体建系问题,unrelated,建系属立体几何，与公切线无关
MATH,已知函数单调性求参数,导数的运算法则,valid,求参数须先会求导
MATH,已知函数的极值求参数,已知函数单调性求参数,valid,极值求参依赖单调性判定技巧
MATH,利用导数研究函数的最值,利用向量法解二面角问题的策略,unrelated,二面角向量法属立体，与最值无关
MATH,平面向量的概念,平面向量的数量积,inverted,数量积以向量概念为前提，方向反
MATH,平面向量的线性运算,平面向量的概念,valid,线性运算以向量概念为前提
MATH,平面向量的数量积,平面向量的坐标运算,inverted,坐标表示在数量积定义之后，方向反
MATH,平面向量的坐标运算,平面向量基本定理,valid,坐标运算以基底的向量基本定理为前提
MATH,平面向量基本定理,平面与平面平行,unrelated,面面平行属立体，与向量定理无关
MATH,向量的模与夹角,向量共线定理,unrelated,共线定理非模与夹角的前置
MATH,投影向量,忽视零向量,unrelated,零向量易错点非投影向量前置
MATH,向量共线定理,古典概型,unrelated,古典概型属概率，与共线定理无关
MATH,复数的概念,复数的四则运算,inverted,四则运算以复数概念为前提，方向反
MATH,复数的四则运算,复数的几何意义,unrelated,几何意义与运算是平行侧面
MATH,复数的几何意义,复合函数的导数,unrelated,复合函数导数与复数几何意义无关
MATH,复数的模,复数的概念,valid,模以复数概念为前提
MATH,共轭复数,全概率,unrelated,全概率属概率，与共轭复数无关
MATH,空间几何体,离散型随机变量的期望,unrelated,随机变量期望属概率，与立体无关
MATH,三视图与直观图,集合运算中的常用二级结论,unrelated,集合运算与三视图无关
MATH,多面体与旋转体,复数的模,unrelated,复数模与多面体旋转体无关
MATH,表面积与体积,统计图表的读取,unrelated,统计图表属统计，与立体无关
MATH,空间点线面的位置关系,空间向量的线性运算,inverted,位置关系先于空间向量，方向反
MATH,直线与平面平行,直线与平面垂直,unrelated,线面平行与垂直为平行判定
MATH,直线与平面垂直,由求时忽略对-检验致错,unrelated,数列易错点与线面垂直无关
MATH,空间向量与立体几何,空间几何体的直观图,unrelated,直观图画法非空间向量章的前置
MATH,异面直线所成的角,平面向量的线性运算,unrelated,异面直线角为几何定义，不依赖平面向量
MATH,二面角,两曲线的公切线问题,unrelated,公切线属导数应用，与二面角无关
MATH,特殊的棱柱和棱锥,特征根法与不动点法,unrelated,不动点法属数列，与立体无关
MATH,空间几何体的直观图,空间几何体中的截面问题,unrelated,直观图画法非截面问题前置
MATH,四个公理,含参函数的单调性讨论,unrelated,导数含参讨论与立体四公理无关
MATH,平面与平面平行,平面与平面垂直,unrelated,面面平行与垂直为平行判定
MATH,直线和平面所成的角,直线与平面所成角,unrelated,同一概念几何与向量两面
MATH,平面与平面垂直,平均数与中位数,unrelated,统计量与立体几何无关
MATH,几何体展开图最短距离问题,共轭复数,unrelated,共轭复数与展开图最短距离无关
MATH,空间几何体中的截面问题,空间几何体,valid,截面问题以空间几何体概念为前提
MATH,求解几何体外接球的半径的思路,求空间几何体表面积,unrelated,外接球不依赖表面积技巧
MATH,线面平行定理的理解不够准确,累加法与累乘法求数列通项,unrelated,数列通项法与线面平行无关
MATH,对折叠与展开问题认识不清致误,多面体与旋转体,valid,折叠问题以空间几何体概念为前提
MATH,求空间几何体表面积,求和问题,unrelated,数列求和问题与立体表面积无关
MATH,处理空间几何体体积的基本思路,基本初等函数的导数,unrelated,基本初等函数导数与立体体积无关
MATH,利用面面平行的定义,利用空间向量解决最值范围问题,unrelated,向量最值法不依赖面面平行定义法
MATH,面面垂直性质的应用,随机事件的相互独立性,unrelated,立体几何与概率无关章节
MATH,异面直线所成角的求法,异面直线所成角,valid,求法以概念定义为前提
MATH,二面角的求法,二面角概念模糊,unrelated,同一内容两个侧面
MATH,空间距离的求法,空间点线面的位置关系,valid,基础位置关系先于求距离
MATH,随机事件,数列的递推公式,unrelated,概率与数列无关章节
MATH,古典概型,取倒数法求数列通项,unrelated,概率与数列无关章节
MATH,随机事件的相互独立性,随机事件,valid,随机事件概念先于独立性
MATH,条件概率,曲线-过-某点的切线问题,unrelated,概率与导数无关章节
MATH,全概率,余数列周期性,unrelated,概率与数列无关章节
MATH,离散型随机变量,直线的方向向量和平面的法向量,unrelated,概率与空间向量无关
MATH,离散型随机变量的期望,离散型随机变量的方差,inverted,方差依期望定义，方向反
MATH,离散型随机变量的方差,离散型随机变量,valid,方差概念依赖随机变量概念
MATH,二项分布,二面角的求法,unrelated,概率与立体几何无关
MATH,正态分布,构造法求数列通项,unrelated,概率与数列无关章节
MATH,简单随机抽样,等比数列的通项,unrelated,统计与数列无关章节
MATH,分层随机抽样,函数的隐零点问题,unrelated,统计与导数无关章节
MATH,统计图表的读取,线面距和面面距,unrelated,统计与立体几何无关
MATH,回归分析,四个公理,unrelated,统计与立体几何无关
MATH,独立性检验,特殊的棱柱和棱锥,unrelated,统计与立体几何无关
MATH,直线的方程,直线与圆的位置关系,inverted,直线方程先于线圆关系
MATH,两条直线的位置关系,不等式的基本性质,unrelated,不等式性质非其前提
MATH,直线与圆的位置关系,正弦定理,unrelated,解析几何与解三角无关
MATH,椭圆,曲线的轨迹方程,inverted,椭圆推导即轨迹方程范例
MATH,椭圆的方程,椭圆,valid,概念先于方程
MATH,椭圆的离心率,椭圆的焦点,valid,离心率公式依赖焦点参数
MATH,椭圆的焦点,椭圆的方程,valid,焦点由标准方程参数确定
MATH,双曲线,单调函数的定义,unrelated,圆锥曲线与函数无关章节
MATH,双曲线的渐近线,双曲线,valid,渐近线是双曲线的性质
MATH,双曲线的离心率,双曲线的渐近线,unrelated,两条性质为兄弟概念
MATH,抛物线,忽视-漏-空集致错,unrelated,圆锥曲线与集合无关
MATH,抛物线的焦点与准线,抛物线焦半径,inverted,焦半径由焦点准线推出
MATH,抛物线焦半径,抛物线,valid,焦半径以抛物线概念为前提
MATH,圆锥曲线的综合问题,圆的方程,unrelated,综合问题依赖圆锥曲线自身
MATH,分类加法计数原理,分步乘法计数原理,unrelated,两条平行基本计数原理
MATH,分步乘法计数原理,二项式定理,inverted,计数原理先于二项式定理
MATH,排列,分类加法计数原理,unrelated,排列由分步乘法原理导出
MATH,组合,排列,valid,组合在排列基础上引入
MATH,二项式定理,面面垂直性质的应用,unrelated,计数原理与立体几何无关
MATH,空间向量的有关概念,空间向量的有关定理,inverted,定理建立在概念之上
MATH,空间向量的线性运算,空间向量的有关概念,valid,运算以概念定义为前提
MATH,空间向量的有关定理,空间向量的数量积及运算律,inverted,基本定理先于数量积
MATH,空间向量的数量积及运算律,空间向量新定义问题,inverted,新定义问题是基本的应用
MATH,直线的方向向量和平面的法向量,直线和平面所成的角,unrelated,两者为不同概念无直接前提
MATH,异面直线所成角,异面直线所成的角,unrelated,同一概念不同表述
MATH,直线与平面所成角,直线与平面平行,unrelated,兄弟位置关系非角直接前提
MATH,点到直线的距离,点到平面的距离,unrelated,两个并列的求距公式
MATH,点到平面的距离,混淆数列与函数致错,unrelated,立体几何与数列无关章节
MATH,线面距和面面距,线面平行定理的理解不够准确,unrelated,易错辨析项非距离前提
MATH,利用空间向量解决探索性问题,利用空间向量求空间距离,unrelated,两种并列应用题型
MATH,利用空间向量解决最值范围问题,利用空间向量解决探索性问题,unrelated,两种并列应用题型
MATH,不规则几何体建系问题,三视图与直观图,valid,建系需先认识几何体形状
MATH,空间向量新定义问题,空间向量与立体几何,valid,新定义问题以章节基础为前提
MATH,忽视零向量,忽视对公比q的讨论致错,unrelated,空间向量与等比数列无关
MATH,忽略建系的条件而出错,异面直线所成角的求法,unrelated,不同问题语境无前提关系
MATH,二面角概念模糊,二面角,valid,辨析项以二面角概念为前提
MATH,动点问题没有取舍,利用面面平行的定义,unrelated,动点取舍与面面平行无关
MATH,利用向量法解二面角问题的策略,分组转化法,unrelated,立体几何与数列求和无关
MATH,利用空间向量求空间距离,利用导数研究函数的最值,unrelated,空间向量与导数无关章节
PHYSICS,路程,超重,unrelated,运动描述与牛顿定律无关
PHYSICS,平均速度,干涉和衍射中几种光现象的判断,unrelated,运动学与光学无关章节
PHYSICS,矢量和标量,瞬时速度,inverted,速度是矢量，矢量概念先于瞬时速度
PHYSICS,非常规运动学图像,静摩擦力,unrelated,图像问题不依赖摩擦力，章节无关
PHYSICS,临界法,临界-极值问题,unrelated,不同章节的临界问题，平行应用
PHYSICS,函数法,几种等时圆模型分析,unrelated,追及函数法与等时圆模型无关
PHYSICS,图象法,向心加速度,unrelated,运动学图象法与圆周运动无关
PHYSICS,追及问题的常见类型,连接体问题,unrelated,运动学追及与力学连接体无关
PHYSICS,非惯性参考系,非弹性碰撞和完全非弹性碰撞,unrelated,参考系与动量碰撞无前置关系
PHYSICS,对牛顿第三定律的理解,对心碰撞,unrelated,碰撞依赖动量而非牛顿第三定律
PHYSICS,等时圆使用条件,碰撞中的-时间极短-的含义,unrelated,圆周模型与碰撞术语无关
PHYSICS,模型示意图,子弹打木块模型,unrelated,力的示意图与动量模型无关
PHYSICS,几种等时圆模型分析,几何光学中的范围和临界问题,unrelated,力学模型与光学问题无关
PHYSICS,连接体问题,连接体的运动特点,valid,列方程依赖绳杆速度加速度约束
PHYSICS,连接体的运动特点,运动的对称性,unrelated,约束关系与匀变速时间对称无关
PHYSICS,板块模型,杨氏双缝干涉,unrelated,力学模型与光学干涉无关
PHYSICS,倾斜传送带,作用力与反作用力,unrelated,传送带问题依赖摩擦力非作用反作用
PHYSICS,倾斜传送带,两种运动状态-x1,unrelated,电磁感应平衡态与传送带无关
PHYSICS,临界-极值问题,三类情况分析,inverted,一般临界极值方法先于圆周三类情况
PHYSICS,求解的基本思路,水平转盘上运动物体模型,unrelated,上下文不足，转盘模型非其前提
PHYSICS,运动特征,运动的合成与分解,inverted,曲线运动速度特点先于合成分解
PHYSICS,核心思想-运动分解,极限思想,unrelated,同章平行思想方法
PHYSICS,斜面碰撞临界,摩擦力的突变类问题,unrelated,抛体临界状态与摩擦突变无关
PHYSICS,按运动独立性建立坐标系,折射率,unrelated,抛体运动与光学无关
PHYSICS,逆向思维,追及问题的常见类型,unrelated,竖直上抛逆推与追及问题无关
PHYSICS,对称性分析,对牛顿第三定律的理解,unrelated,抛体对称性与作用反作用无关
PHYSICS,极限思想,板块模型,unrelated,抛体极限分析与板块模型无关
PHYSICS,水平转盘上运动物体模型,横波,unrelated,圆周运动与机械波无关
PHYSICS,圆锥摆的两种变形,圆周运动的经典模型和应用,valid,变形依赖圆锥摆基本模型
PHYSICS,三类情况分析,三种光学模型的光路特点,unrelated,圆周临界问题与光路模型无关
PHYSICS,绳球模型-杆球模型两类经典模型中的临界条件-情景分析,胡克定律,unrelated,脱轨为支持力为零，不涉及弹簧
PHYSICS,质点,薄膜干涉的应用,unrelated,运动学概念与光学干涉无关
PHYSICS,参考系,单摆,unrelated,参考系与机械振动无关
PHYSICS,位移,伽利略斜面实验,unrelated,斜面实验不是位移概念的前提
PHYSICS,速度,逆向思维,unrelated,速度概念与逆向思维方法无关
PHYSICS,加速度,力的合成,unrelated,加速度属运动学，力的合成非前提
PHYSICS,坐标系,圆锥摆的两种变形,unrelated,坐标系与圆周运动变形无关
PHYSICS,运动的对称性,运动特征,unrelated,第二章时间对称不依赖曲线运动
PHYSICS,匀变速直线运动,动量定理的应用-流体类模型,unrelated,匀变速直线运动与动量定理无关
PHYSICS,牛顿运动三定律的理解和应用,牛顿第二定律的理解-五性,valid,三定律应用以掌握第二定律为前提
PHYSICS,作用力与反作用力,位移时间公式,unrelated,牛顿第三定律与运动学公式无关
PHYSICS,速度时间公式,速度位移公式,unrelated,同一定义导出的平行公式
PHYSICS,位移时间公式,位移,valid,公式建立在位移概念之上
PHYSICS,速度位移公式,速度,valid,公式建立在速度概念之上
PHYSICS,自由落体运动,绳球模型-杆球模型两类经典模型中的临界条件-情景分析,unrelated,自由落体与圆周脱轨无关
PHYSICS,静摩擦力,重力,unrelated,重力与摩擦力为平行力概念
PHYSICS,滑动摩擦力,流体模型,unrelated,摩擦力与动量流体模型无关
PHYSICS,力的分解,初速度为零的几个重点推论,unrelated,力的分解与运动学推论无关
PHYSICS,形变,弹簧振子,inverted,弹簧振子依赖弹性形变，方向反
PHYSICS,弹力的定义及产生条件,弹力的大小,inverted,定义先于大小，大小是其侧面
PHYSICS,弹力的方向,弹力的定义及产生条件,valid,方向判定以定义和产生条件为前提
PHYSICS,弹力的大小,弹力,valid,胡克定律建立在弹力概念之上
PHYSICS,合力范围,受迫振动,unrelated,合力范围与机械振动无关
PHYSICS,特殊情形-三力平衡,牛顿运动三定律的理解和应用,unrelated,平衡在第三章，三定律应用在第四章
PHYSICS,动态平衡问题,加速度方向突变,unrelated,平衡问题与加速度突变无关
PHYSICS,重力,速度时间公式,unrelated,重力与运动学公式无关
PHYSICS,摩擦力,描述运动的基本概念,unrelated,摩擦力概念不依赖运动学概念
PHYSICS,摩擦力的突变类问题,摩擦力,valid,突变问题以掌握摩擦力为前提
PHYSICS,力的合成,力的分解,inverted,分解是合成的逆用，合成在先
PHYSICS,共点力平衡,共振,unrelated,受力平衡与机械振动共振无关
PHYSICS,共点力的动态平衡,共点力平衡,valid,动态平衡建立在平衡条件之上
PHYSICS,加速度方向突变,加速度,valid,加速度是基本概念 方向突变是对其的分析
PHYSICS,牛顿第一定律,激光,unrelated,光学内容 与牛顿第一定律完全无关
PHYSICS,牛顿第二定律,牛顿第三定律,inverted,第二定律先于第三定律学习 方向反
PHYSICS,牛顿第三定律,牛顿第一定律,valid,三定律依序学习 第一定律是概念基础
PHYSICS,牛顿第二定律的理解-五性,牛顿第二定律,valid,五性是对定律的深化理解 以定律本身为前提
PHYSICS,超重,质点,unrelated,超失重与质点无前置关系
PHYSICS,单位制,匀变速直线运动,unrelated,单位制是基本约定 与匀变速直线运动无关
PHYSICS,线速度,离心现象,inverted,离心现象是圆周运动应用 方向反
PHYSICS,角速度,能量守恒定律,unrelated,角速度是圆周运动基本量 与能量守恒无关
PHYSICS,离心现象,电能的输送,unrelated,力学与电学内容 完全无关
PHYSICS,曲线运动,普通二极管和发光二极管,unrelated,二极管是电子元件 与曲线运动完全无关
PHYSICS,曲线运动的基本概念与处理思想,斜面碰撞临界,inverted,斜面碰撞是具体问题型 方向反
PHYSICS,平抛运动,常见传感器的特点,unrelated,传感器与平抛运动完全无关
PHYSICS,平抛运动的两个重要结论,平抛运动与曲面的结合分析,inverted,曲面结合是进阶应用 方向反
PHYSICS,平抛运动的临界问题,平抛运动的两个重要结论,valid,临界问题依托两个重要结论求解
PHYSICS,平抛运动与斜面的结合分析,平均速度,unrelated,斜面问题用速度分量 与平均速度无直接关系
PHYSICS,平抛运动与曲面的结合分析,平抛运动与斜面的结合分析,unrelated,两类平行问题 无前置关系
PHYSICS,圆周运动的经典模型和应用,圆周运动常见的临界状态,valid,经典模型需借助常见临界状态判据
PHYSICS,圆周运动常见的临界状态,圆周运动中的脱轨问题,inverted,脱轨问题是临界状态的应用 方向反
PHYSICS,圆周运动中的脱轨问题,图象法,unrelated,追及相遇图象法属直线运动 与此无关
PHYSICS,向心力,同步卫星,inverted,同步卫星是应用 方向反
PHYSICS,向心力,合力范围,unrelated,合力范围是力合成性质 非向心力的前置
PHYSICS,向心加速度,向心力,valid,向心加速度由F=ma导出 先学向心力
PHYSICS,开普勒三定律,平抛运动,unrelated,开普勒定律属天体经验规律 与平抛无关
PHYSICS,宇宙速度,天体质量计算,unrelated,二者均为万有引力定律的平行应用
PHYSICS,同步卫星,变轨过程分析,unrelated,二者为引力平行应用 无前置关系
PHYSICS,天体质量计算,多普勒效应的成因分析,unrelated,多普勒效应属机械波内容 与此无关
PHYSICS,变轨原理,变压器,unrelated,电学与航天内容 完全无关
PHYSICS,变轨过程分析,变轨原理,valid,过程分析以变轨原理为前提
PHYSICS,卫星的对接问题,卫星变轨-1-2-3,valid,对接依托1→2→3变轨过程
PHYSICS,深空引力导航,波的干涉,unrelated,波的干涉与引力导航完全无关
PHYSICS,小行星防御与资源开发,对称性,unrelated,简谐运动的对称性 与小行星防御无关
PHYSICS,地球同步卫星,圆周运动,valid,同步卫星做匀速圆周运动 需圆周运动基础
PHYSICS,卫星变轨-1-2-3,单摆的受力特征,unrelated,单摆属机械振动 与卫星变轨无关
PHYSICS,双星模型,卫星的对接问题,unrelated,二者均为万有引力的平行应用
PHYSICS,三星模型,万有引力定律的应用,valid,三星模型是万有引力定律的进一步应用
PHYSICS,万有引力定律,万有引力与航天的理解应用,inverted,定律是其理解应用的基础 方向反
PHYSICS,万有引力与航天的理解应用,非惯性参考系,unrelated,常规应用不需要非惯性系
PHYSICS,万有引力定律的应用,万有引力定律,valid,应用建立在定律本身之上
PHYSICS,弹性势能,开普勒三定律,unrelated,开普勒定律与弹性势能完全无关
PHYSICS,功能关系,功率,unrelated,功能关系与功率是工和功率章的平行概念
PHYSICS,守恒条件,宇宙速度,unrelated,机械能守恒条件 与宇宙速度无关
PHYSICS,机车启动问题,机械能守恒定律,unrelated,机车问题用功率与第二定律 机械能不守恒
PHYSICS,机械振动,有效值的理解,unrelated,交流电有效值 与机械振动无关
PHYSICS,图象,固有振动和固有频率,inverted,振动图象是简谐运动基础 先于固有频率
PHYSICS,周期性,周期和频率,valid,周期概念是理解周期性的前提
PHYSICS,固有振动和固有频率,回复力,valid,固有频率由回复力特征决定
PHYSICS,阻尼振动,重力势能,unrelated,阻尼振动与重力势能无前置关系
PHYSICS,传播特点,传感器,unrelated,传感器与波的传播完全无关
PHYSICS,机械波的分类,机械波,valid,分类建立在机械波概念之上
PHYSICS,波动图象的特点,波动图象的信息,inverted,特点属基本识图 信息提取是应用 方向反
PHYSICS,波动图象的信息,正弦式交变电流,unrelated,交变电流与波动图象完全无关
PHYSICS,弹簧振子模型,弹性势能,unrelated,模型先建立 能量分析在后 非其前置
PHYSICS,单摆的受力特征,单摆周期,inverted,受力分析是周期公式的前提 方向反
PHYSICS,造成波动问题多解的主要因素有,运动的合成与分解,unrelated,波的周期性与运动的合成无关
PHYSICS,动能,功能关系,inverted,功能关系依赖动能等概念 方向反
PHYSICS,动能,理想变压器的两类动态分析,unrelated,电学动态分析 与动能完全无关
PHYSICS,动能定理,动能,valid,定理表述为动能变化 需先会动能
PHYSICS,重力势能,造成波动问题多解的主要因素有,unrelated,机械波问题 与重力势能完全无关
PHYSICS,机械能守恒定律,机械波的分类,unrelated,波的分类与机械能守恒完全无关
PHYSICS,能量守恒定律,线速度,unrelated,能量守恒是普适定律，与线速度无关
PHYSICS,反冲运动,参考系,valid,反冲速度须相对参考系定义
PHYSICS,动量和动量定理,动量,valid,动量定理建立在动量定义之上
PHYSICS,系统-内力和外力,简谐运动,unrelated,系统受力与简谐运动无关专题
PHYSICS,碰撞中的-时间极短-的含义,矢量和标量,valid,动量冲量为矢量，矢量是基础
PHYSICS,滑块-小球-弹簧模型,滑块-木板模型的临界问题,unrelated,弹簧与板块模型平行，无前置
PHYSICS,子弹打木块模型,失重,unrelated,子弹打木块与失重无关
PHYSICS,滑块-木板模型的临界问题,滑动摩擦力,valid,滑块木板模型分析依赖滑动摩擦力
PHYSICS,流体模型,波长,unrelated,流体模型属动量定理，与波长无关
PHYSICS,人船模型,a-b两物块叠放在转盘上,unrelated,人船模型与转盘临界问题平行
PHYSICS,动量,动态平衡问题,unrelated,动量定义不依赖动态平衡
PHYSICS,动量定理,动量守恒定律的推导,inverted,守恒推导建立在动量定理上，方向反
PHYSICS,动量定理的应用-流体类模型,动量定理,valid,流体模型直接应用动量定理
PHYSICS,动量守恒定律,动量守恒中的速度,inverted,速度问题是应用注意事项，方向反
PHYSICS,动量守恒定律的推导,动量守恒定律,inverted,定律由推导确立，方向反
PHYSICS,动量守恒中的速度,动量和动量定理,valid,速度问题须先掌握动量基础
PHYSICS,弹性碰撞,弹力的方向,unrelated,弹性碰撞与弹力方向无关
PHYSICS,非弹性碰撞,非常规运动学图像,unrelated,非弹性碰撞与运动学图像无关
PHYSICS,非弹性碰撞和完全非弹性碰撞,非弹性碰撞,valid,完全非弹性是非弹性的特例
PHYSICS,弹簧振子,弹性碰撞,unrelated,弹簧振子属振动，与弹性碰撞无关
PHYSICS,机械波,曲线运动的基本概念与处理思想,unrelated,机械波与曲线运动概念无关
PHYSICS,机械波,机械振动,valid,机械波是机械振动的传播
PHYSICS,波速,波的衍射,unrelated,衍射依赖波长条件，非波速
PHYSICS,波的衍射,波的干涉,unrelated,衍射与干涉是平行波现象
PHYSICS,简谐运动,等时圆使用条件,unrelated,等时圆是运动学技巧，与简谐无关
PHYSICS,单摆,单位制,valid,周期公式须单位制基础
PHYSICS,受迫振动,双星模型,unrelated,受迫振动与双星模型无关专题
PHYSICS,共振,全反射,unrelated,共振属振动，全反射属光学
PHYSICS,波长,波速,inverted,v=λf建立在波长之上，方向反
PHYSICS,波的干涉,求解的基本思路,unrelated,泛化解题思路非干涉具体前置
PHYSICS,波的干涉,波动图象的特点,valid,干涉建立在波形相位关系之上
PHYSICS,多普勒效应,外部作用导致-n-突变,unrelated,N突变是受力分析，与多普勒无关
PHYSICS,多普勒效应的成因分析,多普勒效应在生活中的应用,inverted,应用建立在成因之上，方向反
PHYSICS,多普勒效应在生活中的应用,地球同步卫星,unrelated,同步卫星与多普勒应用无关
PHYSICS,光的反射和折射,光的偏振,unrelated,偏振与反射折射是章内平行子题
PHYSICS,光路可逆性,光的衍射,unrelated,光路可逆与衍射无前置依赖
PHYSICS,杨氏双缝干涉,机械波,valid,光干涉复用波的干涉概念
PHYSICS,薄膜干涉,自由落体运动,unrelated,薄膜干涉与自由落体无关
PHYSICS,薄膜干涉的应用,薄膜干涉,valid,应用直接建立在薄膜干涉原理上
PHYSICS,干涉和衍射中几种光现象的判断,常见的速度分解模型,unrelated,速度分解属力学，与光现象判断无关
PHYSICS,三种光学模型的光路特点,人船模型,unrelated,光学模型与人船模型无关专题
PHYSICS,几何光学中的范围和临界问题,冲量,unrelated,几何光学与冲量无关专题
PHYSICS,光的折射,光的干涉-衍射和偏振,unrelated,折射与干涉衍射是章内平行子题
PHYSICS,全反射,光路可逆性,unrelated,全反射由折射公式导出，与可逆无关
PHYSICS,光的干涉,光的反射和折射,unrelated,干涉依赖波动概念，与折射无关
PHYSICS,光的干涉-衍射和偏振,光的干涉,valid,干涉是合并点的首个组成
PHYSICS,光的衍射,光的折射,unrelated,衍射依赖波动概念，与折射无关
PHYSICS,光的偏振,倾斜传送带,unrelated,偏振与倾斜传送带无关专题
PHYSICS,激光,滑块-小球-弹簧模型,unrelated,激光与弹簧模型无关专题
PHYSICS,元电荷,做直线运动的条件,unrelated,元电荷与直线运动条件无关
PHYSICS,电荷守恒定律,电荷,valid,守恒定律建立在电荷概念之上
PHYSICS,电场线,电场强度,valid,电场线意义基于电场强度
PHYSICS,等势面,第二类永动机,unrelated,等势面与第二类永动机无关
PHYSICS,静电力做功,阿伏加德罗常数,unrelated,静电力做功与阿伏加德罗常数无关
PHYSICS,静电场的应用,静电力做功,unrelated,做功公式是电场应用章的子项
PHYSICS,静电平衡状态的特征,静电屏蔽的应用,inverted,屏蔽是平衡特征的应用，方向反
PHYSICS,尖端放电的应用与防止,导体切割磁感线时的感应电动势,unrelated,尖端放电与感应电动势无关专题
PHYSICS,静电屏蔽的应用,静电场的应用,unrelated,屏蔽基于平衡特征，非宽泛应用
PHYSICS,用动力学观点分析,理想气体的状态方程,unrelated,静电动力学思路与气体状态方程无关
PHYSICS,求解电偏转问题的两种思路,气体实验定律,unrelated,电偏转与气体实验定律无关
PHYSICS,e-x图像,玻尔原子模型的三条假设,unrelated,静电场图像与原子模型无关
PHYSICS,ep-x图像,e-x图像,unrelated,两图像平行，互不为前置
PHYSICS,等效重力场,等势面,unrelated,等效场技巧不需等势面知识
PHYSICS,等效重力场的相关知识点及解释,等效重力场,valid,相关知识点页以核心概念为基础
PHYSICS,电荷,电磁感应现象及其应用,unrelated,电荷最基础，感应不构成其前置
PHYSICS,库仑定律,常见物理量和状态,unrelated,热学系统概念与静电学无关
PHYSICS,电场强度,电场,valid,先有电场概念，再用场强定量描述
PHYSICS,电场,电势能,inverted,电势能在后，须先有电场与电场力
PHYSICS,电势能,电势差,inverted,电势差由电势能导出，方向反了
PHYSICS,电势差,电势,valid,电势差是两点电势之差
PHYSICS,电容器,电容,inverted,先有电容器器件，电容是其属性
PHYSICS,电容,电场线,unrelated,电容与电场线图像无关
PHYSICS,电容器充放电过程,电容器,valid,先认识器件，再学其充放电过程
PHYSICS,带电粒子在电场中的运动,布朗运动,unrelated,分子热运动与电场中运动无关
PHYSICS,电阻定律,电路的故障分析,unrelated,电阻定律不依赖故障分析
PHYSICS,电功率,用动力学观点分析,unrelated,电功率与匀强电场运动公式无关
PHYSICS,焦耳定律,热力学第二定律,unrelated,焦耳热与热力学方向性无关
PHYSICS,额定功率和实际功率,静电平衡状态的特征,unrelated,功率概念与静电平衡无关
PHYSICS,路端电压与外电阻的关系,质量亏损,unrelated,闭合电路与核物理无关
PHYSICS,电流,电容器充放电过程,unrelated,电容器在前册，电流不依赖它
PHYSICS,电路的故障分析,电路中的基本概念,valid,故障分析须先有电路基本概念
PHYSICS,电动势,电功率,unrelated,电动势由做功定义，不依赖电功率
PHYSICS,电路中的基本概念,电路中的基本定律,inverted,定律建立在概念之上，方向反了
PHYSICS,电路中的基本定律,电荷守恒定律,unrelated,电路定律不直接依赖电荷守恒
PHYSICS,电阻率,电阻定律,valid,电阻率由电阻定律公式导出测量
PHYSICS,安培力,天然放射现象,unrelated,磁场力与核放射无关
PHYSICS,磁场的基本概念和性质,磁场中的仪器,inverted,仪器如质谱仪须先有磁场基本概念
PHYSICS,磁聚焦模型和磁发散模型,磁感应强度,valid,模型轨迹半径公式需要磁感应强度B
PHYSICS,产生感应电流的条件,两种运动状态-x1,unrelated,感应条件与平衡态分析无关
PHYSICS,自感现象的理解,自感,valid,理解页以自感概念为基础
PHYSICS,导体切割磁感线时的感应电动势,对晶体和非晶体的理解,unrelated,切割电动势与固体章节无关
PHYSICS,两种运动状态-x1,两种表述,unrelated,平衡态与热力学第二定律表述无关
PHYSICS,两种运动状态-x1,逐差法-的实际应用及小技巧,unrelated,与纸带数据处理无关
PHYSICS,磁场,相对湿度,unrelated,磁场与水汽湿度无关
PHYSICS,磁感应强度,磁场的基本概念和性质,valid,磁感应强度是磁场的定量描述
PHYSICS,磁通量,磁聚焦模型和磁发散模型,unrelated,磁通量不依赖粒子轨迹模型
PHYSICS,带电粒子在磁场中的运动,带电粒子在电场中的运动,unrelated,两场内运动平行，互不为前置
PHYSICS,带电粒子在立体空间中的运动,带电粒子在磁场中的运动,valid,空间运动是平面圆周运动的拓展
PHYSICS,电磁感应现象,电磁感应中的线框模型,inverted,线框模型是感应现象的应用
PHYSICS,电磁感应,电源的功率问题,unrelated,感应定律与电源功率问题无关
PHYSICS,电磁感应现象及其应用,电磁感应现象,valid,应用建立在现象理解之上
PHYSICS,电磁感应中的电路问题,电磁感应中的图像问题,unrelated,两类平行题型，互不为前置
PHYSICS,电磁感应中的图像问题,电磁感应中的双棒模型,unrelated,双棒是特定模型，非图像前置
PHYSICS,电磁感应中的单棒模型,电磁感应中的三大动力学观点,valid,单棒模型需三大观点方法求解
PHYSICS,电磁感应中的双棒模型,电磁感应中的单棒模型,valid,双棒模型由单棒模型拓展而来
PHYSICS,电磁感应中的三大动力学观点,电磁感应,valid,方法建立在电磁感应基础之上
PHYSICS,楞次定律,核裂变,unrelated,感应电流方向与核裂变无关
PHYSICS,法拉第电磁感应定律,求解电偏转问题的两种思路,unrelated,切割定律与电偏转技巧无关
PHYSICS,涡流,活塞气缸模型,unrelated,涡流与气体实验定律模型无关
PHYSICS,涡流,库仑定律,unrelated,涡流是感应现象，不需库仑定律
PHYSICS,磁场中的仪器,磁场,valid,质谱仪等仪器建立在磁场之上
PHYSICS,普通二极管和发光二极管,无线电波的发射,unrelated,二极管与无线电发射无前置关系
PHYSICS,理想变压器的两类动态分析,深空引力导航,unrelated,变压器与引力弹弓无关
PHYSICS,负载电阻不变的分析思路,角速度,unrelated,变压器动态分析不直接需角速度
PHYSICS,有效值的理解,曲线运动,unrelated,有效值与曲线运动无关
PHYSICS,交变电流,三星模型,unrelated,交变电流与万有引力模型无关
PHYSICS,变压器,受迫振动,unrelated,变压器与机械振动无关
PHYSICS,电磁振荡,电磁振动-电磁波和传感器,unrelated,振荡是该页的一部分，自循环
PHYSICS,电磁振动-电磁波和传感器,动能,unrelated,电磁振荡页不依赖力学动能
PHYSICS,电磁波,电磁振荡,valid,振荡电流是电磁波的源，先学振荡
PHYSICS,传感器,交变电流,unrelated,交变电流与传感器无学习依赖
PHYSICS,无线电波的发射,振荡电路过程中各物理量的变化,valid,电磁振荡是产生高频交变电流的基础
PHYSICS,常见传感器的特点,小行星防御与资源开发,unrelated,万有引力主题与传感器无关
PHYSICS,工作原理,尖端放电的应用与防止,unrelated,静电尖端放电与传感器原理无关
PHYSICS,阿伏加德罗常数,闭合电路欧姆定律,unrelated,电路定律与阿伏加德罗常数无关
PHYSICS,布朗运动,工作原理,unrelated,传感器原理与布朗运动无关
PHYSICS,分子间作用力,分子热运动,unrelated,二者是分子动理论平行基本内容
PHYSICS,气体实验定律,气体压强,valid,压强概念是气体实验定律的基础
PHYSICS,理想气体状态方程,玻尔理论的几个重要概念,unrelated,原子物理与气体状态方程无关
PHYSICS,液晶,涡流,unrelated,涡流与液晶无关
PHYSICS,饱和汽,额定功率和实际功率,unrelated,电功率与饱和汽无关
PHYSICS,分子模型,分子动理论,unrelated,分子模型是动理论内容的一部分
PHYSICS,分子热运动,分子模型,unrelated,二者为分子动理论平行内容
PHYSICS,气体分子运动的特点,气体-液体-固体和热力学定理,unrelated,总章节包含该点非其前置
PHYSICS,气体压强,气体分子运动的特点,valid,压强产生靠分子碰撞解释
PHYSICS,气体-液体-固体和热力学定理,欧姆定律,unrelated,电学与热学总章无关
PHYSICS,理想气体的状态方程,理想气体状态方程,unrelated,同概念不同slug重复边
PHYSICS,表面张力,自感现象的理解,unrelated,自感与表面张力无关
PHYSICS,常见物理量和状态,常见基本粒子及其分类,unrelated,基本粒子与气体状态无关
PHYSICS,两种表述,两个重要结论,unrelated,热力学第二定律与带电偏转无关
PHYSICS,第二类永动机,第一类永动机,unrelated,两类永动机平行对应两定律
PHYSICS,活塞气缸模型,洛伦兹力,unrelated,洛伦兹力与气体模型无关
PHYSICS,液柱模型,液晶,unrelated,液柱密封气体与液晶不同义
PHYSICS,数据处理-x1,扩散,unrelated,扩散与实验数据处理无关
PHYSICS,误差分析-x1,表面张力,unrelated,误差分析不依赖表面张力
PHYSICS,注意事项-x1,波粒二象性,unrelated,波粒二象性与实验注意事项无关
PHYSICS,分子动理论,几个基本概念的理解,unrelated,光子概念与分子动理论无关
PHYSICS,内能,光的波粒二象性,unrelated,光的波粒二象性与内能无关
PHYSICS,热力学第一定律,热力学图像问题,inverted,图像问题是第一定律的应用方向反
PHYSICS,热力学第二定律,热力学第一定律,unrelated,两定律相互独立非前置
PHYSICS,热力学图像问题,液柱模型,unrelated,液柱模型求压强非图像前置
PHYSICS,光子说,元电荷,unrelated,元电荷与光子说无关
PHYSICS,波粒二象性,法拉第电磁感应定律,unrelated,电磁感应与光波粒二象性无关
PHYSICS,玻尔模型,环形磁场,unrelated,磁场模型与原子模型无关
PHYSICS,核反应,核力的特点,unrelated,写核反应方程无需核力特点
PHYSICS,质量亏损,误差分析-x1,unrelated,实验误差分析与质量亏损无关
PHYSICS,原子结构与波粒二象性,原子核衰变,unrelated,总章节与核衰变无前置关系
PHYSICS,几个基本概念的理解,内能,unrelated,内能与光子光电子概念无关
PHYSICS,特征谱线,物质波,unrelated,物质波非特征谱线前置
PHYSICS,玻尔理论的几个重要概念,玻尔理论对氢光谱的解析,inverted,能级概念是光谱解析基础方向反
PHYSICS,玻尔原子模型的三条假设,阻尼振动,unrelated,阻尼振动与玻尔模型无关
PHYSICS,玻尔理论对氢光谱的解析,玻尔模型,valid,玻尔模型是氢光谱解析的基础
PHYSICS,物质波,焦耳定律,unrelated,焦耳定律与物质波无关
PHYSICS,同位素,变质量问题的处理思想-等效,unrelated,气体变质量思想与同位素无关
PHYSICS,核力的特点,核力,valid,先有核力概念再谈其特点
PHYSICS,常见基本粒子及其分类,带电粒子在立体空间中的运动,unrelated,带电粒子运动与粒子分类无关
PHYSICS,核反应的判断-方程与应用,核反应,valid,核反应概念是方程判断的基础
PHYSICS,光电效应,光子说,valid,光子能量公式是解释光电效应基础
PHYSICS,光电效应现象,光电效应方程,inverted,现象在前方程是解释方向反
PHYSICS,光电效应的产生条件,光电效应现象,valid,先知现象再论其发生条件
PHYSICS,光电效应方程,光电效应,valid,现象与实验规律是方程基础
PHYSICS,光电效应的图像问题,光电效应的产生条件,unrelated,图像问题依赖方程非仅产生条件
PHYSICS,原子核式结构,原子核的组成-原子核是由质子和中子组成的-原子核的电荷数等于核内的质子数,inverted,核式结构先于核组成方向反
PHYSICS,原子核的组成-原子核是由质子和中子组成的-原子核的电荷数等于核内的质子数,半衰期,inverted,组成先于衰变半衰期方向反
PHYSICS,原子核衰变,原子核式结构,valid,核式结构是理解核衰变的前提
PHYSICS,核裂变,核聚变,unrelated,裂变与聚变为平行反应类型
PHYSICS,核聚变,核反应的判断-方程与应用,valid,核反应方程通则先于聚变方程
PHYSICS,光的波粒二象性,光电效应的图像问题,unrelated,图像问题是子应用非二象性前置
PHYSICS,核力,晶体,unrelated,晶体与核力无关
PHYSICS,常见的图象,电表的改装,unrelated,表头与力学常见图像无关
PHYSICS,动力学中的经典模型,分析板块模型的思路,inverted,板块思路是经典模型的子内容，框架先行
PHYSICS,弹簧不锁定模型,常见的导出单位,unrelated,力学模型与导出单位无前置关系
PHYSICS,常见的导出单位,常见的图象,unrelated,导出单位与运动图象分属不同主题
PHYSICS,系统误差,等效替代法,unrelated,误差类型与实验方法为平行概念
PHYSICS,电磁打点计时器,电磁感应中的线框模型,unrelated,计时器与电磁感应线框模型无关
PHYSICS,电火花打点计时器,电流表的内-外接法的选择,unrelated,打点计时器与电表接法无关联
PHYSICS,电表的改装,电表的内接与外接,inverted,先学电表改装，再学内接外接
PHYSICS,电表改装问题的两点提醒,电磁打点计时器,unrelated,改装提醒与打点计时器无关联
PHYSICS,逐差法原理,转换法,unrelated,逐差法与转换法为平行实验方法
PHYSICS,逐差法-的实际应用及小技巧,饱和汽,unrelated,逐差法与饱和汽完全无关
PHYSICS,电表的内接与外接,电表改装问题的两点提醒,unrelated,两点提醒不是内接外接的前置
PHYSICS,电流表的内-外接法的选择,电压表-电流表的改装,valid,改装确立表头内阻，支撑接法误差分析
PHYSICS,控制变量法,技巧突破点,unrelated,控制变量法与力学技巧点无关
PHYSICS,等效替代法,电表的改装,unrelated,等效替代法与电表改装无关联
PHYSICS,放大法,控制变量法,unrelated,放大法与控制变量法为平行方法
PHYSICS,累积法,系统误差,unrelated,累积法与系统误差为平行概念
PHYSICS,电磁感应中的线框模型,电火花打点计时器,unrelated,线框模型与打点计时器无关
PHYSICS,电磁感应中的线框模型,电磁感应中的电路问题,valid,线框模型需先掌握感应电路分析
PHYSICS,回复力,周期性,unrelated,回复力与周期性为简谐运动平行侧面
PHYSICS,运动的合成与分解,路程,unrelated,合成分解依赖矢量运算而非路程
CHEMISTRY,分散系,共价键,unrelated,分散系与共价键分属不同主题
CHEMISTRY,胶体,联合制碱法-侯氏制碱法,unrelated,胶体与侯氏制碱法无关联
CHEMISTRY,丁达尔效应,nahco3与碱反应的应用,unrelated,丁达尔效应与NaHCO3反应无关
CHEMISTRY,电解质,电解水,inverted,电解水依赖电解质与电离知识
CHEMISTRY,非电解质,阿伏加德罗常数-10大-陷阱,unrelated,非电解质与NA陷阱无关联
CHEMISTRY,物理变化,焰色试验的应用,unrelated,焰色试验是物理变化实例非前置
CHEMISTRY,化学变化,化合价,unrelated,化学变化与化合价互不依赖
CHEMISTRY,分散系的分类,分散系,valid,先定义分散系才能进行其分类
CHEMISTRY,fe-oh-3胶体的制备,fe-oh-2的制备,unrelated,两种铁的氢氧化物制备为平行实验
CHEMISTRY,物质的分类,常见的易混淆物质变化,unrelated,混合物举例与易混淆变化互不依赖
CHEMISTRY,氧化物的类型,氧化剂,unrelated,氧化物分类与氧化剂概念无关
CHEMISTRY,各类物质的化学通性,反应原理,inverted,物质通性是理解具体反应原理的基础
CHEMISTRY,胶体的性质及应用,胶体,valid,先有胶体概念再学其性质应用
CHEMISTRY,对物质的元素组成的几个误区,对氧化物认识的几个误区,unrelated,两组误区清单为平行易错点
CHEMISTRY,常见的物质分类的几个误区,物质的分类,unrelated,分类误区不以混合物举例为前置
CHEMISTRY,常见的易混淆物质变化,常见的与量无关的离子反应,unrelated,易混淆变化与离子反应清单无关
CHEMISTRY,物质间转化的5个常见易错点,物质的量浓度,unrelated,转化易错点与物质的量浓度无关
CHEMISTRY,胶体知识易错点,胶体的性质及应用,valid,胶体易错点需先掌握胶体知识
CHEMISTRY,阿伏加德罗定律及其推论,镁的重要化合物,unrelated,阿伏加德罗定律与镁化合物无关
CHEMISTRY,阿伏加德罗定律的应用,阿伏加德罗定律及其推论,valid,定律应用需先掌握定律及推论
CHEMISTRY,阿伏加德罗常数-10大-陷阱,阿伏加德罗常数,valid,NA陷阱需先掌握阿伏加德罗常数
CHEMISTRY,误将溶液体积看作1l,设计和制作一个氢氧燃料电池,unrelated,浓度易错点与燃料电池无关
CHEMISTRY,忽视溶液中水的存在,常见阴离子的检验与推断依据,unrelated,忽视溶剂水与阴离子检验无关
CHEMISTRY,物质的组成,物质的化学键,unrelated,物质组成与化学键互不依赖
CHEMISTRY,物质的化学键,物质的分类,unrelated,化学键学习不依赖物质分类
CHEMISTRY,电离,电子转移,unrelated,电离不涉及电子转移
CHEMISTRY,离子方程式,离子反应,valid,离子方程式是离子反应的表达方式
CHEMISTRY,离子共存,碳酸钠和碳酸氢钠易错知识点,unrelated,离子共存与钠盐易错点无关
CHEMISTRY,氧化剂,氢氧化铜,unrelated,氧化剂概念与氢氧化铜无关
CHEMISTRY,还原剂,过氧化钠,unrelated,还原剂概念与过氧化钠无关
CHEMISTRY,电子转移,电子式,unrelated,电子转移与电子式互不依赖
CHEMISTRY,化合价,制备原料,unrelated,化合价与制碱原料无关联
CHEMISTRY,电解质及其分类,电解质,valid,先学电解质概念再学其分类
CHEMISTRY,电解质的电离,电解质溶液的导电性,inverted,电离是导电机理，解释导电性
CHEMISTRY,电解质溶液的导电性,电解质溶液的导电原理,valid,导电性强弱分析需先懂导电原理
CHEMISTRY,常见阳离子的检验与推断依据,常见金属材料,unrelated,阳离子检验与金属材料无关
CHEMISTRY,常见阴离子的检验与推断依据,常见阳离子的检验与推断依据,unrelated,阴离子与阳离子检验为平行内容
CHEMISTRY,电解质溶液的导电原理,电解质导电性的-易错点,inverted,易错点是导电原理知识的衍生
CHEMISTRY,电解质的电离的-易错点,电解质的电离,valid,电离易错点需先掌握电离知识
CHEMISTRY,电解质导电性的-易错点,电解质及其分类,valid,导电性易错点基于电解质分类
CHEMISTRY,离子共存的判断易错点,离子共存,valid,易错点以离子共存概念为基础
CHEMISTRY,电荷守恒在离子推断中的应用,电离,valid,电荷守恒应用需先懂电解质电离
CHEMISTRY,离子反应,离子共存的判断易错点,inverted,离子共存判断依赖离子反应知识
CHEMISTRY,常见的与量无关的离子反应,工业制法,unrelated,工业制法与离子反应类型无关联
CHEMISTRY,氧化还原反应,氧化物的类型,unrelated,氧化物分类不是氧化还原的前置
CHEMISTRY,氧化还原反应,氧化性-还原性的判断,inverted,氧化性还原性判断是氧化还原的延伸
CHEMISTRY,氧化还原反应概念的-易错点,氧化还原反应,valid,易错点以氧化还原概念为基础
CHEMISTRY,氧化钠,氧化还原反应,unrelated,氧化钠性质学习不依赖氧化还原
CHEMISTRY,过氧化钠,误将溶液体积看作1l,unrelated,浓度易错点与过氧化钠无关联
CHEMISTRY,碳酸钠,碳酸氢钠,unrelated,碳酸钠与碳酸氢钠是并列钠盐
CHEMISTRY,碳酸氢钠,碱金属的一般性与特殊性,unrelated,碱金属元素性质与碳酸氢钠无关
CHEMISTRY,焰色试验,焰色反应,valid,焰色试验基于焰色反应现象
CHEMISTRY,化学性质,化学变化,unrelated,化学变化是基础常识非直接前置
CHEMISTRY,钠的制取及保存,钠和钠的氧化物易错知识点,unrelated,易错点非制取及保存的前置
CHEMISTRY,钠的用途,钠的制取及保存,unrelated,钠的用途不依赖其制取与保存
CHEMISTRY,金属钠露置在空气中的变化过程,金属的腐蚀,unrelated,金属腐蚀类型属选必1与此无关
CHEMISTRY,碳酸钠与碳酸氢钠的相互转化,碳酸钠,valid,相互转化需先认识碳酸钠
CHEMISTRY,联合制碱法-侯氏制碱法,红色物质cu和cu2o的检验,unrelated,铜检验方法与侯氏制碱法无关
CHEMISTRY,碱金属的一般性与特殊性,碱金属元素易错知识点,inverted,易错点是碱金属知识的延伸
CHEMISTRY,焰色反应,热重分析确定金属化合物的组成,unrelated,热重分析与焰色反应无关联
CHEMISTRY,钠与水及酸-碱-盐溶液的反应,金属钠露置在空气中的变化过程,inverted,露置变化是钠与水等反应的综合
CHEMISTRY,nahco3与碱反应的应用,过氧化钠,unrelated,过氧化钠与碳酸氢钠应用无关
CHEMISTRY,制备原料,制取cl2装置的创新,unrelated,装置创新不是制备原料的前置
CHEMISTRY,反应原理,原子结构,unrelated,原子结构非氯反应原理的前置
CHEMISTRY,焰色试验的应用,焰色试验-易错点,unrelated,易错点非焰色试验应用的前置
CHEMISTRY,钠和钠的氧化物易错知识点,钠与水及酸-碱-盐溶液的反应,valid,易错点基于钠与酸碱盐溶液反应
CHEMISTRY,碳酸钠和碳酸氢钠易错知识点,碳酸钠与碳酸氢钠的相互转化,valid,易错点包含两物质转化及应用
CHEMISTRY,焰色试验-易错点,焰色试验,valid,易错点以焰色试验知识为基础
CHEMISTRY,过氧化钠,斜向变化体现不同价态-不同类别之间物质的转化-主要体现物质的氧化性或还原性,unrelated,Fe2+与Fe3+转化与过氧化钠无关
CHEMISTRY,氯气,氯及其化合物的知识盲点,inverted,知识盲点依赖氯气等基础知识
CHEMISTRY,氯水的成分,氯气,valid,氯水由氯气溶于水形成
CHEMISTRY,漂白粉,溶液的配制误差分析,unrelated,溶液配制误差分析与漂白粉无关
CHEMISTRY,氯离子检验,氯水的成分,unrelated,氯离子检验不依赖氯水成分
CHEMISTRY,工业制法,对角线规则,unrelated,对角线规则与氯的工业制法无关
CHEMISTRY,卤族元素,单质铜的化学性质,unrelated,铜的化学性质与卤族元素无关
CHEMISTRY,海水提取溴,海带中提取碘,unrelated,提溴提碘是平行的海水提取工艺
CHEMISTRY,海带中提取碘,氯离子检验,unrelated,碘提取不依赖氯离子检验
CHEMISTRY,卤族元素的易错点,卤族元素,valid,易错点建立在卤族元素知识上
CHEMISTRY,从海水中提取物质的思路,亚铁盐,unrelated,亚铁盐与海水提取思路无关
CHEMISTRY,制取cl2装置的创新,燃料电池,unrelated,燃料电池与氯气制取装置无关
CHEMISTRY,氯及其化合物的知识盲点,氧化钠,unrelated,氧化钠与氯化合物盲点无关
CHEMISTRY,阿伏加德罗常数,阿伏加德罗定律的应用,inverted,阿伏加德罗定律应用依赖常数
CHEMISTRY,气体摩尔体积,次氯酸和次氯酸盐,unrelated,次氯酸性质与气体摩尔体积无关
CHEMISTRY,物质的量-阿伏加德罗常数,物质的量,valid,需先懂物质的量再学其与NA关系
CHEMISTRY,溶液的配制误差分析,溶液的稀释和混合问题,unrelated,稀释混合与配制误差是平行应用
CHEMISTRY,物质的量,物质的组成,valid,物质的量以认识物质组成为基础
CHEMISTRY,物质的量浓度,物质的量-阿伏加德罗常数,valid,浓度定义c=n/V依赖物质的量
CHEMISTRY,铁的氧化物,铁的氢氧化物,unrelated,铁的氧化物不依赖氢氧化物稳定性
CHEMISTRY,铁的氢氧化物,铁,unrelated,铁原子结构非氢氧化物学习前置
CHEMISTRY,铁盐,铁,unrelated,铁盐与铁的物理性质无关联
CHEMISTRY,亚铁盐,电镀与电解精炼,unrelated,电镀原理与亚铁盐无前置关系
CHEMISTRY,合金的概念及性能,各类物质的化学通性,unrelated,物质通性与合金概念无前置关系
CHEMISTRY,铁,铁的氧化物组成的确定,unrelated,氧化物组成确定与铁物理性质无关
CHEMISTRY,铁的化学性质,铁的制备和性质,inverted,化学性质是制备与性质主题的一部分
CHEMISTRY,斜向变化体现不同价态-不同类别之间物质的转化-主要体现物质的氧化性或还原性,fe-oh-3胶体的制备,unrelated,胶体制备非Fe2+与Fe3+转化的前置
CHEMISTRY,铁的制备和性质,斜向变化体现不同价态-不同类别之间物质的转化-主要体现物质的氧化性或还原性,inverted,转化关系图基于铁及其化合物性质
CHEMISTRY,铁与水蒸气反应的注意事项,钠的用途,unrelated,钠的用途与铁水蒸气反应无关
CHEMISTRY,铁的氧化物组成的确定,铁的氧化物,valid,确定组成需先掌握铁的氧化物种类与铁价
CHEMISTRY,电解和电解池,电解原理易错点,inverted,易错点是电解基础的派生 方向反
CHEMISTRY,电解饱和食盐水-氯碱工业,电解质的电离的-易错点,unrelated,易错点总结非氯碱工业的前置
CHEMISTRY,电镀与电解精炼,主要仪器,unrelated,仪器知识不是电镀原理的前置
CHEMISTRY,设计和制作一个氢氧燃料电池,胶体知识易错点,unrelated,胶体易错点与燃料电池无关
CHEMISTRY,电解水,电解和电解池,valid,电解水是电解基础的具体应用
CHEMISTRY,制作一个氢氧燃料电池,分析电解过程的思维程序,unrelated,燃料电池属原电池 与电解程序无关
CHEMISTRY,电解原理易错点,电解原理应用的四点注意事项,unrelated,二者平行 同为电解易错点
CHEMISTRY,电解原理应用的四点注意事项,电荷守恒在离子推断中的应用,unrelated,离子推断技巧非电解注意事项前置
CHEMISTRY,分析电解过程的思维程序,分散系的分类,unrelated,分散系分类与电解分析无关
CHEMISTRY,镁的化学性质,镁及其化合物的难点释疑,inverted,难点释疑是镁性质基础的派生 方向反
CHEMISTRY,镁的重要化合物,镁的化学性质,unrelated,单质与化合物是平行内容
CHEMISTRY,海水提镁的工艺流程分析,海水提取溴,unrelated,平行工艺流程 无前置关系
CHEMISTRY,单质铜的化学性质,化学键,unrelated,化学键理论非铜性质的前置
CHEMISTRY,氢氧化铜,气体摩尔体积,unrelated,气体摩尔体积与氢氧化铜无关
CHEMISTRY,铜盐,铜及其化合物的易错点,inverted,易错点是铜化合物基础的派生 方向反
CHEMISTRY,金属冶炼,金属材料和金属的冶炼易错点,inverted,易错点是冶炼基础的派生 方向反
CHEMISTRY,铜及其化合物的性质,铁盐,unrelated,铜化合物与铁盐是平行内容
CHEMISTRY,红色物质cu和cu2o的检验,离子键,unrelated,离子键与cu和cu2o检验无关
CHEMISTRY,镁及其化合物的难点释疑,铜盐,unrelated,铜盐与镁化合物无关
CHEMISTRY,金属及其化合物的制备,还原剂,valid,冶炼属氧化还原 需先掌握还原剂
CHEMISTRY,热重分析确定金属化合物的组成,漂白粉,unrelated,漂白粉与热重分析无关
CHEMISTRY,铜及其化合物的易错点,铜及其化合物的性质,valid,易错点建立在性质基础之上
CHEMISTRY,斜向变化体现不同价态-不同类别之间物质的转化-主要体现物质的氧化性或还原性,铁与水蒸气反应的注意事项,unrelated,具体反应注意事项非整体转化前置
CHEMISTRY,有关铁及其化合物的除杂,忽视溶液中水的存在,unrelated,溶液中的水属计算易错点 与除杂无关
CHEMISTRY,铁,铁的化学性质,inverted,结构是性质基础 方向反
CHEMISTRY,常见金属材料,常见的物质分类的几个误区,unrelated,物质分类误区与金属材料无关
CHEMISTRY,金属材料和金属的冶炼易错点,常见金属材料,valid,易错点建立在金属材料基础之上
CHEMISTRY,常见金属材料,金属及其化合物的制备,unrelated,合金概念与制备技法平行
CHEMISTRY,核素,有关铁及其化合物的除杂,unrelated,核素概念与铁除杂无关
CHEMISTRY,离子键,离子方程式,unrelated,离子键属结构概念 与离子方程式无关
CHEMISTRY,电子式,物质间转化的5个常见易错点,unrelated,电子式与转化易错点无关
CHEMISTRY,对角线规则,对物质的元素组成的几个误区,unrelated,元素组成误区与对角线规则无关
CHEMISTRY,元素金属性强弱的判断,元素周期表的结构,valid,金属性判断依托周期表位置
CHEMISTRY,元素非金属性强弱的判断,元素金属性强弱的判断,unrelated,金属性与非金属性判断平行
CHEMISTRY,电负性的三个重要应用,电负性,valid,应用建立在电负性概念之上
CHEMISTRY,根据文字描述信息推断元素,根据分子-离子-结构推断元素,unrelated,两种平行的元素推断题型
CHEMISTRY,元素周期表,元素周期律的内容及实质,inverted,周期表是周期律的基础 方向反
CHEMISTRY,元素周期律,从海水中提取物质的思路,unrelated,海水提取思路与周期律无关
CHEMISTRY,元素周期表的结构,元素周期表的应用,inverted,应用是结构的派生 方向反
CHEMISTRY,元素周期表的应用,元素周期表及其应用易混易错点,inverted,易错点是派生总结 方向反
CHEMISTRY,元素周期律的内容及实质,元素周期律,unrelated,同概念的不同侧面
CHEMISTRY,元素周期表及其应用易混易错点,元素周期表,valid,易错点建立在周期表基础之上
CHEMISTRY,二氧化硫,二氧化硅,unrelated,二氧化硫与二氧化硅平行氧化物
CHEMISTRY,三氧化硫,一氧化氮,unrelated,三氧化硫与一氧化氮无关联
CHEMISTRY,氮气,氮及化合物的-十大-误区,inverted,十大误区是章节派生总结 方向反
CHEMISTRY,一氧化氮,一次电池,unrelated,一氧化氮与一次电池无关
CHEMISTRY,二氧化氮,二次电池,unrelated,二氧化氮与二次电池无关
CHEMISTRY,铵盐,金属冶炼,unrelated,铵盐与金属冶炼无关
CHEMISTRY,硝酸,硅酸盐,unrelated,硝酸与硅酸盐无关
CHEMISTRY,酸雨,酯化反应,unrelated,酸雨与酯化反应无关
CHEMISTRY,硫单质,硫化钠转化为单质硫,inverted,具体转化实验是基础的派生 方向反
CHEMISTRY,硫酸,硫转化为硫化亚铁,unrelated,硫到硫化亚铁不在硫酸路径上
CHEMISTRY,硫化钠转化为单质硫,硝酸,unrelated,硝酸与硫化钠转化无关
CHEMISTRY,浓硫酸转化为二氧化硫,浓硫酸,valid,浓硫酸性质是该反应的基础
CHEMISTRY,硫转化为硫化亚铁,硫及其重要化合物的知识盲点,inverted,知识盲点是派生总结 方向反
CHEMISTRY,二氧化硫的尾气处理,二氧化硫,valid,尾气处理是二氧化硫性质的应用
CHEMISTRY,氮的氧化物,氮气,valid,氮气是制取氮的氧化物的起点
CHEMISTRY,氨的化学性质,杂化轨道理论,unrelated,氨的性质属必修内容，与杂化轨道理论无关
CHEMISTRY,铵盐及nh的检验,铵盐,valid,铵盐与碱加热放氨是检验铵根的前提
CHEMISTRY,形成喷泉的原理,平衡转化率,unrelated,喷泉由溶解造成压强差，与平衡转化率无关
CHEMISTRY,常见的装置,常见有机合成路线,unrelated,实验装置与有机合成路线无前置关系
CHEMISTRY,碳中和,碳-硅及其化合物的知识盲点,unrelated,碳中和是碳循环概念，不依赖碳硅盲点汇总
CHEMISTRY,氮及化合物的-十大-误区,氨的化学性质,valid,氮化合物误区辨析需先掌握氨的化学性质
CHEMISTRY,现象描述答题模板,物质的量-或浓度-时间图像,unrelated,现象描述模板与速率平衡图像无关联
CHEMISTRY,硫及其重要化合物的知识盲点,硫单质,valid,硫的知识盲点建立在硫单质等基础知识上
CHEMISTRY,二氧化硅,二氧化氮,unrelated,两种不同元素的化合物，名称相似无关系
CHEMISTRY,硅酸盐,硅酸和硅酸盐,unrelated,硅酸盐包含于该复合点中，不构成前置
CHEMISTRY,陶瓷,键的极性和分子的极性,unrelated,陶瓷属硅酸盐材料，与键极性和分子极性无关
CHEMISTRY,玻璃,现象描述答题模板,unrelated,玻璃成分性质与现象答题模板无关
CHEMISTRY,水泥,氮的氧化物,unrelated,水泥属硅酸盐材料，与氮的氧化物无关
CHEMISTRY,硅酸和硅酸盐,硅的工业制法,unrelated,硅酸硅酸盐学习不需要先会工业制硅
CHEMISTRY,熟记硅及其化合物的特殊性质,烷烃的命名,unrelated,硅化合物特殊性质与烷烃命名无关
CHEMISTRY,硅的工业制法,硅及其化合物的-七大-误区,inverted,误区汇总以制粗硅等基础为前置，方向反
CHEMISTRY,碳-硅及其化合物的知识盲点,硫酸,unrelated,碳硅盲点与硫酸属不同元素体系，无关
CHEMISTRY,硅及其化合物的-七大-误区,盖斯定律的应用,unrelated,硅化合物误区与盖斯定律应用无关
CHEMISTRY,各种硅酸的结构,可逆反应的特点及应用,unrelated,硅酸结构属无机非金属，与可逆反应无关
CHEMISTRY,吸热反应,含量-转化率-投料比图像,unrelated,吸放热反应概念与平衡投料图像无关
CHEMISTRY,燃料电池,熵和熵变的含义,unrelated,燃料电池属原电池，不依赖熵变概念
CHEMISTRY,燃料电池,制作一个氢氧燃料电池,inverted,制作氢氧电池是燃料电池的实验应用，方向反
CHEMISTRY,可逆反应,可充电电池题目的解答思路,unrelated,可逆反应概念不是电池题解答的前置
CHEMISTRY,转化率,超分子,unrelated,转化率属化学平衡，与超分子无关
CHEMISTRY,勒夏特列原理,加成反应,unrelated,勒夏特列原理与有机加成反应无关
CHEMISTRY,吸热反应和放热反应,吸热反应,valid,选修反应热建立在必修吸放热反应基础上
CHEMISTRY,盖斯定律的应用,盖斯定律,valid,先掌握盖斯定律才能应用其计算反应热
CHEMISTRY,主要依据,中心原子杂化类型的判断,unrelated,点名残缺且属热效应章节，与杂化判断无关
CHEMISTRY,规避两个易失分点,苯的同系物的命名,unrelated,失分点所属内容不明，与苯同系物命名无关
CHEMISTRY,δh与反应的-可逆性,so检验的易错点,unrelated,反应可逆性与硫酸根检验无关
CHEMISTRY,反应机理,原电池原理的应用,unrelated,反应机理属反应速率，与原电池应用无关
CHEMISTRY,过渡态理论,转化率,unrelated,过渡态理论讲活化能，与平衡转化率无关
CHEMISTRY,催化剂与反应历程,催化剂与化学反应,valid,先懂催化剂概念才能学其改变反应历程
CHEMISTRY,速率常数和速率方程,速率-时间图像,unrelated,速率方程与速率时间图像属平行内容
CHEMISTRY,可逆反应的特点及应用,可逆反应,valid,先学可逆反应概念再学其特点及应用
CHEMISTRY,勒夏特列原理及应用,勒夏特列原理,valid,先学勒夏特列原理再学其应用
CHEMISTRY,一次电池,一些有机物的命名,unrelated,一次电池属电化学，与有机物命名无关
CHEMISTRY,二次电池,乙醇,unrelated,二次电池与乙醇属不同领域，无关
CHEMISTRY,可充电电池题目的解答思路,取代反应,unrelated,电池题解答与有机取代反应无关
CHEMISTRY,平衡常数的应用,平衡常数-x1,valid,先学平衡常数概念才能应用其判断方向
CHEMISTRY,平衡转化率,平衡类问题需考虑的几个方面,inverted,平衡问题分析常用转化率，方向反
CHEMISTRY,压强平衡常数,化工生产中的复杂图像分析,unrelated,压强平衡常数是概念，不依赖图像分析
CHEMISTRY,价层电子对互斥模型,二氧化硫的尾气处理,unrelated,价层电子对互斥模型与尾气处理无前置关系
CHEMISTRY,杂化轨道理论,有机物组成和结构的确定,unrelated,杂化轨道理论与有机物结构测定无关
CHEMISTRY,等电子原理,碳中和,unrelated,等电子原理与碳中和概念无关
CHEMISTRY,键的极性和分子的极性,键参数及其应用,unrelated,键极性由电负性决定，与键参数平行无关
CHEMISTRY,配位键,配位化合物,inverted,配位化合物基于配位键概念，方向反
CHEMISTRY,配位化合物,速率常数和速率方程,unrelated,配合物属分子结构，与速率方程无关
CHEMISTRY,键参数及其应用,键参数,valid,先学键参数再学其应用
CHEMISTRY,分子空间构型,分子的性质,inverted,分子极性溶解性由空间构型决定，方向反
CHEMISTRY,配位键和配合物,配位键,valid,配合物学习以配位键知识为前提
CHEMISTRY,有关化学键易错点,有关化学平衡常数易混易错点,unrelated,化学键易错点与平衡常数易错点无关
CHEMISTRY,有关分子的性质的易混易错点,放热反应,unrelated,分子性质易错点与放热反应无关
CHEMISTRY,有关配合物的易混易错点,有关化学键易错点,valid,配位键属特殊共价键，需化学键基础
CHEMISTRY,中心原子杂化类型的判断,中和热-燃烧热的注意点,unrelated,杂化类型判断与中和热燃烧热无关
CHEMISTRY,分子间作用力对物质性质的影响,分子间作用力,valid,先学分子间作用力再学其对性质的影响
CHEMISTRY,影响分子溶解性的因素,形成喷泉的原理,unrelated,溶解性因素是理论点，不依赖喷泉实验
CHEMISTRY,自发反应,聚合反应,unrelated,自发反应判据与聚合反应无关
CHEMISTRY,熵和熵变的含义,熟记硅及其化合物的特殊性质,unrelated,熵的含义与硅化合物特殊性质无关
CHEMISTRY,合成氨反应的特点,各种硅酸的结构,unrelated,合成氨反应特点与硅酸结构无关
CHEMISTRY,平衡类问题需考虑的几个方面,平衡常数的应用,valid,平衡常数的应用是处理平衡问题的核心方面
CHEMISTRY,速率-时间图像,过渡态理论,unrelated,速率-时间图像不需要过渡态理论
CHEMISTRY,全程速率-时间图像,催化剂与反应历程,unrelated,全程速率图像与催化剂历程无关联
CHEMISTRY,含量-转化率-投料比图像,同系物,unrelated,平衡投料比图像与有机同系物无关
CHEMISTRY,工业生产中的速率和平衡图像,工业生产中化学反应条件的选择,valid,工业图像是速率与平衡条件选择的体现
CHEMISTRY,化工生产中的复杂图像分析,化学键对物质性质的影响,unrelated,化学键与物质性质和化工图像无关
CHEMISTRY,多重平衡体系类型,外界条件对化学平衡的影响,valid,多重平衡分析须先会外界条件移动
CHEMISTRY,多重平衡体系规则,多重平衡体系类型,valid,多重平衡规则建立在体系类型之上
CHEMISTRY,取代反应,反应热-焓变,unrelated,有机取代反应与反应热无关
CHEMISTRY,同系物,同分异构现象和同分异构体,unrelated,同系物与同分异构体为平行概念
CHEMISTRY,同分异构体,合成氨反应的特点,unrelated,同分异构体与合成氨特点无关
CHEMISTRY,加成反应,判断化学反应的自发性,unrelated,加成反应与自发性判断无关
CHEMISTRY,聚合反应,绿色化学,unrelated,聚合反应与绿色化学无关
CHEMISTRY,酯化反应,配位键和配合物,unrelated,酯化反应与配位键无关
CHEMISTRY,苯的同系物的命名,自然资源的开发利用,unrelated,苯同系物命名与资源利用无关
CHEMISTRY,同分异构现象和同分异构体,同分异构体,unrelated,同一概念在不同教材的侧面
CHEMISTRY,简单有机物同分异构体的书写,等电子原理,unrelated,同分异构体书写与等电子原理无关
CHEMISTRY,命名原则,吸热反应和放热反应,unrelated,有机命名原则与吸放热反应无关
CHEMISTRY,一些有机物的命名,δh与反应的-可逆性,unrelated,有机命名与ΔH可逆性无关
CHEMISTRY,有机物的分离和提纯,有机物命名易错点,unrelated,分离提纯与命名易错点平行
CHEMISTRY,有机物组成和结构的确定,有机物的分离和提纯,unrelated,结构确定与分离提纯为并列知识点
CHEMISTRY,有机物分类易混易错点,有机物分子结构的确定,unrelated,分类易错点与结构确定无关
CHEMISTRY,有机物命名易错点,有机物分类易混易错点,unrelated,命名易错点与分类易错点并列
CHEMISTRY,常见有机反应类型总结,常见喷泉的类型,unrelated,有机反应类型与喷泉实验无关
CHEMISTRY,依据反应条件判断有机反应类型,价层电子对互斥模型,unrelated,有机反应类型判断与VSEPR无关
CHEMISTRY,常见的限制条件总结,常见的装置,unrelated,合成限制条件与无机组件无关
CHEMISTRY,乙烯,影响化学反应速率的因素,unrelated,乙烯与速率影响因素无关
CHEMISTRY,乙醇,乙酸,unrelated,乙醇与乙酸为平行物质
CHEMISTRY,乙酸,乙烯,unrelated,乙酸与乙烯为平行物质
CHEMISTRY,基本营养物质,基元反应,unrelated,基本营养物质与基元反应无关
CHEMISTRY,有机物分子结构的确定,有机合成中碳骨架的构建,unrelated,结构确定与碳骨架构建无关
CHEMISTRY,海水资源,浓硫酸转化为二氧化硫,unrelated,海水资源与二氧化硫制法无关
CHEMISTRY,金属冶炼,酸雨,unrelated,金属冶炼与酸雨无关
CHEMISTRY,自然资源的开发利用,自发反应,unrelated,资源利用与自发反应无关
CHEMISTRY,绿色化学,简单有机物同分异构体的书写,unrelated,绿色化学与同分异构体书写无关
CHEMISTRY,焓变,烷烃的命名,unrelated,焓变与烷烃命名无关
CHEMISTRY,热化学方程式,炔烃的化学性质,unrelated,热化学方程式与炔烃性质无关
CHEMISTRY,盖斯定律,盐类水解的影响因素,unrelated,盖斯定律与盐类水解因素无关
CHEMISTRY,盖斯定律,甲烷,unrelated,盖斯定律与甲烷无关
CHEMISTRY,燃烧热,煤的综合利用,unrelated,燃烧热与煤的综合利用无关
CHEMISTRY,燃烧热,燃料电池,unrelated,燃烧热与燃料电池无关
CHEMISTRY,中和热,中和滴定,unrelated,中和热与中和滴定无关
CHEMISTRY,键能,键参数,inverted,键能是基本概念且为键参数组成部分
CHEMISTRY,常见的氧化剂与还原剂,常见仪器,unrelated,氧化还原剂与常见仪器无关
CHEMISTRY,氧化性-还原性的判断,氢键,unrelated,氧化还原性判断与氢键无关
CHEMISTRY,根据反应事实判断性质的强弱,核酸的结构与性质,unrelated,氧化还原判断与核酸无关
CHEMISTRY,反应热,原电池,unrelated,反应热与原电池无关
CHEMISTRY,反应热-焓变,反应机理,unrelated,反应热与反应机理无关
CHEMISTRY,活化能,油脂,unrelated,活化能与油脂无关
CHEMISTRY,催化剂,以烯烃-炔烃为原料的有机合成,unrelated,催化剂概念与有机合成无关
CHEMISTRY,平衡常数-x1,常见的氧化剂与还原剂,unrelated,平衡常数与常见氧化还原剂无关
CHEMISTRY,平衡常数-x1,常见的限制条件总结,unrelated,平衡常数与合成限制条件无关
CHEMISTRY,等效平衡,离子晶体,unrelated,等效平衡与离子晶体无关
CHEMISTRY,强电解质与弱电解质,弱电解质的电离平衡,inverted,强电解质弱电解质分类先于电离平衡
CHEMISTRY,电离常数,电极反应式,unrelated,电离常数与电极反应式无关
CHEMISTRY,电离度,电离平衡中的7个易错点,inverted,易错点预设电离度这一概念
CHEMISTRY,部分弱酸的电离常数如下表,过滤,unrelated,Ka比较酸性强弱与过滤无关
CHEMISTRY,ksp的影响因素,陶瓷,unrelated,Ksp影响因素与陶瓷无关
CHEMISTRY,沉淀滴定法,沉淀溶解平衡的应用,valid,沉淀滴定是沉淀溶解平衡的应用
CHEMISTRY,化学平衡,化学反应速率,valid,平衡的条件是正逆反应速率相等
CHEMISTRY,化学平衡状态的判断,化学平衡状态,valid,平衡状态概念是判断是否达到平衡的基础
CHEMISTRY,化学平衡状态的特征及判断,化学平衡状态的判断,unrelated,判断只是特征及判断的组成部分，同概念重叠
CHEMISTRY,影响化学平衡的因素,影响化学反应速率的因素,unrelated,可用勒夏特列原理独立分析，非速率因素必需前置
CHEMISTRY,关于化学平衡状态的易错易混点,关于化学反应速率易错易混点,unrelated,两个不同主题的易错点集合，互不依赖
CHEMISTRY,化学平衡常数,化学平衡,valid,先理解化学平衡，才能建立平衡常数概念
CHEMISTRY,化学平衡常数的影响因素,化学平衡常数的应用,inverted,常数的应用应在影响因素之后，方向反
CHEMISTRY,化学平衡常数及影响因素,化学平衡常数,unrelated,常数及影响因素包含常数本身，同概念重叠
CHEMISTRY,化学平衡常数的应用,化学平衡常数及影响因素,valid,先掌握常数及影响因素，才能进行应用
CHEMISTRY,有关化学平衡常数易混易错点,有关分子的性质的易混易错点,unrelated,平衡常数易错点与分子结构性质无关
CHEMISTRY,化学平衡状态,化学反应速率,valid,平衡态由正逆反应速率相等定义，须先懂速率
CHEMISTRY,化学平衡状态,化学平衡常数的影响因素,inverted,平衡常数是平衡态之后的内容，方向反
CHEMISTRY,化学平衡的移动,化学平衡状态,valid,先有平衡状态概念，才能讨论平衡移动
CHEMISTRY,化学平衡的移动,化学平衡状态的特征及判断,valid,移动分析依赖平衡特征如正逆速率相等
CHEMISTRY,物质的量-或浓度-时间图像,物质变化过程中的化学键变化,unrelated,浓度时间图像属速率平衡，与化学键变化无关
CHEMISTRY,化学反应的本质,勒夏特列原理及应用,unrelated,反应本质是断键成键，与勒夏特列原理无关
CHEMISTRY,化学反应速率,化学反应的热效应的易混易错点,unrelated,反应速率与热效应易错点无依赖关系
CHEMISTRY,化学反应速率,分离提纯,unrelated,分离提纯是实验技术，与反应速率无关
CHEMISTRY,影响化学反应速率的因素,影响分子溶解性的因素,unrelated,溶解性因素属分子结构章，与速率因素无关
CHEMISTRY,影响化学反应速率的因素,主要依据,unrelated,主要依据指热化学判断，与速率因素无关
CHEMISTRY,化学反应的热效应的易混易错点,化学反应的本质,valid,反应热源于断键吸热成键放热，本质是前提
CHEMISTRY,催化剂与化学反应,依据反应条件判断有机反应类型,unrelated,有机反应类型判断与催化剂概念无关
CHEMISTRY,关于化学反应速率易错易混点,共价键的分类,unrelated,共价键分类属结构章，与速率易错点无关
CHEMISTRY,判断化学反应的自发性,分子间作用力对物质性质的影响,unrelated,自发性用焓熵判据，与分子间作用力无关
CHEMISTRY,工业生产中化学反应条件的选择,工业合成氨的适宜条件,inverted,合成氨是条件选择原理的应用实例，方向反
CHEMISTRY,弱电解质的电离,平衡常数-x1,valid,电离常数是平衡常数的特例，须先懂平衡常数
CHEMISTRY,酸碱中和滴定,酸-碱稀释时的两个误区,unrelated,稀释误区讲稀释时pH变化，非滴定前置
CHEMISTRY,盐类水解,盐溶液酸碱性的判断,inverted,盐溶液酸碱性正由水解理论判断，方向反
CHEMISTRY,溶度积,活化能,unrelated,溶度积是沉淀溶解平衡常数，与活化能无关
CHEMISTRY,酸碱中和滴定的关键,酸碱中和滴定-八-个提醒,unrelated,关键与八个提醒均为滴定操作提示，平行
CHEMISTRY,滴定曲线,溶液的酸碱性,valid,滴定曲线解释溶液酸碱性变化，须先懂酸碱性
CHEMISTRY,误差分析,蛋白质的结构与性质,unrelated,滴定误差分析与蛋白质结构性质无关
CHEMISTRY,盐溶液,电负性,unrelated,盐溶液与电负性原子结构无关
CHEMISTRY,ph试纸的规范使用,vsepr模型,unrelated,pH试纸使用与VSEPR分子模型无关
CHEMISTRY,酸-碱稀释时的两个误区,酰胺,unrelated,酸碱稀释误区与酰胺有机物无关
CHEMISTRY,酸碱中和滴定-八-个提醒,酸碱中和滴定,valid,八个提醒是滴定操作的细节提示，须先懂滴定
CHEMISTRY,盐类水解的影响因素,盐类水解的三个误区,inverted,水解误区针对影响因素中的位移与程度，方向反
CHEMISTRY,溶液中微粒种类的判断,溶度积,unrelated,微粒种类判断用于浓度比较，与溶度积无关
CHEMISTRY,六种盐溶液蒸干后产物的判断,元素-核素-同位素,unrelated,蒸干产物依据盐的水解性质，与核素无关
CHEMISTRY,盐类水解的三个误区,盐类水解,valid,三个误区针对盐类水解理论，须先懂水解
CHEMISTRY,盐溶液酸碱性的判断,盐溶液,valid,先理解盐水解致酸碱性的原理，再学判断方法
CHEMISTRY,电离平衡,电离常数,inverted,电离常数在电离平衡基础上定义，方向反
CHEMISTRY,弱电解质的电离平衡,弱电解质的电离,valid,先懂弱电解质部分电离，再建立电离平衡
CHEMISTRY,电离平衡中的7个易错点,电离平衡,valid,易错点针对电离平衡知识，须先懂电离平衡
CHEMISTRY,水的电离,氨基酸的结构与性质,unrelated,水的电离与氨基酸结构性质无关
CHEMISTRY,溶液的ph,溶液中微粒种类的判断,unrelated,pH定义不依赖微粒种类判断，二者无前后关系
CHEMISTRY,水的离子积常数,水的电离易错-七-点,inverted,KW由水电离定义，先于其易错点，方向反
CHEMISTRY,水的电离平衡移动的影响因素,水的电离,valid,先有水的电离，再分析条件使其平衡移动
CHEMISTRY,溶液的酸碱性,溶液的ph,inverted,酸碱性由氢氧离子相对大小定，先于pH
CHEMISTRY,水的电离平衡移动的影响因素,基本概念,unrelated,单体链节聚合度属高分子，与水电离无关
CHEMISTRY,水的电离易错-七-点,水的电离平衡移动的影响因素,valid,易错点针对水电离移动规律，须先懂影响因素
CHEMISTRY,沉淀溶解平衡,水的离子积常数,unrelated,溶度积基于平衡常数，Kw仅作类比非必需
CHEMISTRY,影响沉淀溶解平衡的因素,强电解质与弱电解质,unrelated,沉淀溶解平衡移动靠平衡分析，与强弱电解质无关
CHEMISTRY,沉淀溶解平衡的应用,沉淀溶解平衡易错六点,unrelated,应用与易错点均为沉淀溶解平衡派生内容
CHEMISTRY,沉淀溶解平衡易错六点,沉淀溶解平衡,valid,易错六点针对沉淀溶解平衡知识，须先懂
CHEMISTRY,电极反应式,电子数相等的粒子的判断与应用,unrelated,电极反应式依氧化还原，与等电子微粒无关
CHEMISTRY,电解原理,电离能,unrelated,电解原理与电离能原子结构无关
CHEMISTRY,原电池,原子结构易混易错知识点,unrelated,原电池基于氧化还原，与原子结构易错点无关
CHEMISTRY,原电池,原子经济性,unrelated,原子经济性是绿色化学概念，与原电池无关
CHEMISTRY,原电池原理的应用,原电池,valid,先懂原电池原理，再学其应用如腐蚀防护
CHEMISTRY,电解池,电解原理,valid,先有电解概念与原理，再具体到电解池
CHEMISTRY,金属的腐蚀,金属晶体,unrelated,腐蚀机理属电化学，与晶体结构无关
CHEMISTRY,金属的防护,金属的腐蚀,valid,防护措施针对腐蚀机理提出
CHEMISTRY,键参数,铝的物理性质,unrelated,铝的物理性质与键参数无关
CHEMISTRY,键参数,铵盐及nh的检验,unrelated,铵盐检验与键参数无关
CHEMISTRY,共价键,元素非金属性强弱的判断,unrelated,非金属性强弱判断与共价键无关
CHEMISTRY,共价键,全程速率-时间图像,unrelated,速率时间图像与共价键无关
CHEMISTRY,共价键,共价晶体,inverted,共价晶体是依托共价键的后续晶体概念
CHEMISTRY,共价键的分类,共价键及键参数易混易错点,unrelated,易错点为同主题归纳，非前置
CHEMISTRY,共价键及键参数易混易错点,共价键,valid,易错点需先掌握共价键
CHEMISTRY,分子的极性,分子晶体,unrelated,两概念分属不同章，互非前置
CHEMISTRY,杂化轨道,有机物的结构特点,unrelated,有机物结构特点与杂化轨道无关
CHEMISTRY,vsepr模型,ksp的影响因素,unrelated,Ksp影响因素与VSEPR模型无关
CHEMISTRY,分子的性质,分子-或离子-空间结构的判断,valid,分子极性依赖空间结构判断
CHEMISTRY,晶体,新型化学电源,unrelated,新型化学电源与晶体无关
CHEMISTRY,物质的聚集状态,物质检验,unrelated,物质检验与聚集状态无关
CHEMISTRY,晶胞,晶体与非晶体,valid,晶胞描述晶体结构，先需晶体概念
CHEMISTRY,过渡晶体与混合型晶体,误差分析,unrelated,滴定误差分析与晶体分类无关
CHEMISTRY,分子晶体,几种重要的醛-酮,unrelated,醛酮内容与分子晶体无关
CHEMISTRY,共价晶体,六种盐溶液蒸干后产物的判断,unrelated,蒸干产物判断与共价晶体无关
CHEMISTRY,晶体与非晶体,晶体,valid,晶体非晶体比较需先有晶体概念
CHEMISTRY,分子间作用力,分子空间构型,unrelated,分子间作用力不依赖空间构型
CHEMISTRY,金属晶体,重结晶,unrelated,重结晶实验技术与金属晶体无关
CHEMISTRY,离子晶体,石油的综合利用,unrelated,石油综合利用与离子晶体无关
CHEMISTRY,配合物,部分弱酸的电离常数如下表,unrelated,电离常数与配合物无关
CHEMISTRY,超分子,规避两个易失分点,unrelated,反应热易失分点与超分子无关
CHEMISTRY,原子结构易混易错知识点,原子结构,valid,易错点需先掌握原子结构
CHEMISTRY,能层,胺-酰胺的结构和性质,unrelated,胺酰胺与能层无关
CHEMISTRY,能级,能层,valid,能级是能层的细分，先学能层
CHEMISTRY,构造原理,杂化轨道,unrelated,杂化轨道与构造原理无依赖
CHEMISTRY,电离能,电离度,unrelated,电离能与电离度是不同概念
CHEMISTRY,电负性,电解池,unrelated,电解池与电负性无关
CHEMISTRY,电负性,电解饱和食盐水-氯碱工业,unrelated,氯碱工业与电负性无关
CHEMISTRY,元素-核素-同位素,催化剂,unrelated,催化剂与核素同位素无关
CHEMISTRY,核外电子运动状态,构造原理,inverted,电子运动状态（泡利）是构造原理基础
CHEMISTRY,原子核外电子排布,卤代烃的结构和性质易混易错点,unrelated,卤代烃易错点与电子排布无关
CHEMISTRY,电子数相等的粒子的判断与应用,电子排布式,unrelated,电子数判断依据粒子带电，与排布式无关
CHEMISTRY,原子结构,卤族元素的易错点,unrelated,卤族元素易错点与原子结构无关
CHEMISTRY,原子结构,原子核外电子排布,inverted,原子结构是电子排布学习的基础
CHEMISTRY,烯烃,热化学方程式,unrelated,热化学方程式与烯烃无关
CHEMISTRY,炔烃,滴定曲线,unrelated,滴定曲线与炔烃无关
CHEMISTRY,烯烃的顺反异构,烯烃的化学性质,unrelated,顺反异构取决于结构，与化学性质无关
CHEMISTRY,烯烃的化学性质,烯烃,valid,化学性质需先认识烯烃
CHEMISTRY,炔烃的化学性质,炔烃,valid,化学性质需先认识炔烃
CHEMISTRY,金属的腐蚀,金属冶炼,unrelated,金属冶炼与腐蚀机理无关
CHEMISTRY,芳香烃,脂肪烃的结构和性质易混易错点,unrelated,脂肪烃易错点与芳香烃无关
CHEMISTRY,芳香烃的用途及对环境的影响,芳香烃,valid,用途需先认识芳香烃
CHEMISTRY,芳香烃的结构和性质易混易错点,芳香烃的用途及对环境的影响,unrelated,用途影响与易错点互非前置
CHEMISTRY,苯的化学性质,苯及其同系物的性质,inverted,苯同系物性质建立在苯化学性质之上
CHEMISTRY,苯的同系物的结构与性质,苯的化学性质,valid,苯的同系物由苯的性质推导
CHEMISTRY,苯及其同系物的性质,苯分子的空间结构,valid,性质依赖苯的空间结构
CHEMISTRY,卤代烃,单糖,unrelated,单糖与卤代烃无关
CHEMISTRY,卤代烃的概念,卤代烃的性质及应用,inverted,概念在前，性质应用需先有概念
CHEMISTRY,卤代烃的物理性质,卤代烃的水解反应和消去反应,unrelated,物理性质不依赖水解消去反应
CHEMISTRY,卤代烃的水解反应和消去反应,卤代烃的概念,valid,反应需先认识卤代烃概念
CHEMISTRY,卤代烃的用途与危害,卤代烃的物理性质,unrelated,用途危害与物理性质互非前置
CHEMISTRY,卤代烃的性质及应用,卤代烃在有机合成中的作用,unrelated,合成作用是应用子题，非前置
CHEMISTRY,卤代烃的结构和性质易混易错点,卤代烃的用途与危害,unrelated,用途危害与易错点互非前置
CHEMISTRY,羧酸,糖类的结构和性质易混易错点,unrelated,糖类易错点与羧酸无关
CHEMISTRY,羧酸的组成和结构,羧酸的化学性质,inverted,先结构后性质，方向反了
CHEMISTRY,羧酸的化学性质,羧酸,valid,化学性质需先认识羧酸
CHEMISTRY,羧酸的结构和性质,羧酸的组成和结构,valid,先知组成和结构再谈性质
CHEMISTRY,有机合成,有关蛋白质的易混易错点,unrelated,蛋白质与有机合成异章无关
CHEMISTRY,以烯烃-炔烃为原料的有机合成,中和热,unrelated,中和热属反应热与有机合成无关
CHEMISTRY,卤代烃在有机合成中的作用,卤代烃,valid,先掌握卤代烃再谈其合成作用
CHEMISTRY,醛-酮在有机合成中的应用,醚的结构与性质,unrelated,醚与醛酮应用平行非前置
CHEMISTRY,常见有机合成路线,常见有机反应类型总结,valid,合成路线依赖常见反应类型
CHEMISTRY,有机合成中碳骨架的构建,有机化合物的空间结构,unrelated,碳骨架构建靠成键反应与空间模型无关
CHEMISTRY,糖类的组成和分类,糖类,valid,先知糖类概念再学组成和分类
CHEMISTRY,单糖,化学平衡的移动,unrelated,单糖与化学平衡属不同领域
CHEMISTRY,多糖-淀粉与纤维素,水的电离平衡移动的影响因素,unrelated,多糖与水电离平衡无关
CHEMISTRY,糖类的结构和性质,糖类的组成和分类,valid,先分类再逐类学结构和性质
CHEMISTRY,糖类的结构和性质易混易错点,糖类的结构和性质,valid,易错点在主干之后依赖主干
CHEMISTRY,蛋白质,蒸馏,unrelated,蒸馏是分离方法非蛋白质前置
CHEMISTRY,蛋白质的结构与性质,蛋白质和氨基酸的结构与性质,valid,理解蛋白质须先知氨基酸和肽键
CHEMISTRY,蛋白质和氨基酸的结构与性质,蛋白质,valid,先知蛋白质概念再学结构与性质
CHEMISTRY,有关蛋白质的易混易错点,有关合成高分子的易混易错点,unrelated,两个不同主题的易错点无前置
CHEMISTRY,核酸,核外电子运动状态,unrelated,电子运动状态是原子结构无关
CHEMISTRY,核酸的结构与性质,核酸,valid,先知核酸概念再学结构与性质
CHEMISTRY,合成高分子,反应热,unrelated,合成高分子与反应热无关
CHEMISTRY,合成高分子的结构和性质,合成高分子,valid,先知合成高分子再学结构和性质
CHEMISTRY,有关合成高分子的易混易错点,有关ksp的易错点,unrelated,Ksp属溶解平衡与高分子无关
CHEMISTRY,聚合反应及聚合物单体的判断,羧酸的结构和性质,valid,缩聚单体判断依赖羧基成酯知识
CHEMISTRY,基本概念,铝及其化合物之间的性质与应用,unrelated,含铝物质与高分子基本概念无关
CHEMISTRY,苯分子的空间结构,芳香烃的结构和性质易混易错点,inverted,易错点以苯空间结构为前提方向反
CHEMISTRY,高分子的分类及性质特点,键能,unrelated,键能属反应热与高分子分类无关
CHEMISTRY,有机物的结构特点,有机合成,inverted,结构特点是有机合成的基础方向反
CHEMISTRY,烷烃的命名,烷烃的化学性质,unrelated,命名与化学性质平行非前置
CHEMISTRY,烷烃的命名,烷烃,valid,先知烷烃概念与同分异构再学命名
CHEMISTRY,烷烃的化学性质,烯烃的顺反异构,unrelated,烯烃顺反异构非烷烃性质前置
CHEMISTRY,脂肪烃的结构和性质,能级,unrelated,能级属原子结构与脂肪烃无关
CHEMISTRY,脂肪烃的结构和性质易混易错点,脂肪烃的结构和性质,valid,易错点以脂肪烃主干为前提
CHEMISTRY,醇的概念及分类,醇的化学性质,inverted,概念分类先于化学性质方向反
CHEMISTRY,醇的化学性质,醇和酚的结构和性质易混易错点,inverted,易错点在主干之后方向反
CHEMISTRY,醇的结构和性质,醇的概念及分类,valid,先知醇的概念再学结构和性质
CHEMISTRY,醚的结构与性质,醇的结构和性质,unrelated,醚与醇为平行衍生物非真前置
CHEMISTRY,醇和酚的结构和性质易混易错点,酸碱中和滴定的关键,unrelated,中和滴定属无机分析无关
CHEMISTRY,酚的概念和物理性质,配合物,unrelated,配合物属晶体结构章无关
CHEMISTRY,苯酚的化学性质,苯的同系物的结构与性质,unrelated,酚性质前置是苯而非苯的同系物
CHEMISTRY,酚的结构和性质,酚的概念和物理性质,valid,概念和物理性质是整体前提
CHEMISTRY,醛-酮的概念,醛-酮的化学性质,inverted,概念先于化学性质方向反
CHEMISTRY,几种重要的醛-酮,共价键,unrelated,共价键过泛非真前置
CHEMISTRY,醛-酮的化学性质,醛-酮在有机合成中的应用,inverted,应用依赖化学性质方向反
CHEMISTRY,醛-酮的化学性质,醛-酮的概念,valid,先知醛酮概念再学结构和性质
CHEMISTRY,醛和酮的结构和性质易混易错点,醛-酮的化学性质,valid,易错点以醛酮主干为前提
CHEMISTRY,酯和油脂的结构和性质,酚的结构和性质,unrelated,酯依赖羧酸与醇与酚无关
CHEMISTRY,油脂,沉淀滴定法,unrelated,沉淀滴定与油脂无关
CHEMISTRY,胺-酰胺的结构和性质,胺-酰的结构和性质,unrelated,两节点实为同一主题重复
CHEMISTRY,酰胺,酯和油脂的结构和性质,valid,酰胺仿酯定义酯在前
CHEMISTRY,胺-酰的结构和性质,聚合反应及聚合物单体的判断,unrelated,聚合单体判断与胺酰无关
CHEMISTRY,氨基酸的结构与性质,氧化铝的性质与应用,unrelated,氧化铝属无机与氨基酸无关
CHEMISTRY,石油的综合利用,盖斯定律,unrelated,盖斯定律属反应热无关
CHEMISTRY,煤的综合利用,焓变,unrelated,焓变属反应热与煤无关
CHEMISTRY,天然气的综合利用,多糖-淀粉与纤维素,unrelated,多糖属生物大分子与天然气无关
CHEMISTRY,氢键,氢氧化铝的性质与制备,unrelated,氢氧化铝属无机与氢键无关
CHEMISTRY,范德华力,苯酚的化学性质,unrelated,酚化学性质与范德华力无关
CHEMISTRY,铝元素的原子结构和存在,金属的防护,unrelated,金属防护非原子结构前置
CHEMISTRY,铝的物理性质,铝的化学性质,unrelated,物理与化学性质平行非前置
CHEMISTRY,铝的化学性质,铝的制备和用途,inverted,制备和用途依赖化学性质方向反
CHEMISTRY,铝的制备和用途,铝及其化合物的易错点,unrelated,易错点非制备用途的前置
CHEMISTRY,氧化铝的性质与应用,氧化还原反应概念的-易错点,unrelated,氧化铝反应非氧化还原无关
CHEMISTRY,氢氧化铝的性质与制备,气体制备,unrelated,氢氧化铝制备属物质制备话题，与气体制备实验操作无关
CHEMISTRY,铝及其化合物之间的性质与应用,铝元素的原子结构和存在,unrelated,铝的原子结构与存在是背景知识，非化合物性质必学前置
CHEMISTRY,铝及其化合物之间的性质与应用,合成高分子的结构和性质,unrelated,合成高分子与含铝物质制备转化毫无关系
CHEMISTRY,铝及其化合物的易错点,铝及其化合物之间的性质与应用,valid,易错点派生自核心内容，须先学性质与应用
CHEMISTRY,药品取用,范德华力,unrelated,药品取用是基础实验操作，与范德华力无关
CHEMISTRY,气体制备,根据反应事实判断性质的强弱,unrelated,气体制备是实验操作，氧化性比较属另一话题
CHEMISTRY,物质检验,燃烧热,unrelated,物质检验与燃烧热无关
CHEMISTRY,实验方案设计,实质,unrelated,实验方案设计是通用能力，不依赖盐类水解知识
CHEMISTRY,分离提纯,分子的极性,unrelated,分离操作选择高中不依赖分子极性概念
CHEMISTRY,过滤,过渡晶体与混合型晶体,unrelated,过滤是基本操作，与晶体类型分类无关
CHEMISTRY,蒸发,萃取,unrelated,蒸发与萃取是平行分离操作，互非前置
CHEMISTRY,蒸馏,蒸发,unrelated,蒸馏与蒸发为平行操作，互非前置
CHEMISTRY,萃取,药品取用,unrelated,萃取与药品取用是平行实验操作，互非前置
CHEMISTRY,重结晶,醛和酮的结构和性质易混易错点,unrelated,重结晶是提纯操作，与醛酮易错点无关
CHEMISTRY,化学键,化学性质,unrelated,钠的化学性质不是化学键概念的前置
CHEMISTRY,化学键与物质的类别,化学键,valid,物质类别判断须先掌握化学键类型
CHEMISTRY,化学键对物质性质的影响,化学键与物质的类别,valid,键对性质影响建立于键类型与物质类别之上
CHEMISTRY,有机化合物中碳原子的成键特点,有机化合物中的共价键,inverted,碳成键特点更基础，σ/π键建立其上，方向反
CHEMISTRY,有机化合物中的共价键,有关配合物的易混易错点,unrelated,配合物易错点与有机物共价键无关
CHEMISTRY,有机化合物的空间结构,有机化合物的共面共线的判断,inverted,共面共线判断依赖空间结构，方向反
CHEMISTRY,有机化合物的共面共线的判断,有机化合物中碳原子的成键特点,valid,共面共线判断须先掌握碳的成键特点
BIOLOGY,细胞学说,细胞壁,unrelated,细胞壁是具体结构，非细胞学说的前置
BIOLOGY,生命系统的结构层次,特异性免疫,unrelated,生命系统层次与特异性免疫无关
BIOLOGY,病毒,疫苗,unrelated,病毒概念不依赖疫苗知识
BIOLOGY,原核细胞,单克隆抗体,unrelated,原核细胞与单克隆抗体无关
BIOLOGY,使用高倍显微镜观察细胞,体温调节,unrelated,显微镜使用与体温调节无关
BIOLOGY,细胞的多样性和统一性,细胞的全能性,unrelated,细胞全能性与多样统一性无关
BIOLOGY,细胞的统一性,细胞的生物膜系统,unrelated,细胞的统一性不依赖生物膜系统
BIOLOGY,真核细胞,病毒,unrelated,真核细胞知识不依赖病毒
BIOLOGY,原核细胞和真核细胞,原核细胞,valid,比较两类细胞须先认识原核细胞
BIOLOGY,组成细胞的元素,线粒体,unrelated,组成细胞的元素与线粒体无关
BIOLOGY,无机盐,抗原,unrelated,无机盐与抗原无关
BIOLOGY,氨基酸,植物组织培养,unrelated,氨基酸与植物组织培养无关
BIOLOGY,核苷酸,核糖体,unrelated,核苷酸与核糖体无关
BIOLOGY,脱水缩合,脂质,unrelated,脱水缩合指氨基酸成肽，与脂质无关
BIOLOGY,糖与脂质的转化,精子的形成过程,unrelated,糖脂转化与精子形成无关
BIOLOGY,生物大分子以碳链为骨架,生物多样性,unrelated,碳链骨架与生物多样性无关
BIOLOGY,糖类,糖与脂质的转化,inverted,糖与脂质转化须先掌握糖类，方向反
BIOLOGY,脂质,能量流动,unrelated,脂质与生态系统能量流动无关
BIOLOGY,糖类和脂质的相互转化,糖类和脂肪的转化,unrelated,同一转化话题的不同名称，同概念不同侧面
BIOLOGY,糖类和脂肪的转化,糖类,valid,糖与脂肪转化须先掌握糖类
BIOLOGY,蛋白质,色素,unrelated,蛋白质与光合色素无关
BIOLOGY,蛋白质的基本单位-氨基酸,蛋白质工程,inverted,蛋白质工程建立在蛋白质知识之上，方向反
BIOLOGY,蛋白质的结构及其多样性,蛋白质的基本单位-氨基酸,valid,理解蛋白质结构须先认识基本单位氨基酸
BIOLOGY,核酸,核苷酸,inverted,核苷酸是核酸的基本单位，后学于核酸，方向反
BIOLOGY,核酸是由核苷酸连接而成的长链,核酸,valid,理解长链结构须先认识核酸
BIOLOGY,细胞中的糖类,细胞中的水,unrelated,细胞中糖与水是平行化合物
BIOLOGY,细胞中的水,细胞中的无机盐,unrelated,水与无机盐是平行化合物
BIOLOGY,细胞中的元素,组成细胞的元素,unrelated,同一概念的两个名称，非前置关系
BIOLOGY,细胞中的化合物,细胞中的元素,valid,化合物以细胞元素组成为基础，元素先行
BIOLOGY,细胞中的无机盐,细胞中的化合物,unrelated,无机盐是具体化合物，总览列表非其前置
BIOLOGY,细胞中的脂质,细胞中的糖类,unrelated,细胞中脂质与糖类是平行化合物
BIOLOGY,细胞壁,细胞增殖,unrelated,细胞壁与细胞增殖无关
BIOLOGY,线粒体,糖类和脂质的相互转化,unrelated,线粒体与糖脂转化无关
BIOLOGY,叶绿体,受精作用,unrelated,叶绿体与受精作用无关
BIOLOGY,内质网,内环境的稳态,unrelated,内质网与内环境稳态无关
BIOLOGY,核糖体,样方法,unrelated,核糖体与样方法无关
BIOLOGY,溶酶体,渗透压,unrelated,溶酶体与渗透压无关
BIOLOGY,液泡,测交,unrelated,液泡与测交无关
BIOLOGY,生物膜系统,生物大分子以碳链为骨架,unrelated,生物膜系统与碳链骨架无关
BIOLOGY,细胞骨架,细胞衰老,unrelated,细胞结构与细胞衰老属不同主题
BIOLOGY,高尔基体,食物链,unrelated,细胞器与生态系统主题无关
BIOLOGY,膜的流动镶嵌模型,脱水缩合,unrelated,膜模型与肽键形成无关
BIOLOGY,膜的流动镶嵌模型,氨基酸,unrelated,氨基酸知识不是膜模型前提
BIOLOGY,细胞膜的结构和功能,细胞的统一性,valid,细胞基本单位概念是学膜的前提
BIOLOGY,分泌蛋白的合成和运输,减数分裂,unrelated,不同主题无前置关系
BIOLOGY,细胞核的结构和功能,细胞学说,valid,细胞学说是学细胞核的概念前提
BIOLOGY,自由扩散,自然选择,unrelated,物质运输与生物进化无关
BIOLOGY,协助扩散,动物细胞的吸水和失水,unrelated,渗透现象不是运输分类的前提
BIOLOGY,质壁分离,被动运输,unrelated,质壁分离基于渗透与运输分类无关
BIOLOGY,渗透作用,液泡,unrelated,渗透作用概念不依赖液泡知识
BIOLOGY,被动运输,蛋白质的结构及其多样性,unrelated,运输机制不需要蛋白质结构知识
BIOLOGY,动物细胞的吸水和失水,动物细胞培养,unrelated,渗透与细胞工程无关
BIOLOGY,成熟植物细胞的吸水和失水,性状分离比,unrelated,植物细胞与遗传定律无关
BIOLOGY,主动运输,中心法则,unrelated,物质运输与基因表达无关
BIOLOGY,胞吞,胞吐,unrelated,胞吞与胞吐是并列运输方式
BIOLOGY,胞吐,胚胎工程,unrelated,物质运输与胚胎工程无关
BIOLOGY,主动运输的类型,主动运输,valid,先掌握主动运输概念才能分类型
BIOLOGY,酶的本质,酶的作用和本质,unrelated,本质是同一知识点的组成部分
BIOLOGY,酶的作用,酶在代谢中的作用,unrelated,两者为同一内容的表述
BIOLOGY,酶的特性,酶的本质,unrelated,特性研究不依赖本质结论
BIOLOGY,酶在代谢中的作用,遗传信息的翻译,unrelated,酶与基因表达无关
BIOLOGY,酶的作用和本质,酶的作用,unrelated,作用是同一知识点的组成部分
BIOLOGY,与酶有关的曲线分析,pcr技术,unrelated,酶曲线与PCR技术无关
BIOLOGY,影响酶促反应的因素分析,密码子,unrelated,酶促反应与密码子无关
BIOLOGY,atp的结构,atp的合成和利用,inverted,ATP结构在前合成利用在后
BIOLOGY,atp的合成和利用,atp与adp的转化,unrelated,转化是同一知识点的核心内容
BIOLOGY,atp的结构与作用,atp的结构,unrelated,结构是同一知识点的组成部分
BIOLOGY,有氧呼吸,有丝分裂,unrelated,细胞呼吸与细胞分裂无关
BIOLOGY,无氧呼吸,无机盐,unrelated,细胞呼吸与无机盐无关
BIOLOGY,有氧呼吸的过程分析,有氧呼吸,valid,先知呼吸概念才能分析过程
BIOLOGY,细胞呼吸的影响因素及应用,细胞呼吸概念-实质和意义,valid,应用以呼吸概念与实质为前提
BIOLOGY,细胞呼吸概念-实质和意义,细胞呼吸原理的应用,inverted,概念是应用的前提方向反了
BIOLOGY,细胞呼吸原理的应用,细胞周期,unrelated,呼吸应用与细胞周期无关
BIOLOGY,光反应,信息传递,unrelated,光合作用与生态系统信息传递无关
BIOLOGY,暗反应,无菌技术,unrelated,光合作用与发酵技术无关
BIOLOGY,色素,自由组合定律的内容,unrelated,光合色素与遗传定律无关
BIOLOGY,类囊体,突触,unrelated,叶绿体结构与神经调节无关
BIOLOGY,光合作用,光反应,inverted,光合作用是概念光反应是其阶段
BIOLOGY,光合作用的影响因素,光合作用的原理,valid,影响因素分析基于光合原理
BIOLOGY,光合作用的原理,光合作用,valid,先知光合作用概念再学原理
BIOLOGY,细胞增殖,细胞器的结构和功能,unrelated,细胞器功能与增殖核心无关
BIOLOGY,有丝分裂,暗反应,unrelated,细胞分裂与光合作用无关
BIOLOGY,细胞分化,细胞凋亡,unrelated,分化与凋亡是并列过程
BIOLOGY,细胞衰老,细胞融合,unrelated,衰老与细胞工程无关
BIOLOGY,细胞凋亡,细胞免疫,unrelated,凋亡与免疫调节属不同主题
BIOLOGY,细胞癌变,细胞生活的环境,unrelated,癌变与内环境无关
BIOLOGY,细胞周期,细胞分化,unrelated,周期与分化是并列知识点
BIOLOGY,细胞的死亡,细胞的多样性和统一性,unrelated,远期概念非细胞死亡真前置
BIOLOGY,细胞的全能性,细胞癌变,unrelated,全能性与癌变无前置关系
BIOLOGY,同源染色体,叶绿体,unrelated,遗传概念与细胞器无关
BIOLOGY,联会,翻译,unrelated,减数分裂与基因表达无关
BIOLOGY,四分体,同源染色体,valid,四分体是联会的同源染色体对
BIOLOGY,精子的形成过程,类囊体,unrelated,精子形成与叶绿体结构无关
BIOLOGY,减数分裂,内质网,unrelated,减数分裂本质是染色体行为
BIOLOGY,受精作用,发酵工程,unrelated,受精作用与发酵工程无关
BIOLOGY,基因的表达,基因的本质,valid,基因概念是理解表达的前提
BIOLOGY,转录,转基因生物的安全性,unrelated,转录与生物安全无关
BIOLOGY,翻译,群落的结构,unrelated,翻译与群落结构无关
BIOLOGY,中心法则,与酶有关的曲线分析,unrelated,中心法则与酶曲线无关
BIOLOGY,密码子,大脑皮层,unrelated,密码子属基因表达与大脑皮层无关
BIOLOGY,dna是主要的遗传物质,atp的结构与作用,unrelated,遗传物质本质与ATP供能无关
BIOLOGY,基因的本质,基因工程,inverted,基因工程以基因是DNA片段为前提
BIOLOGY,dna的双螺旋结构,dna是主要的遗传物质,valid,先确认DNA是遗传物质再学结构
BIOLOGY,dna的复制,dna的双螺旋结构,valid,复制依赖双螺旋结构与碱基互补配对
BIOLOGY,dna的结构及特点,dna的复制,inverted,复制以结构为前提方向反了
BIOLOGY,分离定律,分泌蛋白的合成和运输,unrelated,遗传规律与分泌蛋白运输无关
BIOLOGY,自由组合定律,自由扩散,unrelated,遗传定律与跨膜运输仅名称相近
BIOLOGY,性状分离比,微生物的培养,unrelated,分离比与微生物培养无关
BIOLOGY,测交,膜的流动镶嵌模型,unrelated,测交与细胞膜模型无关
BIOLOGY,基因型-表型的推断,基因在染色体上,unrelated,推断依赖分离定律不依赖染色体理论
BIOLOGY,分离定律的特殊类型,分离定律,valid,特殊类型以掌握基本定律为前提
BIOLOGY,自由组合定律的内容,自由组合定律,unrelated,内容即定律本身同概念两个侧面
BIOLOGY,伴性遗传,传统发酵技术,unrelated,伴性遗传与发酵技术无关
BIOLOGY,伴性遗传的特点及应用,伴性遗传,valid,特点应用以基本概念为前提
BIOLOGY,基因在染色体上,基因,valid,讨论基因位置需先有基因概念
BIOLOGY,基因,四分体,unrelated,四分体是减数结构非基因概念前提
BIOLOGY,多倍体,基因频率,unrelated,染色体变异与种群基因频率无关
BIOLOGY,单倍体,协助扩散,unrelated,染色体变异与跨膜运输无关
BIOLOGY,共同进化,免疫系统,unrelated,共同进化与免疫系统无关
BIOLOGY,育种,联会,unrelated,育种不特需掌握联会
BIOLOGY,基因突变,基因的表达,unrelated,突变需要的是基因本质表达平行
BIOLOGY,基因重组,基因编辑,unrelated,基因编辑技术应用非重组概念前提
BIOLOGY,基因突变与细胞癌变,基因突变,valid,癌变以基因突变概念为前提
BIOLOGY,人类遗传病,主动运输的类型,unrelated,遗传病与主动运输无关
BIOLOGY,自然选择,膜的流动镶嵌模型,unrelated,自然选择与细胞膜模型无关
BIOLOGY,基因频率,基因重组,unrelated,基因频率概念不特需重组
BIOLOGY,物种的形成,激素调节的特点,unrelated,物种形成与激素调节无关
BIOLOGY,生物多样性,生态系统的结构,unrelated,生物多样性不以前生态系统结构为前提
BIOLOGY,染色体变异-x1,有氧呼吸的过程分析,unrelated,染色体变异与呼吸无关
BIOLOGY,渗透压,渗透作用,valid,渗透压理解以渗透作用为基础
BIOLOGY,酸碱平衡,酶的特性,unrelated,pH稳态与酶特性无关
BIOLOGY,体温调节,体液免疫,unrelated,体温调节与体液免疫无关
BIOLOGY,内环境,内分泌系统,unrelated,内分泌系统是后续内容非前提
BIOLOGY,稳态,种群的特征,unrelated,内环境稳态与种群特征无关
BIOLOGY,内环境的稳态,内环境,valid,稳态以内环境概念为前提
BIOLOGY,细胞生活的环境,细胞核的结构和功能,unrelated,细胞核非内环境概念的前提
BIOLOGY,反射,原核细胞和真核细胞,unrelated,反射与细胞分类无关
BIOLOGY,反射弧,反射,valid,反射弧是反射的结构基础先学反射
BIOLOGY,兴奋在神经纤维上的传导,共同进化,unrelated,神经传导与共同进化无关
BIOLOGY,突触,稳态,unrelated,突触传递与稳态无关
BIOLOGY,神经递质,神经调节的结构基础,valid,突触递质以神经元结构为前提
BIOLOGY,反馈调节,反射弧,unrelated,反馈调节是通用机制与反射弧无关
BIOLOGY,神经系统的结构,神经系统的分级调节,inverted,分级调节以结构层次为前提方向反
BIOLOGY,神经系统的分级调节,真核细胞,unrelated,真核细胞非特需前提
BIOLOGY,兴奋的产生和传导,兴奋在神经纤维上的传导,inverted,纤维传导是产生传导的子部分方向反
BIOLOGY,大脑皮层,多倍体,unrelated,大脑皮层与多倍体无关
BIOLOGY,神经调节的结构基础,神经系统的结构,inverted,神经系统结构是结构基础的一部分
BIOLOGY,甲状腺激素,生长素的极性运输,unrelated,动物激素与植物生长素无关
BIOLOGY,胰岛素,胞吞,unrelated,胰岛素与胞吞机制无关
BIOLOGY,胰高血糖素,胰岛素,unrelated,两者是平行拮抗调节无先后前提
BIOLOGY,激素,溶酶体,unrelated,激素概念与溶酶体无关
BIOLOGY,内分泌系统,其他植物激素,unrelated,动物内分泌系统与植物激素无关
BIOLOGY,激素调节的特点,激素,valid,调节特点以激素概念为前提
BIOLOGY,体液免疫,伴性遗传的特点及应用,unrelated,体液免疫与伴性遗传无关
BIOLOGY,细胞免疫,细胞中的脂质,unrelated,细胞免疫与脂质成分无关
BIOLOGY,抗原,抗体,inverted,抗体依抗原定概念抗原是前提
BIOLOGY,疫苗,甲状腺激素,unrelated,疫苗与甲状腺激素无关
BIOLOGY,免疫系统,免疫学的应用,inverted,免疫学应用以免疫系统为前提
BIOLOGY,非特异性免疫,限制酶,unrelated,非特异性免疫与限制酶无关
BIOLOGY,特异性免疫,物质循环,unrelated,免疫与物质循环跨章无前置关系
BIOLOGY,免疫失调,光学显微镜和电子显微镜,unrelated,显微镜原理不是免疫失调的前置
BIOLOGY,免疫学的应用,免疫失调,valid,免疫学应用含免疫失调疾病的防治
BIOLOGY,生长素,生物膜系统,unrelated,学生长素不要求掌握生物膜系统
BIOLOGY,生长素的极性运输,生长素的两重性,inverted,教材先讲生长素运输后讲两重性
BIOLOGY,生长素的两重性,生长素,valid,先认识生长素本质才能学其两重性
BIOLOGY,其他植物激素,兴奋的产生和传导,unrelated,植物激素与神经兴奋无前置关系
BIOLOGY,植物生长调节剂,核酸是由核苷酸连接而成的长链,unrelated,核酸结构与植物生长调节剂无关
BIOLOGY,种群密度,神经递质,unrelated,神经递质不是种群密度的前置
BIOLOGY,样方法,标志重捕法,unrelated,两者是测种群密度的平行方法
BIOLOGY,标志重捕法,染色体变异-x1,unrelated,染色体变异与种群调查方法无关
BIOLOGY,k值,dna连接酶,unrelated,种群K值与DNA连接酶完全无关
BIOLOGY,生态位,生命系统的结构层次,unrelated,结构层次与生态位关联过弱
BIOLOGY,种群的特征,种群的数量特征,inverted,种群特征总述先于数量特征分述
BIOLOGY,种群的数量特征,种群的数量变化,inverted,教材先数量特征后数量变化
BIOLOGY,种群的数量变化,种群数量的变化,unrelated,同一概念不同命名
BIOLOGY,群落的结构,群落的演替,inverted,教材先群落结构后群落演替
BIOLOGY,群落的演替,细胞骨架,unrelated,细胞骨架与群落演替完全无关
BIOLOGY,种群数量的变化,种群密度,valid,密度是研究数量变化的基本数量
BIOLOGY,食物链,食物网,inverted,先学食物链再学食物网
BIOLOGY,食物网,非特异性免疫,unrelated,非特异性免疫与食物网无关
BIOLOGY,生态系统的结构,生态系统的稳定性,inverted,教材先生态系统结构后稳定性
BIOLOGY,能量流动,胰高血糖素,unrelated,胰高血糖素与能量流动无关
BIOLOGY,生态系统的稳定性,生态工程,inverted,生态工程应用稳定性原理方向反
BIOLOGY,物质循环,物种的形成,unrelated,物种形成与物质循环无关
BIOLOGY,信息传递,使用高倍显微镜观察细胞,unrelated,显微镜实验与生态信息传递无关
BIOLOGY,生态工程,生态位,unrelated,生态位不是生态工程的直接前置
BIOLOGY,传统发酵技术,人类遗传病,unrelated,人类遗传病与发酵技术无关
BIOLOGY,微生物的培养,影响酶促反应的因素分析,unrelated,酶实验不是微生物培养直接前置
BIOLOGY,无菌技术,无氧呼吸,unrelated,无菌技术与无氧呼吸无前置关系
BIOLOGY,发酵工程,反馈调节,unrelated,反馈调节不是发酵工程的前置
BIOLOGY,植物组织培养,植物生长调节剂,valid,培养基需植物激素调控器官分化
BIOLOGY,动物细胞培养,分离定律的特殊类型,unrelated,分离定律与动物细胞培养无关
BIOLOGY,细胞融合,细胞膜的结构和功能,valid,细胞融合基于细胞膜的流动性
BIOLOGY,单克隆抗体,单倍体,unrelated,单倍体与单克隆抗体无关
BIOLOGY,胚胎工程,育种,unrelated,育种不是胚胎工程的前置
BIOLOGY,基因工程,基因型-表型的推断,valid,基因控制性状是基因工程基础
BIOLOGY,转基因生物的安全性,质壁分离,unrelated,质壁分离与转基因安全无关
BIOLOGY,限制酶,酸碱平衡,unrelated,酸碱平衡与限制酶无关
BIOLOGY,载体,转录,unrelated,转录不是载体知识的直接前置
BIOLOGY,pcr技术,k值,unrelated,种群K值与PCR完全无关
BIOLOGY,基因编辑,基因突变与细胞癌变,valid,基因编辑基于基因突变概念
BIOLOGY,dna连接酶,dna的结构及特点,valid,连接酶作用于DNA磷酸二酯键
BIOLOGY,蛋白质工程,蛋白质,valid,结构决定功能是蛋白质工程基础
BIOLOGY,光学显微镜和电子显微镜,光合作用的影响因素,unrelated,光合作用与显微镜无关
BIOLOGY,遗传信息的翻译,载体,unrelated,载体不是翻译的前置关系
