subject,pages,verdict,items_min,items_numbered,evidence
BIOLOGY,16,RETRANSCRIBE,43,21,"转写稿range_0015_0028.jsonl无page=16的行（全文件仅1行page=15，9176字节）。p0016.jpg（书页15/16）内容整页缺失：左半“三个唯一”表、关键能力·拓展1.元素和化合物相互推断（6行元素组成表+1)2)3)三法推断图）、2.本尼迪特试剂（1.成分2.反应原理3.使用方法4.特点，含0.1g/mL NaOH等配方描述）、3.还原糖与非还原糖的区别（1.2.）、研真题3.(2022江苏5C双缩脲须加热×)；右半第2节知识图谱、1.细胞中的水（1.含量60%~95%、2.存在形式表自由水95.5%/结合水4.5%、3.水的特性①-③、4.自由水与结合水关系1)2)）、归纳总结1-3、图解记忆曲线、研真题(2025湖北7B/2025安徽9B)均不见于稿。"
BIOLOGY,17,RETRANSCRIBE,37,29,"转写稿无page=17的行。p0017.jpg（书页17/18）内容整页缺失：3)自由水与结合水种子实验（阳光干燥/晒干种子/酒精灯加热等5组操作结论）、5.细胞中水的产生和利用表（①-④×2列：氨基酸脱水缩合/多糖合成/有氧呼吸第三阶段/ATP合成等）、2.细胞中的无机盐（1.含量1%~1.5%、2.存在形式离子、3.功能1)Mg/Fe/P/I四行表2)①Na⁺）；右半②Ca²⁺过低抽搐过高肌无力、3)理化平衡①Na+/Cl-/K+渗透压②H2CO3/HCO3-酸碱、教材深挖生理盐水0.9%、1.溶液培养法探究无机盐X（1.原理2.材料3.流程图4.设计原则1)对照2)单变量3)重复4)科学性）、锌缺乏示例解题思路①②③及B1/B2组实验表均不见于稿。"
BIOLOGY,18,RETRANSCRIBE,46,20,"转写稿无page=18的行。p0018.jpg（书页19/20）内容整页缺失：2.种子萌发水和无机盐吸收（吸水曲线阶段I/II/III图、水分-矿质吸收表联系①②③）；第3节糖类脂质知识图谱；1.细胞中的糖类（1.组成C,H,O几丁质含N、2.分类1)单糖表核糖C5H10O5/脱氧核糖C5H10O4/葡萄糖/果糖/半乳糖5行2)二糖C12H22O11表麦芽糖/蔗糖/乳糖3行、二糖组成图葡萄糖+果糖=蔗糖等3对）；3)多糖表淀粉/纤维素/肝糖原/肌糖原/几丁质、归纳总结多糖水解-氧化分解链（淀粉→麦芽糖→葡萄糖→CO2+H2O+能量）、3.常见糖类分布韦恩图、4.糖类的功能1)-4)、2.细胞中的脂质1.组成2.特点1)、知识拓展肝糖原与肌糖原/膳食纤维、巧理解脂肪与磷脂组成差异图均不见于稿。"
BIOLOGY,19,RETRANSCRIBE,40,28,"转写稿无page=19的行。p0019.jpg（书页21/22）内容整页缺失：2)脂质不溶于水溶于脂溶性溶剂、3.分类（1)脂肪①-④含植物/动物脂肪对比图、2)磷脂①-③、3)固醇胆固醇/性激素/维生素D三功能框图）、3.糖类和脂质的关系1.代谢比较表（糖类少/脂肪多+红批1g糖原17kJ vs 1g脂肪39kJ）、易混易错5条（脂肪≠脂质等）、2.糖类脂质相互转化图（血糖充足可大量转化/糖不足时脂肪→糖）、3.供能顺序（正常供能中蛋白质一般不供能）、4.归纳法记忆能源物质1-4（糖类占70%、ATP直接能源）、思考一下提示1/2、关键能力·拓展种子成熟与萌发有机物变化表（非油料/油料×有机物转化/干重变化）、温馨提示1-3均不见于稿。"
BIOLOGY,20,RETRANSCRIBE,42,18,"转写稿无page=20的行。p0020.jpg（书页23/24）内容整页缺失：第4节蛋白质知识图谱（氨基酸通式H2N-C(R)(H)-COOH、至少一个氨基一个羧基在同一碳原子上、结构/功能多样性）；1.蛋白质的功能（免疫/调节胰岛素/结构/催化酶/运输+狗催运免调口诀）、2.氨基酸（1.元素组成C,H,O,N,S、2.结构通式及机器人比喻头C右手-NH2左手-COOH、3.结构特点1)2)、方法技巧判断通式H2N-CH2-CH2OH(X)等3个反例）；4.种类（必需8种/非必需13种）、3.蛋白质的结构（1.脱水缩合反应式+场所核糖体、2.二肽多肽1)2)、3.结构层次图、4.多样性原因4项）、归纳总结氢键与二硫键1/2（-S-S-）、4.变性盐析水解三行表（高温使空间结构破坏不可逆等）、巧记必需氨基酸口诀、教材深挖色氨酸均不见于稿。"
BIOLOGY,21,RETRANSCRIBE,31,26,"转写稿无page=21的行。p0021.jpg（书页25/26）内容整页缺失：1.蛋白质相关计算公式1-10全列（肽键数=氨基酸数-肽链数、相对分子质量=氨基酸数×a-水分子数×18、游离氨基/羧基=肽链数+R基数、C/H/O/N原子数公式、O=氨基酸数+肽链数、N=氨基酸数）、两种特殊情况（二硫键脱2H、环肽）、例1（800个氨基酸2条链：肽键798、氨基12、羧基10、800a-798×18）、例2（M+N个氧M个氮）、例3（14个氨基酸CxHyOzNwS(w≥15)求天冬氨酸(w-15)/2）、5.去除氨基酸1)2)、例4（四十九肽内切酶切17/31/32位苯丙氨酸，断5肽键，短肽A/B/C氧原子少几个）；2.血红蛋白（1.简介2.结构2α2β+血红素Fe3.功能HbO2携4O24.血红蛋白病①镰状细胞贫血β链第6位谷氨酸→缬氨酸②地中海贫血）均不见于稿。"
BIOLOGY,22,RETRANSCRIBE,27,10,"转写稿无page=22的行。p0022.jpg（书页27/28）内容整页缺失：第5节核酸知识图谱（元素C,H,O,N,P、核苷酸初步水解、DNA含脱氧核糖T/RNA含核糖U）；1.核酸的种类及分布（1.DNA和RNA、2.分布1)真核DNA主要细胞核少量线粒体叶绿体2)原核拟核3)病毒DNA/RNA）、教材深挖DNA指纹技术1.原理2.应用；2.核酸是核苷酸长链（1.元素、2.脱氧核糖核苷酸/核糖核苷酸结构图+DNA/RNA组成比较：腺嘌呤A鸟嘌呤G胞嘧啶C胸腺嘧啶T vs 尿嘧啶U）、方法技巧巧记碱基A/G/C/T/U五条、“三看法”区分DNA/RNA（看五碳糖/看碱基/看分布）、3.核酸的结构（DNA双螺旋/RNA单链图）、思考一下（多糖单体少 vs 核苷酸4种排列多样）均不见于稿。"
BIOLOGY,23,RETRANSCRIBE,41,21,"转写稿无page=23的行。p0023.jpg（书页29/30）内容整页缺失：4.核酸的功能、5.多样性原因（数目和排列顺序）、归纳总结不同生物核酸/核苷酸/碱基/遗传物质表（8种核苷酸5种碱基等）、3.生物大分子以碳链为骨架（碳是核心元素、1)2)3)）、多聚体单体图、思考一下（脂肪磷脂固醇非大分子）、1.有机物种类判断方法（1.元素组成图2.功能判断1)-4)3.单体种类判断甲蛋白质/乙核酸/丙淀粉纤维素糖原）；例1（①②③元素组成韦恩图选择题答案C）、3.核酸-蛋白质复合体图（染色体/核糖体/DNA聚合酶复制/RNA聚合酶转录/逆转录酶）、例2四条判断（T2噬菌体HIV烟草花叶病毒√/原核核糖体×/真核传递过程√/大肠杆菌√）、DNA/RNA/蛋白质/淀粉/脂肪水解与氧化分解产物表5行（RNA行CO2,H2O,尿素等）均不见于稿。"
BIOLOGY,24,RETRANSCRIBE,37,7,"转写稿无page=24的行。p0024.jpg（书页31/32）内容整页缺失：第3章细胞基本结构章首思维导图（细胞膜磷脂双分子层/糖被/蛋白质、细胞核核孔核仁染色质、细胞器双层膜线粒体叶绿体/单层膜内质网高尔基体液泡溶酶体/无膜核糖体中心体及各自功能、核糖体→内质网→高尔基体→囊泡→细胞膜分泌蛋白运输①-⑤）；第1节细胞膜知识图谱（成分/流动镶嵌模型/功能）；1.细胞膜的功能（1.分隔、2.控制物质进出——选择透过性/普遍性相对性/可进可出图、3.信息交流三种方式：激素血液/细胞膜直接接触精子卵细胞/胞间连丝）、教材深挖染色排除法台盼蓝、知识拓展受体1-4（专一性、性激素受体在细胞内、胞间连丝不依赖受体）、磷脂分子结构式图（胆碱头/磷酸/甘油/脂肪酸尾）均不见于稿。"
BIOLOGY,25,RETRANSCRIBE,29,12,"转写稿无page=25的行。p0025.jpg（书页33/34）内容整页缺失：2.细胞膜成分和结构探索历程（1.成分探索表：欧文顿1895/哺乳动物红细胞制膜分析/戈特和格伦德尔1925单分子层=红细胞表面积2倍/丹尼利和戴维森1935表面张力低、磷脂单层双层排列图）；2.结构探索1)静态模型①-④（罗伯特森1959暗-亮-暗、蛋白质-脂质-蛋白质、局限）2)动态模型①②（1970小鼠人细胞融合、37℃40min荧光均分→流动性）3)流动镶嵌模型（1972辛格和尼科尔森）；归纳总结哺乳动物成熟红细胞/血影、思考一下（肝细胞磷脂单层>2倍）、3.细胞膜的成分（脂质50%/蛋白质40%/糖类2%~10%）、流动镶嵌模型大图解（细胞骨架/胆固醇/糖链外侧）、两大特性（流动性/选择透过性及影响因素温度）、教材深挖胆固醇（氢键双重调节/低温维持柔韧性）均不见于稿。"
BIOLOGY,26,RETRANSCRIBE,42,19,"转写稿无page=26的行。p0026.jpg（书页35/36）内容整页缺失：细胞膜成分和功能验证方法（1.检测表：脂质溶剂溶解/磷脂酶破坏/双缩脲试剂紫色/蛋白酶破坏、1)染色剂进入实验正常玉米粒不红vs煮熟红、2)色素透出色花瓣水不变红vs稀盐酸变红、3.同种生物精子和卵细胞才能结合）；脂质体情境（磷脂双分子层球状、膜融合或胞吞进入、1)运送药物②优势abcd：载药范围/给药途径/靶向/生物相容性、③抗体修饰提高靶向）；第2节细胞器知识图谱（核糖体/中心体/线粒体/叶绿体/内质网/高尔基体/溶酶体/液泡功能）、1.细胞器之间的分工（1)细胞质基质2)细胞骨架3)细胞器、细胞器表线粒体/叶绿体两行：双层膜/嵴或类囊体基粒/基质含少量DNA和RNA核糖体）均不见于稿。"
BIOLOGY,27,RETRANSCRIBE,47,23,"转写稿无page=27的行。p0027.jpg（书页37/38）内容整页缺失：细胞器表续6行（粗面内质网/光面内质网、高尔基体加工分类包装、核糖体无膜RNA+蛋白质、中心体、液泡细胞液糖/无机盐/色素/蛋白质4功能、溶酶体消化车间由核糖体合成）；归纳总结线粒体叶绿体相同点1-5（双层膜/少量DNA RNA核糖体/增大膜面积结构/能量转换/半自主）、2.植物细胞壁表（纤维素果胶/与高尔基体有关/酶解法/支持保护/全透性、不是植物细胞的边界）；2.协调配合（1.分泌蛋白概念实例消化酶抗体胰岛素、2.同位素标记法、3.过程①-⑦转运图及膜面积变化内质网减小高尔基体基本不变细胞膜增大、科学方法同位素14C35S3H32P放射性/15N18O稳定、①胞吐体现流动性、4.相关图解先后顺序与膜面积图3幅）、易混易错4条（有关细胞器/结构/具膜结构/具膜细胞器）、3.生物膜系统1)组成（细胞膜/细胞器膜/核膜）均不见于稿。"
BIOLOGY,28,RETRANSCRIBE,37,23,"转写稿无page=28的行。p0028.jpg（书页39/40）内容整页缺失：生物膜系统作用②（酶附着位点）③（分隔互不干扰、高效有序）、2.各生物膜联系图（组成结构均磷脂蛋白质、核膜-内质网直接联系/囊泡-高尔基体间接联系、功能联系分泌蛋白）、4.高倍镜观察叶绿体和细胞质流动（1.原理1)叶绿体绿色不需染色2)细胞质流动以叶绿体为标志、2.实验流程1)观察叶绿形态分布2)观察细胞质流动取材制片观察、黑藻/藓类材料）；温馨提示三最佳（叶绿体标志/近叶脉/视野较暗）、3.注意事项1)-7)（藓类叶薄仅一层叶肉/下表皮无叶绿体/保持有水/弱光正面强光侧面朝向光源/流速与代谢/温度/方向不同）、教材深挖细胞质流动意义、归纳总结叶绿体实际vs显微镜下方向对比图、1.细胞器的归类表（含核酸：线粒体叶绿体核糖体/含DNA/含色素：叶绿体液泡/动植物共有：核糖体内质网高尔基体线粒体/植物特有：叶绿体液泡/原核真核共有：核糖体/能量转换：线粒体叶绿体）均不见于稿。"
