source,subject,node_slug,slug,title,existing_materials,reason
dir_batch_000.csv#69,MATH,求解几何体外接球的半径的思路,cmp-mat-00069,共斜边的直角三角形模型：斜边中点即外接球球心,40,节点已有 40 条材料（≥4，新料不可见）——先清理该节点内的跑题材料再补，不硬塞
dir_batch_003.csv#284,MATH,求解几何体外接球的半径的思路,cmp-mat-00284,共斜边的直角三角形模型：斜边中点即外接球球心,40,节点已有 40 条材料（≥4，新料不可见）——先清理该节点内的跑题材料再补，不硬塞
dir_batch_003.csv#298,MATH,对命题条件探索的三种方法,cmp-mat-00298,探索性问题的条件探索三条路径与结论探索方法,12,节点已有 12 条材料（≥4，新料不可见）——先清理该节点内的跑题材料再补，不硬塞
dir_batch_004.csv#331,MATH,直线与平面所成角,cmp-mat-00331,直线与平面所成角的向量公式与符号处理,4,节点已有 4 条材料（≥4，新料不可见）——先清理该节点内的跑题材料再补，不硬塞
dir_batch_004.csv#332,MATH,二面角,cmp-mat-00332,二面角的两种向量求法与法向量符号判断,13,节点已有 13 条材料（≥4，新料不可见）——先清理该节点内的跑题材料再补，不硬塞
dir_batch_004.csv#388,MATH,函数的单调区间,cmp-mat-00388,单调区间的最简原则与端点开闭,4,节点已有 4 条材料（≥4，新料不可见）——先清理该节点内的跑题材料再补，不硬塞
dir_batch_005.csv#424,MATH,指数函数的常用技巧,cmp-mat-00424,指数函数的常用技巧：底数分类、图象与底数大小比较、倒数底数图象对称,7,节点已有 7 条材料（≥4，新料不可见）——先清理该节点内的跑题材料再补，不硬塞
dir_batch_005.csv#445,MATH,对数函数的图象与性质应用,cmp-mat-00445,对数型函数图象的识别步骤与数形结合应用,4,节点已有 4 条材料（≥4，新料不可见）——先清理该节点内的跑题材料再补，不硬塞
dir_batch_007.csv#612,PHYSICS,牛顿运动三定律的基本概念和规律,cmp-phy-00612,牛顿运动三定律的基本内容与相互关系,7,节点已有 7 条材料（≥4，新料不可见）——先清理该节点内的跑题材料再补，不硬塞
dir_batch_009.csv#760,PHYSICS,动量守恒定律的推导,cmp-phy-00760,动量守恒定律的推导,6,节点已有 6 条材料（≥4，新料不可见）——先清理该节点内的跑题材料再补，不硬塞
dir_batch_010.csv#874,PHYSICS,磁场,cmp-phy-00874,磁性、磁体与磁极的基础概念,7,节点已有 7 条材料（≥4，新料不可见）——先清理该节点内的跑题材料再补，不硬塞
dir_batch_011.csv#936,PHYSICS,常见传感器的特点,cmp-phy-00936,电容式传感器的原理与分析,7,节点已有 7 条材料（≥4，新料不可见）——先清理该节点内的跑题材料再补，不硬塞
dir_batch_012.csv#977,PHYSICS,单摆的受力特征,cmp-phy-00977,单摆摆球的两种运动与向心力、回复力的存在条件,7,节点已有 7 条材料（≥4，新料不可见）——先清理该节点内的跑题材料再补，不硬塞
dir_batch_012.csv#1027,PHYSICS,热力学第二定律,cmp-phy-01027,热力学过程方向性的四类典型实例,19,节点已有 19 条材料（≥4，新料不可见）——先清理该节点内的跑题材料再补，不硬塞
dir_batch_012.csv#1029,PHYSICS,能量守恒定律,cmp-phy-01029,能量守恒定律的意义与能量的公共量度作用,19,节点已有 19 条材料（≥4，新料不可见）——先清理该节点内的跑题材料再补，不硬塞
dir_batch_013.csv#1079,PHYSICS,近代物理学史-相关粒子的发现和实验,cmp-phy-01079,伦琴发现X射线,4,节点已有 4 条材料（≥4，新料不可见）——先清理该节点内的跑题材料再补，不硬塞
dir_batch_013.csv#1080,PHYSICS,近代物理学史-相关粒子的发现和实验,cmp-phy-01080,新粒子的发现（正电子、μ子、K介子与π介子、超子、W与Z玻色子）,4,节点已有 4 条材料（≥4，新料不可见）——先清理该节点内的跑题材料再补，不硬塞
dir_batch_014.csv#1163,PHYSICS,电表的改装,cmp-phy-01163,表头的工作原理、三个参数与满偏关系,8,节点已有 8 条材料（≥4，新料不可见）——先清理该节点内的跑题材料再补，不硬塞
dir_batch_015.csv#1236,PHYSICS,动量守恒定律的推导,cmp-phy-01236,由牛顿第二定律与牛顿第三定律推导动量守恒定律,6,节点已有 6 条材料（≥4，新料不可见）——先清理该节点内的跑题材料再补，不硬塞
dir_batch_016.csv#1352,PHYSICS,带电粒子在交变电场中的运动,cmp-phy-01352,交变电场中的分段分析与时间极短的匀强电场近似,7,节点已有 7 条材料（≥4，新料不可见）——先清理该节点内的跑题材料再补，不硬塞
dir_batch_018.csv#1444,PHYSICS,波动图象的特点,cmp-phy-01444,波动图象的三个判定要点：波形不变、步调关系与起振方向,10,节点已有 10 条材料（≥4，新料不可见）——先清理该节点内的跑题材料再补，不硬塞
dir_batch_018.csv#1453,PHYSICS,单摆,cmp-phy-01453,单摆的双重运动性质与两种受力,18,节点已有 18 条材料（≥4，新料不可见）——先清理该节点内的跑题材料再补，不硬塞
dir_batch_018.csv#1466,PHYSICS,机械能守恒定律,cmp-phy-01466,机械能的概念与三条性质,45,节点已有 45 条材料（≥4，新料不可见）——先清理该节点内的跑题材料再补，不硬塞
dir_batch_018.csv#1472,PHYSICS,对机械能守恒条件的理解,cmp-phy-01472,机械能守恒条件的三点辨误：做功与受力、合力功与合力,17,节点已有 17 条材料（≥4，新料不可见）——先清理该节点内的跑题材料再补，不硬塞
dir_batch_018.csv#1476,PHYSICS,合外力做功与动能的关系,cmp-phy-01476,合外力做功与动能变化的正负对应关系,10,节点已有 10 条材料（≥4，新料不可见）——先清理该节点内的跑题材料再补，不硬塞
dir_batch_018.csv#1485,PHYSICS,磁场的基本概念和性质,cmp-phy-01485,磁性、磁体、磁极与磁场的产生,15,节点已有 15 条材料（≥4，新料不可见）——先清理该节点内的跑题材料再补，不硬塞
dir_batch_018.csv#1519,PHYSICS,常见传感器的特点,cmp-phy-01519,电容式传感器的原理与被测量转换,7,节点已有 7 条材料（≥4，新料不可见）——先清理该节点内的跑题材料再补，不硬塞
dir_batch_019.csv#1530,PHYSICS,振荡电路过程中各物理量的变化,cmp-phy-01530,LC振荡充放电过程中各物理量的变化与变化周期,5,节点已有 5 条材料（≥4，新料不可见）——先清理该节点内的跑题材料再补，不硬塞
dir_batch_019.csv#1586,PHYSICS,能量守恒定律,cmp-phy-01586,能量守恒定律建立的意义,19,节点已有 19 条材料（≥4，新料不可见）——先清理该节点内的跑题材料再补，不硬塞
dir_batch_020.csv#1636,PHYSICS,近代物理学史-相关粒子的发现和实验,cmp-phy-01636,伦琴发现X射线,4,节点已有 4 条材料（≥4，新料不可见）——先清理该节点内的跑题材料再补，不硬塞
dir_batch_020.csv#1637,PHYSICS,近代物理学史-相关粒子的发现和实验,cmp-phy-01637,新粒子的发现历程（正电子、μ子、介子与W、Z玻色子）,4,节点已有 4 条材料（≥4，新料不可见）——先清理该节点内的跑题材料再补，不硬塞
dir_batch_021.csv#1714,CHEMISTRY,吸热反应和放热反应,cmp-che-01714,反应体系的内能及其影响因素,11,节点已有 11 条材料（≥4，新料不可见）——先清理该节点内的跑题材料再补，不硬塞
dir_batch_022.csv#1796,CHEMISTRY,制取cl2装置的创新,cmp-che-01796,点滴板微型实验的优点与氯气性质检验的现象判断,4,节点已有 4 条材料（≥4，新料不可见）——先清理该节点内的跑题材料再补，不硬塞
dir_batch_022.csv#1807,CHEMISTRY,fecl3溶液-fe-oh-3胶体-fe-oh-3浊液是三种重要的分散系,cmp-che-01807,溶液、胶体、浊液三种分散系的比较与鉴别,4,节点已有 4 条材料（≥4，新料不可见）——先清理该节点内的跑题材料再补，不硬塞
dir_batch_022.csv#1833,CHEMISTRY,n-的关系应用,cmp-che-01833,n 与 N、m、V、c 关系式的应用与标准状况判断,5,节点已有 5 条材料（≥4，新料不可见）——先清理该节点内的跑题材料再补，不硬塞
dir_batch_023.csv#1888,CHEMISTRY,判断弱酸的三种方法,cmp-che-01888,导电性对比实验判断弱电解质,9,节点已有 9 条材料（≥4，新料不可见）——先清理该节点内的跑题材料再补，不硬塞
dir_batch_023.csv#1905,CHEMISTRY,碱金属元素单质及其化合物有广泛用途,cmp-che-01905,碱金属用途背后的原理：锂电池电解液、氢化钾供氢剂与钠制钾,7,节点已有 7 条材料（≥4，新料不可见）——先清理该节点内的跑题材料再补，不硬塞
dir_batch_024.csv#1921,CHEMISTRY,金属钠与二氧化碳反应的实验步骤及现象如下表,cmp-che-01921,钠与二氧化碳反应的产物、检验与化学方程式,5,节点已有 5 条材料（≥4，新料不可见）——先清理该节点内的跑题材料再补，不硬塞
dir_batch_024.csv#1930,CHEMISTRY,外界条件对化学平衡的影响,cmp-che-01930,浓度与压强影响平衡的三个变色探究实验,10,节点已有 10 条材料（≥4，新料不可见）——先清理该节点内的跑题材料再补，不硬塞
dir_batch_024.csv#1932,CHEMISTRY,可逆反应的特点及应用,cmp-che-01932,可逆反应与可逆过程的区别及平衡浓度范围的极值确定法,9,节点已有 9 条材料（≥4，新料不可见）——先清理该节点内的跑题材料再补，不硬塞
dir_batch_024.csv#1940,CHEMISTRY,化学平衡移动方向和转化率的判断,cmp-che-01940,恒温恒容再充入气体后转化率与百分含量的变化,16,节点已有 16 条材料（≥4，新料不可见）——先清理该节点内的跑题材料再补，不硬塞
dir_batch_024.csv#1942,CHEMISTRY,化学平衡移动的分析方法,cmp-che-01942,恒温恒容与恒温恒压的等效思维模式,11,节点已有 11 条材料（≥4，新料不可见）——先清理该节点内的跑题材料再补，不硬塞
dir_batch_024.csv#1953,CHEMISTRY,原子结构中微粒的关系及计算,cmp-che-01953,同位素、同素异形体与同分异构体的辨析及同位素单质的归属,9,节点已有 9 条材料（≥4，新料不可见）——先清理该节点内的跑题材料再补，不硬塞
dir_batch_024.csv#1977,CHEMISTRY,可充电电池常考知识-10-点和易错知识-3-点,cmp-che-01977,充放电时电解质溶液离子浓度与酸碱性的变化,4,节点已有 4 条材料（≥4，新料不可见）——先清理该节点内的跑题材料再补，不硬塞
dir_batch_024.csv#1984,CHEMISTRY,水的电离平衡移动的影响因素,cmp-che-01984,弱酸酸式盐对水电离的影响判断,9,节点已有 9 条材料（≥4，新料不可见）——先清理该节点内的跑题材料再补，不硬塞
dir_batch_026.csv#2092,CHEMISTRY,铁的物理性质,cmp-che-02092,铁的颜色、状态与物理性质（含磁性）,11,节点已有 11 条材料（≥4，新料不可见）——先清理该节点内的跑题材料再补，不硬塞
dir_batch_026.csv#2105,CHEMISTRY,铁与水蒸气反应的注意事项,cmp-che-02105,铁与水蒸气反应实验的高温条件与氢气验纯,11,节点已有 11 条材料（≥4，新料不可见）——先清理该节点内的跑题材料再补，不硬塞
dir_batch_026.csv#2109,CHEMISTRY,铁的氢氧化物的稳定性,cmp-che-02109,氢氧化铁受热分解与铁的氢氧化物稳定性比较,5,节点已有 5 条材料（≥4，新料不可见）——先清理该节点内的跑题材料再补，不硬塞
dir_batch_027.csv#2160,CHEMISTRY,分子间作用力,cmp-che-02160,氢键的形成条件、表示方法与两类氢键,4,节点已有 4 条材料（≥4，新料不可见）——先清理该节点内的跑题材料再补，不硬塞
dir_batch_027.csv#2161,CHEMISTRY,键的极性和分子的极性,cmp-che-02161,键的极性与羧酸酸性的关系,10,节点已有 10 条材料（≥4，新料不可见）——先清理该节点内的跑题材料再补，不硬塞
dir_batch_027.csv#2177,CHEMISTRY,键参数及其应用,cmp-che-02177,共价键的形成条件与σ键、π键的判断方法,5,节点已有 5 条材料（≥4，新料不可见）——先清理该节点内的跑题材料再补，不硬塞
dir_batch_027.csv#2182,CHEMISTRY,v2o5常用作so2转化为so3的催化剂,cmp-che-02182,SO2与SO3的价层电子对数、空间构型与杂化类型,5,节点已有 5 条材料（≥4，新料不可见）——先清理该节点内的跑题材料再补，不硬塞
dir_batch_027.csv#2185,CHEMISTRY,配位键和配合物,cmp-che-02185,配位键稳定性的比较,10,节点已有 10 条材料（≥4，新料不可见）——先清理该节点内的跑题材料再补，不硬塞
dir_batch_028.csv#2257,CHEMISTRY,n2o-no和no2等氮氧化物是空气污染物-含有氮氧化物的尾气需处理后才能排放,cmp-che-02257,氮氧化物尾气处理中的N2O分解与氧化吸收,13,节点已有 13 条材料（≥4，新料不可见）——先清理该节点内的跑题材料再补，不硬塞
dir_batch_030.csv#2401,CHEMISTRY,熟记硅及其化合物的特殊性质,cmp-che-02401,硅及其化合物特殊性质的归纳,6,节点已有 6 条材料（≥4，新料不可见）——先清理该节点内的跑题材料再补，不硬塞
dir_batch_030.csv#2425,CHEMISTRY,铜及其化合物的性质,cmp-che-02425,铜及其化合物的易错性质与Cu2O鉴别,14,节点已有 14 条材料（≥4，新料不可见）——先清理该节点内的跑题材料再补，不硬塞
dir_batch_030.csv#2430,CHEMISTRY,铜及其化合物的易错点,cmp-che-02430,铜及其化合物易错判断的完整清单,8,节点已有 8 条材料（≥4，新料不可见）——先清理该节点内的跑题材料再补，不硬塞
dir_batch_030.csv#2474,CHEMISTRY,胶体的性质及应用,cmp-che-02474,胶体聚沉与蛋白质变性的变化类型辨析,22,节点已有 22 条材料（≥4，新料不可见）——先清理该节点内的跑题材料再补，不硬塞
dir_batch_030.csv#2475,CHEMISTRY,fe-oh-3胶体的制备,cmp-che-02475,书写Fe(OH)3胶体制备方程式的易错点与胶体遇电解质现象,19,节点已有 19 条材料（≥4，新料不可见）——先清理该节点内的跑题材料再补，不硬塞
dir_batch_031.csv#2503,CHEMISTRY,离子方程式,cmp-che-02503,离子方程式书写中特殊情形的处理规范,21,节点已有 21 条材料（≥4，新料不可见）——先清理该节点内的跑题材料再补，不硬塞
dir_batch_031.csv#2554,CHEMISTRY,氧化还原反应概念的-易错点,cmp-che-02554,氧化还原反应中同一物质与同种元素的多重角色辨析,13,节点已有 13 条材料（≥4，新料不可见）——先清理该节点内的跑题材料再补，不硬塞
dir_batch_032.csv#2592,CHEMISTRY,外界条件对化学平衡的影响,cmp-che-02592,浓度与压强影响平衡的三个变色探究实验,10,节点已有 10 条材料（≥4，新料不可见）——先清理该节点内的跑题材料再补，不硬塞
dir_batch_032.csv#2594,CHEMISTRY,可逆反应的特点及应用,cmp-che-02594,可逆反应与可逆过程的区别及平衡浓度范围的极值法,9,节点已有 9 条材料（≥4，新料不可见）——先清理该节点内的跑题材料再补，不硬塞
dir_batch_032.csv#2602,CHEMISTRY,化学平衡移动方向和转化率的判断,cmp-che-02602,单一气体反应物体系再充气后转化率与百分含量的变化,16,节点已有 16 条材料（≥4，新料不可见）——先清理该节点内的跑题材料再补，不硬塞
dir_batch_032.csv#2604,CHEMISTRY,化学平衡移动的分析方法,cmp-che-02604,恒温恒容与恒温恒压的等效思维模式,11,节点已有 11 条材料（≥4，新料不可见）——先清理该节点内的跑题材料再补，不硬塞
dir_batch_033.csv#2670,CHEMISTRY,碱金属元素单质及其化合物有广泛用途,cmp-che-02670,碱金属用途背后的原理：锂电池电解液、氢化钾供氢剂与钠制钾,7,节点已有 7 条材料（≥4，新料不可见）——先清理该节点内的跑题材料再补，不硬塞
dir_batch_033.csv#2686,CHEMISTRY,金属钠与二氧化碳反应的实验步骤及现象如下表,cmp-che-02686,钠与二氧化碳反应的产物与检验,5,节点已有 5 条材料（≥4，新料不可见）——先清理该节点内的跑题材料再补，不硬塞
dir_batch_034.csv#2785,CHEMISTRY,有机物的分类和官能团的识别,cmp-che-02785,芳香族化合物、芳香烃与苯的同系物的包含关系,9,节点已有 9 条材料（≥4，新料不可见）——先清理该节点内的跑题材料再补，不硬塞
dir_batch_036.csv#2887,CHEMISTRY,酯和油脂的结构和性质,cmp-che-02887,脂肪、油与矿物油的类别区分,5,节点已有 5 条材料（≥4，新料不可见）——先清理该节点内的跑题材料再补，不硬塞
dir_batch_036.csv#2891,CHEMISTRY,醇和酚的结构和性质易混易错点,cmp-che-02891,醇的氢键与脱水反应类型辨析,5,节点已有 5 条材料（≥4，新料不可见）——先清理该节点内的跑题材料再补，不硬塞
dir_batch_036.csv#2909,CHEMISTRY,蛋白质的结构与性质,cmp-che-02909,酶作为生物催化剂的特点与失活,5,节点已有 5 条材料（≥4，新料不可见）——先清理该节点内的跑题材料再补，不硬塞
dir_batch_037.csv#2969,CHEMISTRY,n-的关系应用,cmp-che-02969,以物质的量为中心的关系式及其适用条件,5,节点已有 5 条材料（≥4，新料不可见）——先清理该节点内的跑题材料再补，不硬塞
dir_batch_037.csv#2985,CHEMISTRY,误差分析的方法,cmp-che-02985,配制一定物质的量浓度溶液的误差分析思路,7,节点已有 7 条材料（≥4，新料不可见）——先清理该节点内的跑题材料再补，不硬塞
dir_batch_037.csv#2992,CHEMISTRY,忽视溶液中水的存在,cmp-che-02992,溶剂水对溶液微粒数目判断的影响,4,节点已有 4 条材料（≥4，新料不可见）——先清理该节点内的跑题材料再补，不硬塞
dir_batch_037.csv#3004,CHEMISTRY,原子结构与元素周期表的关系,cmp-che-03004,原子结构、周期表分区与族序数的对应关系,7,节点已有 7 条材料（≥4，新料不可见）——先清理该节点内的跑题材料再补，不硬塞
dir_batch_037.csv#3017,CHEMISTRY,元素周期表与原子结构的规律,cmp-che-03017,由核外电子排布推断主族、周期与离子位置的规律,9,节点已有 9 条材料（≥4，新料不可见）——先清理该节点内的跑题材料再补，不硬塞
dir_batch_037.csv#3033,CHEMISTRY,强电解质与弱电解质,cmp-che-03033,强电解质与弱电解质的电离方程式书写规则,8,节点已有 8 条材料（≥4，新料不可见）——先清理该节点内的跑题材料再补，不硬塞
dir_batch_038.csv#3054,CHEMISTRY,判断弱酸的三种方法,cmp-che-03054,导电性对比实验判断弱电解质,9,节点已有 9 条材料（≥4，新料不可见）——先清理该节点内的跑题材料再补，不硬塞
dir_batch_038.csv#3083,CHEMISTRY,混合溶液酸碱性的判断规律,cmp-che-03083,强酸与强碱恰好完全中和时体积与pH的定量关系,13,节点已有 13 条材料（≥4，新料不可见）——先清理该节点内的跑题材料再补，不硬塞
dir_batch_038.csv#3108,CHEMISTRY,溶液中微粒种类的判断,cmp-che-03108,溶液中微粒种类的判断方法,4,节点已有 4 条材料（≥4，新料不可见）——先清理该节点内的跑题材料再补，不硬塞
dir_batch_038.csv#3109,CHEMISTRY,离子浓度大小比较的方法,cmp-che-03109,不同溶液中同一离子浓度的比较方法,6,节点已有 6 条材料（≥4，新料不可见）——先清理该节点内的跑题材料再补，不硬塞
dir_batch_039.csv#3144,CHEMISTRY,吸热反应和放热反应,cmp-che-03144,反应体系的内能及其影响因素,11,节点已有 11 条材料（≥4，新料不可见）——先清理该节点内的跑题材料再补，不硬塞
dir_batch_040.csv#3200,CHEMISTRY,可充电电池常考知识-10-点和易错知识-3-点,cmp-che-03200,充放电时电解质溶液离子浓度与酸碱性的变化,4,节点已有 4 条材料（≥4，新料不可见）——先清理该节点内的跑题材料再补，不硬塞
dir_batch_040.csv#3258,CHEMISTRY,制取cl2装置的创新,cmp-che-03258,点滴板微型实验的优点与氯水性质检验的现象判断,4,节点已有 4 条材料（≥4，新料不可见）——先清理该节点内的跑题材料再补，不硬塞
dir_batch_041.csv#3314,CHEMISTRY,n2o-no和no2等氮氧化物是空气污染物-含有氮氧化物的尾气需处理后才能排放,cmp-che-03314,氮氧化物尾气的N2O分解与氧化性吸收剂强化脱硝,13,节点已有 13 条材料（≥4，新料不可见）——先清理该节点内的跑题材料再补，不硬塞
dir_batch_041.csv#3336,CHEMISTRY,熟记硅及其化合物的特殊性质,cmp-che-03336,硅及其化合物特殊性质的归纳,6,节点已有 6 条材料（≥4，新料不可见）——先清理该节点内的跑题材料再补，不硬塞
dir_batch_043.csv#3446,BIOLOGY,环境因素参与调节植物的生命活动,cmp-bio-03446,植物激素类易错辨析：实验结论、含量与激素分工,28,节点已有 28 条材料（≥4，新料不可见）——先清理该节点内的跑题材料再补，不硬塞
dir_batch_043.csv#3475,BIOLOGY,糖类和脂肪的转化,cmp-bio-03475,糖类与脂肪的供能数值比较及供能顺序,9,节点已有 9 条材料（≥4，新料不可见）——先清理该节点内的跑题材料再补，不硬塞
dir_batch_043.csv#3513,BIOLOGY,细胞呼吸的影响因素及应用,cmp-bio-03513,果蔬保鲜的适宜储藏条件,53,节点已有 53 条材料（≥4，新料不可见）——先清理该节点内的跑题材料再补，不硬塞
dir_batch_044.csv#3527,BIOLOGY,技巧-实验数据-与-9-3-3-1及其变式-间的转化方法,cmp-bio-03527,显性上位 12∶3∶1 的成因与测交后代比例,19,节点已有 19 条材料（≥4，新料不可见）——先清理该节点内的跑题材料再补，不硬塞
dir_batch_044.csv#3528,BIOLOGY,个体或配子致死问题的处理-规律方法,cmp-bio-03528,隐性纯合致死 3∶1 与单显性配子致死 3∶1∶3∶1,31,节点已有 31 条材料（≥4，新料不可见）——先清理该节点内的跑题材料再补，不硬塞
